{"$type":"KaVE.Commons.Model.Events.CompletionEvents.Context, KaVE.Commons","TypeShape":{"$type":"KaVE.Commons.Model.TypeShapes.TypeShape, KaVE.Commons","TypeHierarchy":{"$type":"KaVE.Commons.Model.TypeShapes.TypeHierarchy, KaVE.Commons","Element":"0T:ACATCleanup.Properties.Settings, ACATCleanup","Extends":{"$type":"KaVE.Commons.Model.TypeShapes.TypeHierarchy, KaVE.Commons","Element":"0T:System.Configuration.ApplicationSettingsBase, System, 4.0.0.0","Extends":{"$type":"KaVE.Commons.Model.TypeShapes.TypeHierarchy, KaVE.Commons","Element":"0T:System.Configuration.SettingsBase, System, 4.0.0.0","Implements":[]},"Implements":[{"$type":"KaVE.Commons.Model.TypeShapes.TypeHierarchy, KaVE.Commons","Element":"0T:i:System.ComponentModel.INotifyPropertyChanged, System, 4.0.0.0","Implements":[]}]},"Implements":[]},"NestedTypes":[],"Delegates":[],"EventHierarchies":[],"Fields":["0F:static [ACATCleanup.Properties.Settings, ACATCleanup] [ACATCleanup.Properties.Settings, ACATCleanup].defaultInstance"],"MethodHierarchies":[],"PropertyHierarchies":[{"$type":"KaVE.Commons.Model.TypeShapes.PropertyHierarchy, KaVE.Commons","Element":"0P:get static [ACATCleanup.Properties.Settings, ACATCleanup] [ACATCleanup.Properties.Settings, ACATCleanup].Default()"}]},"SST":{"$type":"[SST:SST]","EnclosingType":"0T:ACATCleanup.Properties.Settings, ACATCleanup","PartialClassIdentifier":"<ACATCleanup>\\Properties\\Settings.Designer.cs","Fields":[{"$type":"[SST:Declarations.FieldDeclaration]","Name":"0F:static [ACATCleanup.Properties.Settings, ACATCleanup] [ACATCleanup.Properties.Settings, ACATCleanup].defaultInstance"}],"Properties":[{"$type":"[SST:Declarations.PropertyDeclaration]","Name":"0P:get static [ACATCleanup.Properties.Settings, ACATCleanup] [ACATCleanup.Properties.Settings, ACATCleanup].Default()","Get":[{"$type":"[SST:Statements.ReturnStatement]","Expression":{"$type":"[SST:Expressions.Simple.ReferenceExpression]","Reference":{"$type":"[SST:References.FieldReference]","Reference":{"$type":"[SST:References.VariableReference]","Identifier":""},"FieldName":"0F:static [ACATCleanup.Properties.Settings, ACATCleanup] [ACATCleanup.Properties.Settings, ACATCleanup].defaultInstance"}},"IsVoid":false}],"Set":[]}],"Methods":[{"$type":"[SST:Declarations.MethodDeclaration]","Name":"0M:static [p:void] [ACATCleanup.Properties.Settings, ACATCleanup]..cinit()","IsEntryPoint":false,"Body":[{"$type":"[SST:Statements.VariableDeclaration]","Reference":{"$type":"[SST:References.VariableReference]","Identifier":"$0"},"Type":"0T:ACATCleanup.Properties.Settings, ACATCleanup"},{"$type":"[SST:Statements.Assignment]","Reference":{"$type":"[SST:References.VariableReference]","Identifier":"$0"},"Expression":{"$type":"[SST:Expressions.Assignable.InvocationExpression]","Reference":{"$type":"[SST:References.VariableReference]","Identifier":""},"MethodName":"0M:[p:void] [ACATCleanup.Properties.Settings, ACATCleanup]..ctor()","Parameters":[]}},{"$type":"[SST:Statements.VariableDeclaration]","Reference":{"$type":"[SST:References.VariableReference]","Identifier":"$1"},"Type":"0T:System.Configuration.SettingsBase, System, 4.0.0.0"},{"$type":"[SST:Statements.Assignment]","Reference":{"$type":"[SST:References.VariableReference]","Identifier":"$1"},"Expression":{"$type":"[SST:Expressions.Assignable.InvocationExpression]","Reference":{"$type":"[SST:References.VariableReference]","Identifier":""},"MethodName":"0M:static [System.Configuration.SettingsBase, System, 4.0.0.0] [System.Configuration.SettingsBase, System, 4.0.0.0].Synchronized([System.Configuration.SettingsBase, System, 4.0.0.0] settingsBase)","Parameters":[{"$type":"[SST:Expressions.Simple.ReferenceExpression]","Reference":{"$type":"[SST:References.VariableReference]","Identifier":"$0"}}]}},{"$type":"[SST:Statements.VariableDeclaration]","Reference":{"$type":"[SST:References.VariableReference]","Identifier":"$2"},"Type":"0T:System.Configuration.SettingsBase, System, 4.0.0.0"},{"$type":"[SST:Statements.Assignment]","Reference":{"$type":"[SST:References.VariableReference]","Identifier":"$2"},"Expression":{"$type":"[SST:Expressions.Assignable.ComposedExpression]","References":[{"$type":"[SST:References.VariableReference]","Identifier":"$1"}]}},{"$type":"[SST:Statements.VariableDeclaration]","Reference":{"$type":"[SST:References.VariableReference]","Identifier":"$3"},"Type":"0T:ACATCleanup.Properties.Settings, ACATCleanup"},{"$type":"[SST:Statements.Assignment]","Reference":{"$type":"[SST:References.VariableReference]","Identifier":"$3"},"Expression":{"$type":"[SST:Expressions.Assignable.CastExpression]","TargetType":"0T:ACATCleanup.Properties.Settings, ACATCleanup","Operator":0,"Reference":{"$type":"[SST:References.VariableReference]","Identifier":"$2"}}},{"$type":"[SST:Statements.Assignment]","Reference":{"$type":"[SST:References.FieldReference]","Reference":{"$type":"[SST:References.VariableReference]","Identifier":""},"FieldName":"0F:static [ACATCleanup.Properties.Settings, ACATCleanup] [ACATCleanup.Properties.Settings, ACATCleanup].defaultInstance"},"Expression":{"$type":"[SST:Expressions.Assignable.ComposedExpression]","References":[{"$type":"[SST:References.VariableReference]","Identifier":"$3"}]}}]}],"Events":[],"Delegates":[]}}