{"$type":"KaVE.Commons.Model.Events.CompletionEvents.Context, KaVE.Commons","TypeShape":{"$type":"KaVE.Commons.Model.TypeShapes.TypeShape, KaVE.Commons","TypeHierarchy":{"$type":"KaVE.Commons.Model.TypeShapes.TypeHierarchy, KaVE.Commons","Element":"0T:i:ACAT.Lib.Core.AgentManagement.TextInterface.ITextControlAgent, Core","Implements":[{"$type":"KaVE.Commons.Model.TypeShapes.TypeHierarchy, KaVE.Commons","Element":"0T:i:System.IDisposable, mscorlib, 4.0.0.0","Implements":[]}]},"NestedTypes":[],"Delegates":[],"EventHierarchies":[],"Fields":[],"MethodHierarchies":[{"$type":"KaVE.Commons.Model.TypeShapes.MethodHierarchy, KaVE.Commons","Element":"0M:[p:bool] [i:ACAT.Lib.Core.AgentManagement.TextInterface.ITextControlAgent, Core].CheckInsertOrReplaceWord(out [p:int] insertOrReplaceOffset, out [p:string] wordToReplace)"},{"$type":"KaVE.Commons.Model.TypeShapes.MethodHierarchy, KaVE.Commons","Element":"0M:[p:void] [i:ACAT.Lib.Core.AgentManagement.TextInterface.ITextControlAgent, Core].CheckWidgetEnabled([ACAT.Lib.Core.AgentManagement.CheckEnabledArgs, Core] arg)"},{"$type":"KaVE.Commons.Model.TypeShapes.MethodHierarchy, KaVE.Commons","Element":"0M:[p:void] [i:ACAT.Lib.Core.AgentManagement.TextInterface.ITextControlAgent, Core].ClearText()"},{"$type":"KaVE.Commons.Model.TypeShapes.MethodHierarchy, KaVE.Commons","Element":"0M:[p:bool] [i:ACAT.Lib.Core.AgentManagement.TextInterface.ITextControlAgent, Core].Copy()"},{"$type":"KaVE.Commons.Model.TypeShapes.MethodHierarchy, KaVE.Commons","Element":"0M:[p:bool] [i:ACAT.Lib.Core.AgentManagement.TextInterface.ITextControlAgent, Core].Cut()"},{"$type":"KaVE.Commons.Model.TypeShapes.MethodHierarchy, KaVE.Commons","Element":"0M:[p:void] [i:ACAT.Lib.Core.AgentManagement.TextInterface.ITextControlAgent, Core].Delete([p:int] offset, [p:int] count)"},{"$type":"KaVE.Commons.Model.TypeShapes.MethodHierarchy, KaVE.Commons","Element":"0M:[p:bool] [i:ACAT.Lib.Core.AgentManagement.TextInterface.ITextControlAgent, Core].EnableSmartPunctuations()"},{"$type":"KaVE.Commons.Model.TypeShapes.MethodHierarchy, KaVE.Commons","Element":"0M:[p:bool] [i:ACAT.Lib.Core.AgentManagement.TextInterface.ITextControlAgent, Core].ExpandAbbreviations()"},{"$type":"KaVE.Commons.Model.TypeShapes.MethodHierarchy, KaVE.Commons","Element":"0M:[p:int] [i:ACAT.Lib.Core.AgentManagement.TextInterface.ITextControlAgent, Core].GetCaretPos()"},{"$type":"KaVE.Commons.Model.TypeShapes.MethodHierarchy, KaVE.Commons","Element":"0M:[p:bool] [i:ACAT.Lib.Core.AgentManagement.TextInterface.ITextControlAgent, Core].GetCharAtCaret(out [p:char] value)"},{"$type":"KaVE.Commons.Model.TypeShapes.MethodHierarchy, KaVE.Commons","Element":"0M:[p:bool] [i:ACAT.Lib.Core.AgentManagement.TextInterface.ITextControlAgent, Core].GetCharLeftOfCaret(out [p:char] value)"},{"$type":"KaVE.Commons.Model.TypeShapes.MethodHierarchy, KaVE.Commons","Element":"0M:[p:void] [i:ACAT.Lib.Core.AgentManagement.TextInterface.ITextControlAgent, Core].GetParagraphAfterCaret(out [p:string] paragraph)"},{"$type":"KaVE.Commons.Model.TypeShapes.MethodHierarchy, KaVE.Commons","Element":"0M:[p:int] [i:ACAT.Lib.Core.AgentManagement.TextInterface.ITextControlAgent, Core].GetParagraphAtCaret(out [p:string] paragraph)"},{"$type":"KaVE.Commons.Model.TypeShapes.MethodHierarchy, KaVE.Commons","Element":"0M:[p:void] [i:ACAT.Lib.Core.AgentManagement.TextInterface.ITextControlAgent, Core].GetParagraphBeforeCaret(out [p:string] paragraph)"},{"$type":"KaVE.Commons.Model.TypeShapes.MethodHierarchy, KaVE.Commons","Element":"0M:[p:int] [i:ACAT.Lib.Core.AgentManagement.TextInterface.ITextControlAgent, Core].GetPrecedingCharacters([p:int] count, out [p:string] word)"},{"$type":"KaVE.Commons.Model.TypeShapes.MethodHierarchy, KaVE.Commons","Element":"0M:[p:void] [i:ACAT.Lib.Core.AgentManagement.TextInterface.ITextControlAgent, Core].GetPrecedingWhiteSpaces(out [p:int] offset, out [p:int] count)"},{"$type":"KaVE.Commons.Model.TypeShapes.MethodHierarchy, KaVE.Commons","Element":"0M:[p:void] [i:ACAT.Lib.Core.AgentManagement.TextInterface.ITextControlAgent, Core].GetPrefixAndWordAtCaret(out [p:string] prefix, out [p:string] word)"},{"$type":"KaVE.Commons.Model.TypeShapes.MethodHierarchy, KaVE.Commons","Element":"0M:[p:int] [i:ACAT.Lib.Core.AgentManagement.TextInterface.ITextControlAgent, Core].GetPreviousWordAtCaret(out [p:string] word)"},{"$type":"KaVE.Commons.Model.TypeShapes.MethodHierarchy, KaVE.Commons","Element":"0M:[p:bool] [i:ACAT.Lib.Core.AgentManagement.TextInterface.ITextControlAgent, Core].GetPrevWordOffset(out [p:int] offset, out [p:int] count)"},{"$type":"KaVE.Commons.Model.TypeShapes.MethodHierarchy, KaVE.Commons","Element":"0M:[p:string] [i:ACAT.Lib.Core.AgentManagement.TextInterface.ITextControlAgent, Core].GetSelectedText()"},{"$type":"KaVE.Commons.Model.TypeShapes.MethodHierarchy, KaVE.Commons","Element":"0M:[p:bool] [i:ACAT.Lib.Core.AgentManagement.TextInterface.ITextControlAgent, Core].GetSelectMode()"},{"$type":"KaVE.Commons.Model.TypeShapes.MethodHierarchy, KaVE.Commons","Element":"0M:[p:void] [i:ACAT.Lib.Core.AgentManagement.TextInterface.ITextControlAgent, Core].GetSentenceAfterCaret(out [p:string] sentence)"},{"$type":"KaVE.Commons.Model.TypeShapes.MethodHierarchy, KaVE.Commons","Element":"0M:[p:void] [i:ACAT.Lib.Core.AgentManagement.TextInterface.ITextControlAgent, Core].GetSentenceAtCaret(out [p:string] sentence)"},{"$type":"KaVE.Commons.Model.TypeShapes.MethodHierarchy, KaVE.Commons","Element":"0M:[p:void] [i:ACAT.Lib.Core.AgentManagement.TextInterface.ITextControlAgent, Core].GetSentenceBeforeCaret(out [p:string] sentence)"},{"$type":"KaVE.Commons.Model.TypeShapes.MethodHierarchy, KaVE.Commons","Element":"0M:[p:string] [i:ACAT.Lib.Core.AgentManagement.TextInterface.ITextControlAgent, Core].GetStringToCaret([p:int] startPos)"},{"$type":"KaVE.Commons.Model.TypeShapes.MethodHierarchy, KaVE.Commons","Element":"0M:[p:string] [i:ACAT.Lib.Core.AgentManagement.TextInterface.ITextControlAgent, Core].GetText()"},{"$type":"KaVE.Commons.Model.TypeShapes.MethodHierarchy, KaVE.Commons","Element":"0M:[p:void] [i:ACAT.Lib.Core.AgentManagement.TextInterface.ITextControlAgent, Core].GetWordAtCaret(out [p:string] word)"},{"$type":"KaVE.Commons.Model.TypeShapes.MethodHierarchy, KaVE.Commons","Element":"0M:[p:bool] [i:ACAT.Lib.Core.AgentManagement.TextInterface.ITextControlAgent, Core].Goto([e:ACAT.Lib.Core.AgentManagement.TextInterface.GoToItem, Core] gotoItem)"},{"$type":"KaVE.Commons.Model.TypeShapes.MethodHierarchy, KaVE.Commons","Element":"0M:[p:void] [i:ACAT.Lib.Core.AgentManagement.TextInterface.ITextControlAgent, Core].Insert([p:int] offset, [p:string] word)"},{"$type":"KaVE.Commons.Model.TypeShapes.MethodHierarchy, KaVE.Commons","Element":"0M:[p:bool] [i:ACAT.Lib.Core.AgentManagement.TextInterface.ITextControlAgent, Core].IsDisposed()"},{"$type":"KaVE.Commons.Model.TypeShapes.MethodHierarchy, KaVE.Commons","Element":"0M:[p:bool] [i:ACAT.Lib.Core.AgentManagement.TextInterface.ITextControlAgent, Core].IsPreviousWordAtCaretTheFirstWord()"},{"$type":"KaVE.Commons.Model.TypeShapes.MethodHierarchy, KaVE.Commons","Element":"0M:[p:bool] [i:ACAT.Lib.Core.AgentManagement.TextInterface.ITextControlAgent, Core].IsTextSelected()"},{"$type":"KaVE.Commons.Model.TypeShapes.MethodHierarchy, KaVE.Commons","Element":"0M:[p:void] [i:ACAT.Lib.Core.AgentManagement.TextInterface.ITextControlAgent, Core].OnKeyDown([System.Windows.Forms.KeyEventArgs, System.Windows.Forms, 4.0.0.0] keyEventArgs)"},{"$type":"KaVE.Commons.Model.TypeShapes.MethodHierarchy, KaVE.Commons","Element":"0M:[p:void] [i:ACAT.Lib.Core.AgentManagement.TextInterface.ITextControlAgent, Core].OnKeyUp([System.Windows.Forms.KeyEventArgs, System.Windows.Forms, 4.0.0.0] keyEventArgs)"},{"$type":"KaVE.Commons.Model.TypeShapes.MethodHierarchy, KaVE.Commons","Element":"0M:[p:void] [i:ACAT.Lib.Core.AgentManagement.TextInterface.ITextControlAgent, Core].OnMouseDown([System.Windows.Forms.MouseEventArgs, System.Windows.Forms, 4.0.0.0] mouseEventArgs)"},{"$type":"KaVE.Commons.Model.TypeShapes.MethodHierarchy, KaVE.Commons","Element":"0M:[p:bool] [i:ACAT.Lib.Core.AgentManagement.TextInterface.ITextControlAgent, Core].Paste()"},{"$type":"KaVE.Commons.Model.TypeShapes.MethodHierarchy, KaVE.Commons","Element":"0M:[p:void] [i:ACAT.Lib.Core.AgentManagement.TextInterface.ITextControlAgent, Core].Pause()"},{"$type":"KaVE.Commons.Model.TypeShapes.MethodHierarchy, KaVE.Commons","Element":"0M:[p:bool] [i:ACAT.Lib.Core.AgentManagement.TextInterface.ITextControlAgent, Core].Redo()"},{"$type":"KaVE.Commons.Model.TypeShapes.MethodHierarchy, KaVE.Commons","Element":"0M:[p:void] [i:ACAT.Lib.Core.AgentManagement.TextInterface.ITextControlAgent, Core].Replace([p:int] offset, [p:int] count, [p:string] word)"},{"$type":"KaVE.Commons.Model.TypeShapes.MethodHierarchy, KaVE.Commons","Element":"0M:[p:void] [i:ACAT.Lib.Core.AgentManagement.TextInterface.ITextControlAgent, Core].Resume()"},{"$type":"KaVE.Commons.Model.TypeShapes.MethodHierarchy, KaVE.Commons","Element":"0M:[p:bool] [i:ACAT.Lib.Core.AgentManagement.TextInterface.ITextControlAgent, Core].SelectAll()"},{"$type":"KaVE.Commons.Model.TypeShapes.MethodHierarchy, KaVE.Commons","Element":"0M:[p:bool] [i:ACAT.Lib.Core.AgentManagement.TextInterface.ITextControlAgent, Core].SelectNextParagraph()"},{"$type":"KaVE.Commons.Model.TypeShapes.MethodHierarchy, KaVE.Commons","Element":"0M:[p:bool] [i:ACAT.Lib.Core.AgentManagement.TextInterface.ITextControlAgent, Core].SelectNextSentence()"},{"$type":"KaVE.Commons.Model.TypeShapes.MethodHierarchy, KaVE.Commons","Element":"0M:[p:bool] [i:ACAT.Lib.Core.AgentManagement.TextInterface.ITextControlAgent, Core].SelectParagraphAtCaret()"},{"$type":"KaVE.Commons.Model.TypeShapes.MethodHierarchy, KaVE.Commons","Element":"0M:[p:bool] [i:ACAT.Lib.Core.AgentManagement.TextInterface.ITextControlAgent, Core].SelectPreviousParagraph()"},{"$type":"KaVE.Commons.Model.TypeShapes.MethodHierarchy, KaVE.Commons","Element":"0M:[p:bool] [i:ACAT.Lib.Core.AgentManagement.TextInterface.ITextControlAgent, Core].SelectPreviousSentence()"},{"$type":"KaVE.Commons.Model.TypeShapes.MethodHierarchy, KaVE.Commons","Element":"0M:[p:bool] [i:ACAT.Lib.Core.AgentManagement.TextInterface.ITextControlAgent, Core].SelectSentenceAtCaret()"},{"$type":"KaVE.Commons.Model.TypeShapes.MethodHierarchy, KaVE.Commons","Element":"0M:[p:bool] [i:ACAT.Lib.Core.AgentManagement.TextInterface.ITextControlAgent, Core].SetCaretPos([p:int] pos)"},{"$type":"KaVE.Commons.Model.TypeShapes.MethodHierarchy, KaVE.Commons","Element":"0M:[p:bool] [i:ACAT.Lib.Core.AgentManagement.TextInterface.ITextControlAgent, Core].SetFocus()"},{"$type":"KaVE.Commons.Model.TypeShapes.MethodHierarchy, KaVE.Commons","Element":"0M:[p:void] [i:ACAT.Lib.Core.AgentManagement.TextInterface.ITextControlAgent, Core].SetSelectMode([p:bool] selectMode)"},{"$type":"KaVE.Commons.Model.TypeShapes.MethodHierarchy, KaVE.Commons","Element":"0M:[p:bool] [i:ACAT.Lib.Core.AgentManagement.TextInterface.ITextControlAgent, Core].SupportsSpellCheck()"},{"$type":"KaVE.Commons.Model.TypeShapes.MethodHierarchy, KaVE.Commons","Element":"0M:[p:bool] [i:ACAT.Lib.Core.AgentManagement.TextInterface.ITextControlAgent, Core].Undo()"},{"$type":"KaVE.Commons.Model.TypeShapes.MethodHierarchy, KaVE.Commons","Element":"0M:[p:void] [i:ACAT.Lib.Core.AgentManagement.TextInterface.ITextControlAgent, Core].UnselectText()"}],"PropertyHierarchies":[{"$type":"KaVE.Commons.Model.TypeShapes.PropertyHierarchy, KaVE.Commons","Element":"0P:get [i:ACAT.Lib.Core.AgentManagement.IKeyboard, Core] [i:ACAT.Lib.Core.AgentManagement.TextInterface.ITextControlAgent, Core].Keyboard()"}]},"SST":{"$type":"[SST:SST]","EnclosingType":"0T:i:ACAT.Lib.Core.AgentManagement.TextInterface.ITextControlAgent, Core","Fields":[],"Properties":[{"$type":"[SST:Declarations.PropertyDeclaration]","Name":"0P:get [i:ACAT.Lib.Core.AgentManagement.IKeyboard, Core] [i:ACAT.Lib.Core.AgentManagement.TextInterface.ITextControlAgent, Core].Keyboard()","Get":[],"Set":[]}],"Methods":[{"$type":"[SST:Declarations.MethodDeclaration]","Name":"0M:[p:bool] [i:ACAT.Lib.Core.AgentManagement.TextInterface.ITextControlAgent, Core].CheckInsertOrReplaceWord(out [p:int] insertOrReplaceOffset, out [p:string] wordToReplace)","IsEntryPoint":false,"Body":[]},{"$type":"[SST:Declarations.MethodDeclaration]","Name":"0M:[p:void] [i:ACAT.Lib.Core.AgentManagement.TextInterface.ITextControlAgent, Core].CheckWidgetEnabled([ACAT.Lib.Core.AgentManagement.CheckEnabledArgs, Core] arg)","IsEntryPoint":false,"Body":[]},{"$type":"[SST:Declarations.MethodDeclaration]","Name":"0M:[p:void] [i:ACAT.Lib.Core.AgentManagement.TextInterface.ITextControlAgent, Core].ClearText()","IsEntryPoint":false,"Body":[]},{"$type":"[SST:Declarations.MethodDeclaration]","Name":"0M:[p:bool] [i:ACAT.Lib.Core.AgentManagement.TextInterface.ITextControlAgent, Core].Copy()","IsEntryPoint":false,"Body":[]},{"$type":"[SST:Declarations.MethodDeclaration]","Name":"0M:[p:bool] [i:ACAT.Lib.Core.AgentManagement.TextInterface.ITextControlAgent, Core].Cut()","IsEntryPoint":false,"Body":[]},{"$type":"[SST:Declarations.MethodDeclaration]","Name":"0M:[p:void] [i:ACAT.Lib.Core.AgentManagement.TextInterface.ITextControlAgent, Core].Delete([p:int] offset, [p:int] count)","IsEntryPoint":false,"Body":[]},{"$type":"[SST:Declarations.MethodDeclaration]","Name":"0M:[p:bool] [i:ACAT.Lib.Core.AgentManagement.TextInterface.ITextControlAgent, Core].EnableSmartPunctuations()","IsEntryPoint":false,"Body":[]},{"$type":"[SST:Declarations.MethodDeclaration]","Name":"0M:[p:bool] [i:ACAT.Lib.Core.AgentManagement.TextInterface.ITextControlAgent, Core].ExpandAbbreviations()","IsEntryPoint":false,"Body":[]},{"$type":"[SST:Declarations.MethodDeclaration]","Name":"0M:[p:int] [i:ACAT.Lib.Core.AgentManagement.TextInterface.ITextControlAgent, Core].GetCaretPos()","IsEntryPoint":false,"Body":[]},{"$type":"[SST:Declarations.MethodDeclaration]","Name":"0M:[p:bool] [i:ACAT.Lib.Core.AgentManagement.TextInterface.ITextControlAgent, Core].GetCharAtCaret(out [p:char] value)","IsEntryPoint":false,"Body":[]},{"$type":"[SST:Declarations.MethodDeclaration]","Name":"0M:[p:bool] [i:ACAT.Lib.Core.AgentManagement.TextInterface.ITextControlAgent, Core].GetCharLeftOfCaret(out [p:char] value)","IsEntryPoint":false,"Body":[]},{"$type":"[SST:Declarations.MethodDeclaration]","Name":"0M:[p:void] [i:ACAT.Lib.Core.AgentManagement.TextInterface.ITextControlAgent, Core].GetParagraphAfterCaret(out [p:string] paragraph)","IsEntryPoint":false,"Body":[]},{"$type":"[SST:Declarations.MethodDeclaration]","Name":"0M:[p:int] [i:ACAT.Lib.Core.AgentManagement.TextInterface.ITextControlAgent, Core].GetParagraphAtCaret(out [p:string] paragraph)","IsEntryPoint":false,"Body":[]},{"$type":"[SST:Declarations.MethodDeclaration]","Name":"0M:[p:void] [i:ACAT.Lib.Core.AgentManagement.TextInterface.ITextControlAgent, Core].GetParagraphBeforeCaret(out [p:string] paragraph)","IsEntryPoint":false,"Body":[]},{"$type":"[SST:Declarations.MethodDeclaration]","Name":"0M:[p:int] [i:ACAT.Lib.Core.AgentManagement.TextInterface.ITextControlAgent, Core].GetPrecedingCharacters([p:int] count, out [p:string] word)","IsEntryPoint":false,"Body":[]},{"$type":"[SST:Declarations.MethodDeclaration]","Name":"0M:[p:void] [i:ACAT.Lib.Core.AgentManagement.TextInterface.ITextControlAgent, Core].GetPrecedingWhiteSpaces(out [p:int] offset, out [p:int] count)","IsEntryPoint":false,"Body":[]},{"$type":"[SST:Declarations.MethodDeclaration]","Name":"0M:[p:void] [i:ACAT.Lib.Core.AgentManagement.TextInterface.ITextControlAgent, Core].GetPrefixAndWordAtCaret(out [p:string] prefix, out [p:string] word)","IsEntryPoint":false,"Body":[]},{"$type":"[SST:Declarations.MethodDeclaration]","Name":"0M:[p:int] [i:ACAT.Lib.Core.AgentManagement.TextInterface.ITextControlAgent, Core].GetPreviousWordAtCaret(out [p:string] word)","IsEntryPoint":false,"Body":[]},{"$type":"[SST:Declarations.MethodDeclaration]","Name":"0M:[p:bool] [i:ACAT.Lib.Core.AgentManagement.TextInterface.ITextControlAgent, Core].GetPrevWordOffset(out [p:int] offset, out [p:int] count)","IsEntryPoint":false,"Body":[]},{"$type":"[SST:Declarations.MethodDeclaration]","Name":"0M:[p:string] [i:ACAT.Lib.Core.AgentManagement.TextInterface.ITextControlAgent, Core].GetSelectedText()","IsEntryPoint":false,"Body":[]},{"$type":"[SST:Declarations.MethodDeclaration]","Name":"0M:[p:bool] [i:ACAT.Lib.Core.AgentManagement.TextInterface.ITextControlAgent, Core].GetSelectMode()","IsEntryPoint":false,"Body":[]},{"$type":"[SST:Declarations.MethodDeclaration]","Name":"0M:[p:void] [i:ACAT.Lib.Core.AgentManagement.TextInterface.ITextControlAgent, Core].GetSentenceAfterCaret(out [p:string] sentence)","IsEntryPoint":false,"Body":[]},{"$type":"[SST:Declarations.MethodDeclaration]","Name":"0M:[p:void] [i:ACAT.Lib.Core.AgentManagement.TextInterface.ITextControlAgent, Core].GetSentenceAtCaret(out [p:string] sentence)","IsEntryPoint":false,"Body":[]},{"$type":"[SST:Declarations.MethodDeclaration]","Name":"0M:[p:void] [i:ACAT.Lib.Core.AgentManagement.TextInterface.ITextControlAgent, Core].GetSentenceBeforeCaret(out [p:string] sentence)","IsEntryPoint":false,"Body":[]},{"$type":"[SST:Declarations.MethodDeclaration]","Name":"0M:[p:string] [i:ACAT.Lib.Core.AgentManagement.TextInterface.ITextControlAgent, Core].GetStringToCaret([p:int] startPos)","IsEntryPoint":false,"Body":[]},{"$type":"[SST:Declarations.MethodDeclaration]","Name":"0M:[p:string] [i:ACAT.Lib.Core.AgentManagement.TextInterface.ITextControlAgent, Core].GetText()","IsEntryPoint":false,"Body":[]},{"$type":"[SST:Declarations.MethodDeclaration]","Name":"0M:[p:void] [i:ACAT.Lib.Core.AgentManagement.TextInterface.ITextControlAgent, Core].GetWordAtCaret(out [p:string] word)","IsEntryPoint":false,"Body":[]},{"$type":"[SST:Declarations.MethodDeclaration]","Name":"0M:[p:bool] [i:ACAT.Lib.Core.AgentManagement.TextInterface.ITextControlAgent, Core].Goto([e:ACAT.Lib.Core.AgentManagement.TextInterface.GoToItem, Core] gotoItem)","IsEntryPoint":false,"Body":[]},{"$type":"[SST:Declarations.MethodDeclaration]","Name":"0M:[p:void] [i:ACAT.Lib.Core.AgentManagement.TextInterface.ITextControlAgent, Core].Insert([p:int] offset, [p:string] word)","IsEntryPoint":false,"Body":[]},{"$type":"[SST:Declarations.MethodDeclaration]","Name":"0M:[p:bool] [i:ACAT.Lib.Core.AgentManagement.TextInterface.ITextControlAgent, Core].IsDisposed()","IsEntryPoint":false,"Body":[]},{"$type":"[SST:Declarations.MethodDeclaration]","Name":"0M:[p:bool] [i:ACAT.Lib.Core.AgentManagement.TextInterface.ITextControlAgent, Core].IsPreviousWordAtCaretTheFirstWord()","IsEntryPoint":false,"Body":[]},{"$type":"[SST:Declarations.MethodDeclaration]","Name":"0M:[p:bool] [i:ACAT.Lib.Core.AgentManagement.TextInterface.ITextControlAgent, Core].IsTextSelected()","IsEntryPoint":false,"Body":[]},{"$type":"[SST:Declarations.MethodDeclaration]","Name":"0M:[p:void] [i:ACAT.Lib.Core.AgentManagement.TextInterface.ITextControlAgent, Core].OnKeyDown([System.Windows.Forms.KeyEventArgs, System.Windows.Forms, 4.0.0.0] keyEventArgs)","IsEntryPoint":false,"Body":[]},{"$type":"[SST:Declarations.MethodDeclaration]","Name":"0M:[p:void] [i:ACAT.Lib.Core.AgentManagement.TextInterface.ITextControlAgent, Core].OnKeyUp([System.Windows.Forms.KeyEventArgs, System.Windows.Forms, 4.0.0.0] keyEventArgs)","IsEntryPoint":false,"Body":[]},{"$type":"[SST:Declarations.MethodDeclaration]","Name":"0M:[p:void] [i:ACAT.Lib.Core.AgentManagement.TextInterface.ITextControlAgent, Core].OnMouseDown([System.Windows.Forms.MouseEventArgs, System.Windows.Forms, 4.0.0.0] mouseEventArgs)","IsEntryPoint":false,"Body":[]},{"$type":"[SST:Declarations.MethodDeclaration]","Name":"0M:[p:bool] [i:ACAT.Lib.Core.AgentManagement.TextInterface.ITextControlAgent, Core].Paste()","IsEntryPoint":false,"Body":[]},{"$type":"[SST:Declarations.MethodDeclaration]","Name":"0M:[p:void] [i:ACAT.Lib.Core.AgentManagement.TextInterface.ITextControlAgent, Core].Pause()","IsEntryPoint":false,"Body":[]},{"$type":"[SST:Declarations.MethodDeclaration]","Name":"0M:[p:bool] [i:ACAT.Lib.Core.AgentManagement.TextInterface.ITextControlAgent, Core].Redo()","IsEntryPoint":false,"Body":[]},{"$type":"[SST:Declarations.MethodDeclaration]","Name":"0M:[p:void] [i:ACAT.Lib.Core.AgentManagement.TextInterface.ITextControlAgent, Core].Replace([p:int] offset, [p:int] count, [p:string] word)","IsEntryPoint":false,"Body":[]},{"$type":"[SST:Declarations.MethodDeclaration]","Name":"0M:[p:void] [i:ACAT.Lib.Core.AgentManagement.TextInterface.ITextControlAgent, Core].Resume()","IsEntryPoint":false,"Body":[]},{"$type":"[SST:Declarations.MethodDeclaration]","Name":"0M:[p:bool] [i:ACAT.Lib.Core.AgentManagement.TextInterface.ITextControlAgent, Core].SelectAll()","IsEntryPoint":false,"Body":[]},{"$type":"[SST:Declarations.MethodDeclaration]","Name":"0M:[p:bool] [i:ACAT.Lib.Core.AgentManagement.TextInterface.ITextControlAgent, Core].SelectNextParagraph()","IsEntryPoint":false,"Body":[]},{"$type":"[SST:Declarations.MethodDeclaration]","Name":"0M:[p:bool] [i:ACAT.Lib.Core.AgentManagement.TextInterface.ITextControlAgent, Core].SelectNextSentence()","IsEntryPoint":false,"Body":[]},{"$type":"[SST:Declarations.MethodDeclaration]","Name":"0M:[p:bool] [i:ACAT.Lib.Core.AgentManagement.TextInterface.ITextControlAgent, Core].SelectParagraphAtCaret()","IsEntryPoint":false,"Body":[]},{"$type":"[SST:Declarations.MethodDeclaration]","Name":"0M:[p:bool] [i:ACAT.Lib.Core.AgentManagement.TextInterface.ITextControlAgent, Core].SelectPreviousParagraph()","IsEntryPoint":false,"Body":[]},{"$type":"[SST:Declarations.MethodDeclaration]","Name":"0M:[p:bool] [i:ACAT.Lib.Core.AgentManagement.TextInterface.ITextControlAgent, Core].SelectPreviousSentence()","IsEntryPoint":false,"Body":[]},{"$type":"[SST:Declarations.MethodDeclaration]","Name":"0M:[p:bool] [i:ACAT.Lib.Core.AgentManagement.TextInterface.ITextControlAgent, Core].SelectSentenceAtCaret()","IsEntryPoint":false,"Body":[]},{"$type":"[SST:Declarations.MethodDeclaration]","Name":"0M:[p:bool] [i:ACAT.Lib.Core.AgentManagement.TextInterface.ITextControlAgent, Core].SetCaretPos([p:int] pos)","IsEntryPoint":false,"Body":[]},{"$type":"[SST:Declarations.MethodDeclaration]","Name":"0M:[p:bool] [i:ACAT.Lib.Core.AgentManagement.TextInterface.ITextControlAgent, Core].SetFocus()","IsEntryPoint":false,"Body":[]},{"$type":"[SST:Declarations.MethodDeclaration]","Name":"0M:[p:void] [i:ACAT.Lib.Core.AgentManagement.TextInterface.ITextControlAgent, Core].SetSelectMode([p:bool] selectMode)","IsEntryPoint":false,"Body":[]},{"$type":"[SST:Declarations.MethodDeclaration]","Name":"0M:[p:bool] [i:ACAT.Lib.Core.AgentManagement.TextInterface.ITextControlAgent, Core].SupportsSpellCheck()","IsEntryPoint":false,"Body":[]},{"$type":"[SST:Declarations.MethodDeclaration]","Name":"0M:[p:bool] [i:ACAT.Lib.Core.AgentManagement.TextInterface.ITextControlAgent, Core].Undo()","IsEntryPoint":false,"Body":[]},{"$type":"[SST:Declarations.MethodDeclaration]","Name":"0M:[p:void] [i:ACAT.Lib.Core.AgentManagement.TextInterface.ITextControlAgent, Core].UnselectText()","IsEntryPoint":false,"Body":[]}],"Events":[],"Delegates":[]}}