{"$type":"KaVE.Commons.Model.Events.CompletionEvents.Context, KaVE.Commons","TypeShape":{"$type":"KaVE.Commons.Model.TypeShapes.TypeShape, KaVE.Commons","TypeHierarchy":{"$type":"KaVE.Commons.Model.TypeShapes.TypeHierarchy, KaVE.Commons","Element":"0T:ACAT.Lib.Core.AgentManagement.TextInterface.EditTextControlAgent, Core","Extends":{"$type":"KaVE.Commons.Model.TypeShapes.TypeHierarchy, KaVE.Commons","Element":"0T:ACAT.Lib.Core.AgentManagement.TextInterface.TextControlAgentBase, Core","Implements":[{"$type":"KaVE.Commons.Model.TypeShapes.TypeHierarchy, KaVE.Commons","Element":"0T:i:ACAT.Lib.Core.AgentManagement.TextInterface.ITextControlAgent, Core","Implements":[{"$type":"KaVE.Commons.Model.TypeShapes.TypeHierarchy, KaVE.Commons","Element":"0T:i:System.IDisposable, mscorlib, 4.0.0.0","Implements":[]}]}]},"Implements":[]},"NestedTypes":[],"Delegates":[],"EventHierarchies":[],"Fields":["0F:[s:System.IntPtr, mscorlib, 4.0.0.0] [ACAT.Lib.Core.AgentManagement.TextInterface.EditTextControlAgent, Core]._handle","0F:[System.Windows.Automation.AutomationElement, UIAutomationClient, 4.0.0.0] [ACAT.Lib.Core.AgentManagement.TextInterface.EditTextControlAgent, Core]._textElement","0F:[s:System.IntPtr, mscorlib, 4.0.0.0] [ACAT.Lib.Core.AgentManagement.TextInterface.EditTextControlAgent, Core]._handleTextWindow"],"MethodHierarchies":[{"$type":"KaVE.Commons.Model.TypeShapes.MethodHierarchy, KaVE.Commons","Element":"0M:[p:void] [ACAT.Lib.Core.AgentManagement.TextInterface.EditTextControlAgent, Core]..ctor([s:System.IntPtr, mscorlib, 4.0.0.0] handle, [System.Windows.Automation.AutomationElement, UIAutomationClient, 4.0.0.0] editControlElement, ref [p:bool] handled)"},{"$type":"KaVE.Commons.Model.TypeShapes.MethodHierarchy, KaVE.Commons","Element":"0M:[p:void] [ACAT.Lib.Core.AgentManagement.TextInterface.EditTextControlAgent, Core].ClearText()","Super":"0M:[p:void] [ACAT.Lib.Core.AgentManagement.TextInterface.TextControlAgentBase, Core].ClearText()","First":"0M:[p:void] [i:ACAT.Lib.Core.AgentManagement.TextInterface.ITextControlAgent, Core].ClearText()"},{"$type":"KaVE.Commons.Model.TypeShapes.MethodHierarchy, KaVE.Commons","Element":"0M:[p:bool] [ACAT.Lib.Core.AgentManagement.TextInterface.EditTextControlAgent, Core].EnableSmartPunctuations()","Super":"0M:[p:bool] [ACAT.Lib.Core.AgentManagement.TextInterface.TextControlAgentBase, Core].EnableSmartPunctuations()","First":"0M:[p:bool] [i:ACAT.Lib.Core.AgentManagement.TextInterface.ITextControlAgent, Core].EnableSmartPunctuations()"},{"$type":"KaVE.Commons.Model.TypeShapes.MethodHierarchy, KaVE.Commons","Element":"0M:[p:bool] [ACAT.Lib.Core.AgentManagement.TextInterface.EditTextControlAgent, Core].ExpandAbbreviations()","Super":"0M:[p:bool] [ACAT.Lib.Core.AgentManagement.TextInterface.TextControlAgentBase, Core].ExpandAbbreviations()","First":"0M:[p:bool] [i:ACAT.Lib.Core.AgentManagement.TextInterface.ITextControlAgent, Core].ExpandAbbreviations()"},{"$type":"KaVE.Commons.Model.TypeShapes.MethodHierarchy, KaVE.Commons","Element":"0M:[p:int] [ACAT.Lib.Core.AgentManagement.TextInterface.EditTextControlAgent, Core].GetCaretPos()","Super":"0M:[p:int] [ACAT.Lib.Core.AgentManagement.TextInterface.TextControlAgentBase, Core].GetCaretPos()","First":"0M:[p:int] [i:ACAT.Lib.Core.AgentManagement.TextInterface.ITextControlAgent, Core].GetCaretPos()"},{"$type":"KaVE.Commons.Model.TypeShapes.MethodHierarchy, KaVE.Commons","Element":"0M:[p:string] [ACAT.Lib.Core.AgentManagement.TextInterface.EditTextControlAgent, Core].GetSelectedText()","Super":"0M:[p:string] [ACAT.Lib.Core.AgentManagement.TextInterface.TextControlAgentBase, Core].GetSelectedText()","First":"0M:[p:string] [i:ACAT.Lib.Core.AgentManagement.TextInterface.ITextControlAgent, Core].GetSelectedText()"},{"$type":"KaVE.Commons.Model.TypeShapes.MethodHierarchy, KaVE.Commons","Element":"0M:[p:string] [ACAT.Lib.Core.AgentManagement.TextInterface.EditTextControlAgent, Core].GetText()","Super":"0M:[p:string] [ACAT.Lib.Core.AgentManagement.TextInterface.TextControlAgentBase, Core].GetText()","First":"0M:[p:string] [i:ACAT.Lib.Core.AgentManagement.TextInterface.ITextControlAgent, Core].GetText()"},{"$type":"KaVE.Commons.Model.TypeShapes.MethodHierarchy, KaVE.Commons","Element":"0M:[p:bool] [ACAT.Lib.Core.AgentManagement.TextInterface.EditTextControlAgent, Core].IsTextSelected()","Super":"0M:[p:bool] [ACAT.Lib.Core.AgentManagement.TextInterface.TextControlAgentBase, Core].IsTextSelected()","First":"0M:[p:bool] [i:ACAT.Lib.Core.AgentManagement.TextInterface.ITextControlAgent, Core].IsTextSelected()"},{"$type":"KaVE.Commons.Model.TypeShapes.MethodHierarchy, KaVE.Commons","Element":"0M:[p:void] [ACAT.Lib.Core.AgentManagement.TextInterface.EditTextControlAgent, Core].OnKeyUp([System.Windows.Forms.KeyEventArgs, System.Windows.Forms, 4.0.0.0] keyEventArgs)","Super":"0M:[p:void] [ACAT.Lib.Core.AgentManagement.TextInterface.TextControlAgentBase, Core].OnKeyUp([System.Windows.Forms.KeyEventArgs, System.Windows.Forms, 4.0.0.0] keyEventArgs)","First":"0M:[p:void] [i:ACAT.Lib.Core.AgentManagement.TextInterface.ITextControlAgent, Core].OnKeyUp([System.Windows.Forms.KeyEventArgs, System.Windows.Forms, 4.0.0.0] keyEventArgs)"},{"$type":"KaVE.Commons.Model.TypeShapes.MethodHierarchy, KaVE.Commons","Element":"0M:[p:bool] [ACAT.Lib.Core.AgentManagement.TextInterface.EditTextControlAgent, Core].SetCaretPos([p:int] pos)","Super":"0M:[p:bool] [ACAT.Lib.Core.AgentManagement.TextInterface.TextControlAgentBase, Core].SetCaretPos([p:int] pos)","First":"0M:[p:bool] [i:ACAT.Lib.Core.AgentManagement.TextInterface.ITextControlAgent, Core].SetCaretPos([p:int] pos)"},{"$type":"KaVE.Commons.Model.TypeShapes.MethodHierarchy, KaVE.Commons","Element":"0M:[p:bool] [ACAT.Lib.Core.AgentManagement.TextInterface.EditTextControlAgent, Core].SetFocus()","Super":"0M:[p:bool] [ACAT.Lib.Core.AgentManagement.TextInterface.TextControlAgentBase, Core].SetFocus()","First":"0M:[p:bool] [i:ACAT.Lib.Core.AgentManagement.TextInterface.ITextControlAgent, Core].SetFocus()"},{"$type":"KaVE.Commons.Model.TypeShapes.MethodHierarchy, KaVE.Commons","Element":"0M:[p:bool] [ACAT.Lib.Core.AgentManagement.TextInterface.EditTextControlAgent, Core].SupportsSpellCheck()","Super":"0M:[p:bool] [ACAT.Lib.Core.AgentManagement.TextInterface.TextControlAgentBase, Core].SupportsSpellCheck()","First":"0M:[p:bool] [i:ACAT.Lib.Core.AgentManagement.TextInterface.ITextControlAgent, Core].SupportsSpellCheck()"},{"$type":"KaVE.Commons.Model.TypeShapes.MethodHierarchy, KaVE.Commons","Element":"0M:[p:void] [ACAT.Lib.Core.AgentManagement.TextInterface.EditTextControlAgent, Core].UnselectText()","Super":"0M:[p:void] [ACAT.Lib.Core.AgentManagement.TextInterface.TextControlAgentBase, Core].UnselectText()","First":"0M:[p:void] [i:ACAT.Lib.Core.AgentManagement.TextInterface.ITextControlAgent, Core].UnselectText()"},{"$type":"KaVE.Commons.Model.TypeShapes.MethodHierarchy, KaVE.Commons","Element":"0M:[p:void] [ACAT.Lib.Core.AgentManagement.TextInterface.EditTextControlAgent, Core].OnDispose()","Super":"0M:[p:void] [ACAT.Lib.Core.AgentManagement.TextInterface.TextControlAgentBase, Core].OnDispose()"},{"$type":"KaVE.Commons.Model.TypeShapes.MethodHierarchy, KaVE.Commons","Element":"0M:[p:void] [ACAT.Lib.Core.AgentManagement.TextInterface.EditTextControlAgent, Core].onTextChanged([p:object] sender, [System.Windows.Automation.AutomationEventArgs, UIAutomationTypes, 4.0.0.0] e)"},{"$type":"KaVE.Commons.Model.TypeShapes.MethodHierarchy, KaVE.Commons","Element":"0M:[p:bool] [ACAT.Lib.Core.AgentManagement.TextInterface.EditTextControlAgent, Core].trackTextChanges([s:System.IntPtr, mscorlib, 4.0.0.0] handleMainWindow, [System.Windows.Automation.AutomationElement, UIAutomationClient, 4.0.0.0] textElement)"}],"PropertyHierarchies":[]},"SST":{"$type":"[SST:SST]","EnclosingType":"0T:ACAT.Lib.Core.AgentManagement.TextInterface.EditTextControlAgent, Core","Fields":[{"$type":"[SST:Declarations.FieldDeclaration]","Name":"0F:[s:System.IntPtr, mscorlib, 4.0.0.0] [ACAT.Lib.Core.AgentManagement.TextInterface.EditTextControlAgent, Core]._handle"},{"$type":"[SST:Declarations.FieldDeclaration]","Name":"0F:[System.Windows.Automation.AutomationElement, UIAutomationClient, 4.0.0.0] [ACAT.Lib.Core.AgentManagement.TextInterface.EditTextControlAgent, Core]._textElement"},{"$type":"[SST:Declarations.FieldDeclaration]","Name":"0F:[s:System.IntPtr, mscorlib, 4.0.0.0] [ACAT.Lib.Core.AgentManagement.TextInterface.EditTextControlAgent, Core]._handleTextWindow"}],"Properties":[],"Methods":[{"$type":"[SST:Declarations.MethodDeclaration]","Name":"0M:[p:void] [ACAT.Lib.Core.AgentManagement.TextInterface.EditTextControlAgent, Core]..init()","IsEntryPoint":false,"Body":[{"$type":"[SST:Statements.Assignment]","Reference":{"$type":"[SST:References.FieldReference]","Reference":{"$type":"[SST:References.VariableReference]","Identifier":"this"},"FieldName":"0F:[s:System.IntPtr, mscorlib, 4.0.0.0] [ACAT.Lib.Core.AgentManagement.TextInterface.EditTextControlAgent, Core]._handle"},"Expression":{"$type":"[SST:Expressions.Simple.ReferenceExpression]","Reference":{"$type":"[SST:References.FieldReference]","Reference":{"$type":"[SST:References.VariableReference]","Identifier":""},"FieldName":"0F:static [s:System.IntPtr, mscorlib, 4.0.0.0] [s:System.IntPtr, mscorlib, 4.0.0.0].Zero"}}},{"$type":"[SST:Statements.Assignment]","Reference":{"$type":"[SST:References.FieldReference]","Reference":{"$type":"[SST:References.VariableReference]","Identifier":"this"},"FieldName":"0F:[s:System.IntPtr, mscorlib, 4.0.0.0] [ACAT.Lib.Core.AgentManagement.TextInterface.EditTextControlAgent, Core]._handleTextWindow"},"Expression":{"$type":"[SST:Expressions.Simple.ReferenceExpression]","Reference":{"$type":"[SST:References.FieldReference]","Reference":{"$type":"[SST:References.VariableReference]","Identifier":""},"FieldName":"0F:static [s:System.IntPtr, mscorlib, 4.0.0.0] [s:System.IntPtr, mscorlib, 4.0.0.0].Zero"}}}]},{"$type":"[SST:Declarations.MethodDeclaration]","Name":"0M:[p:void] [ACAT.Lib.Core.AgentManagement.TextInterface.EditTextControlAgent, Core]..ctor([s:System.IntPtr, mscorlib, 4.0.0.0] handle, [System.Windows.Automation.AutomationElement, UIAutomationClient, 4.0.0.0] editControlElement, ref [p:bool] handled)","IsEntryPoint":true,"Body":[{"$type":"[SST:Statements.Assignment]","Reference":{"$type":"[SST:References.VariableReference]","Identifier":"handled"},"Expression":{"$type":"[SST:Expressions.Assignable.InvocationExpression]","Reference":{"$type":"[SST:References.VariableReference]","Identifier":"this"},"MethodName":"0M:[p:bool] [ACAT.Lib.Core.AgentManagement.TextInterface.EditTextControlAgent, Core].trackTextChanges([s:System.IntPtr, mscorlib, 4.0.0.0] handleMainWindow, [System.Windows.Automation.AutomationElement, UIAutomationClient, 4.0.0.0] textElement)","Parameters":[{"$type":"[SST:Expressions.Simple.ReferenceExpression]","Reference":{"$type":"[SST:References.VariableReference]","Identifier":"handle"}},{"$type":"[SST:Expressions.Simple.ReferenceExpression]","Reference":{"$type":"[SST:References.VariableReference]","Identifier":"editControlElement"}}]}},{"$type":"[SST:Blocks.IfElseBlock]","Condition":{"$type":"[SST:Expressions.Simple.ReferenceExpression]","Reference":{"$type":"[SST:References.VariableReference]","Identifier":"handled"}},"Then":[{"$type":"[SST:Statements.Assignment]","Reference":{"$type":"[SST:References.FieldReference]","Reference":{"$type":"[SST:References.VariableReference]","Identifier":"this"},"FieldName":"0F:[s:System.IntPtr, mscorlib, 4.0.0.0] [ACAT.Lib.Core.AgentManagement.TextInterface.EditTextControlAgent, Core]._handle"},"Expression":{"$type":"[SST:Expressions.Simple.ReferenceExpression]","Reference":{"$type":"[SST:References.VariableReference]","Identifier":"handle"}}},{"$type":"[SST:Statements.Assignment]","Reference":{"$type":"[SST:References.FieldReference]","Reference":{"$type":"[SST:References.VariableReference]","Identifier":"this"},"FieldName":"0F:[System.Windows.Automation.AutomationElement, UIAutomationClient, 4.0.0.0] [ACAT.Lib.Core.AgentManagement.TextInterface.EditTextControlAgent, Core]._textElement"},"Expression":{"$type":"[SST:Expressions.Simple.ReferenceExpression]","Reference":{"$type":"[SST:References.VariableReference]","Identifier":"editControlElement"}}}],"Else":[]}]},{"$type":"[SST:Declarations.MethodDeclaration]","Name":"0M:[p:void] [ACAT.Lib.Core.AgentManagement.TextInterface.EditTextControlAgent, Core].ClearText()","IsEntryPoint":true,"Body":[{"$type":"[SST:Statements.ExpressionStatement]","Expression":{"$type":"[SST:Expressions.Assignable.InvocationExpression]","Reference":{"$type":"[SST:References.VariableReference]","Identifier":"this"},"MethodName":"0M:[p:void] [ACAT.Lib.Core.AgentManagement.TextInterface.TextControlAgentBase, Core].ClearText([s:System.IntPtr, mscorlib, 4.0.0.0] handleText)","Parameters":[{"$type":"[SST:Expressions.Simple.ReferenceExpression]","Reference":{"$type":"[SST:References.FieldReference]","Reference":{"$type":"[SST:References.VariableReference]","Identifier":"this"},"FieldName":"0F:[s:System.IntPtr, mscorlib, 4.0.0.0] [ACAT.Lib.Core.AgentManagement.TextInterface.EditTextControlAgent, Core]._handleTextWindow"}}]}}]},{"$type":"[SST:Declarations.MethodDeclaration]","Name":"0M:[p:bool] [ACAT.Lib.Core.AgentManagement.TextInterface.EditTextControlAgent, Core].EnableSmartPunctuations()","IsEntryPoint":true,"Body":[{"$type":"[SST:Statements.ReturnStatement]","Expression":{"$type":"[SST:Expressions.Simple.ConstantValueExpression]","Value":"true"},"IsVoid":false}]},{"$type":"[SST:Declarations.MethodDeclaration]","Name":"0M:[p:bool] [ACAT.Lib.Core.AgentManagement.TextInterface.EditTextControlAgent, Core].ExpandAbbreviations()","IsEntryPoint":true,"Body":[{"$type":"[SST:Statements.ReturnStatement]","Expression":{"$type":"[SST:Expressions.Simple.ConstantValueExpression]","Value":"true"},"IsVoid":false}]},{"$type":"[SST:Declarations.MethodDeclaration]","Name":"0M:[p:int] [ACAT.Lib.Core.AgentManagement.TextInterface.EditTextControlAgent, Core].GetCaretPos()","IsEntryPoint":true,"Body":[{"$type":"[SST:Statements.VariableDeclaration]","Reference":{"$type":"[SST:References.VariableReference]","Identifier":"$0"},"Type":"0T:p:int"},{"$type":"[SST:Statements.Assignment]","Reference":{"$type":"[SST:References.VariableReference]","Identifier":"$0"},"Expression":{"$type":"[SST:Expressions.Assignable.InvocationExpression]","Reference":{"$type":"[SST:References.VariableReference]","Identifier":"this"},"MethodName":"0M:[p:int] [ACAT.Lib.Core.AgentManagement.TextInterface.TextControlAgentBase, Core].GetCaretPos([s:System.IntPtr, mscorlib, 4.0.0.0] handleText)","Parameters":[{"$type":"[SST:Expressions.Simple.ReferenceExpression]","Reference":{"$type":"[SST:References.FieldReference]","Reference":{"$type":"[SST:References.VariableReference]","Identifier":"this"},"FieldName":"0F:[s:System.IntPtr, mscorlib, 4.0.0.0] [ACAT.Lib.Core.AgentManagement.TextInterface.EditTextControlAgent, Core]._handleTextWindow"}}]}},{"$type":"[SST:Statements.ReturnStatement]","Expression":{"$type":"[SST:Expressions.Simple.ReferenceExpression]","Reference":{"$type":"[SST:References.VariableReference]","Identifier":"$0"}},"IsVoid":false}]},{"$type":"[SST:Declarations.MethodDeclaration]","Name":"0M:[p:string] [ACAT.Lib.Core.AgentManagement.TextInterface.EditTextControlAgent, Core].GetSelectedText()","IsEntryPoint":true,"Body":[{"$type":"[SST:Statements.VariableDeclaration]","Reference":{"$type":"[SST:References.VariableReference]","Identifier":"$0"},"Type":"0T:p:string"},{"$type":"[SST:Statements.Assignment]","Reference":{"$type":"[SST:References.VariableReference]","Identifier":"$0"},"Expression":{"$type":"[SST:Expressions.Assignable.InvocationExpression]","Reference":{"$type":"[SST:References.VariableReference]","Identifier":"this"},"MethodName":"0M:[p:string] [ACAT.Lib.Core.AgentManagement.TextInterface.TextControlAgentBase, Core].GetSelectedText([s:System.IntPtr, mscorlib, 4.0.0.0] handleText)","Parameters":[{"$type":"[SST:Expressions.Simple.ReferenceExpression]","Reference":{"$type":"[SST:References.FieldReference]","Reference":{"$type":"[SST:References.VariableReference]","Identifier":"this"},"FieldName":"0F:[s:System.IntPtr, mscorlib, 4.0.0.0] [ACAT.Lib.Core.AgentManagement.TextInterface.EditTextControlAgent, Core]._handleTextWindow"}}]}},{"$type":"[SST:Statements.ReturnStatement]","Expression":{"$type":"[SST:Expressions.Simple.ReferenceExpression]","Reference":{"$type":"[SST:References.VariableReference]","Identifier":"$0"}},"IsVoid":false}]},{"$type":"[SST:Declarations.MethodDeclaration]","Name":"0M:[p:string] [ACAT.Lib.Core.AgentManagement.TextInterface.EditTextControlAgent, Core].GetText()","IsEntryPoint":true,"Body":[{"$type":"[SST:Statements.VariableDeclaration]","Reference":{"$type":"[SST:References.VariableReference]","Identifier":"$0"},"Type":"0T:s:System.IntPtr, mscorlib, 4.0.0.0"},{"$type":"[SST:Statements.Assignment]","Reference":{"$type":"[SST:References.VariableReference]","Identifier":"$0"},"Expression":{"$type":"[SST:Expressions.Simple.ReferenceExpression]","Reference":{"$type":"[SST:References.FieldReference]","Reference":{"$type":"[SST:References.VariableReference]","Identifier":"this"},"FieldName":"0F:[s:System.IntPtr, mscorlib, 4.0.0.0] [ACAT.Lib.Core.AgentManagement.TextInterface.EditTextControlAgent, Core]._handleTextWindow"}}},{"$type":"[SST:Statements.VariableDeclaration]","Reference":{"$type":"[SST:References.VariableReference]","Identifier":"$1"},"Type":"0T:s:System.IntPtr, mscorlib, 4.0.0.0"},{"$type":"[SST:Statements.Assignment]","Reference":{"$type":"[SST:References.VariableReference]","Identifier":"$1"},"Expression":{"$type":"[SST:Expressions.Simple.ReferenceExpression]","Reference":{"$type":"[SST:References.FieldReference]","Reference":{"$type":"[SST:References.VariableReference]","Identifier":""},"FieldName":"0F:static [s:System.IntPtr, mscorlib, 4.0.0.0] [s:System.IntPtr, mscorlib, 4.0.0.0].Zero"}}},{"$type":"[SST:Statements.VariableDeclaration]","Reference":{"$type":"[SST:References.VariableReference]","Identifier":"$2"},"Type":"0T:p:bool"},{"$type":"[SST:Statements.Assignment]","Reference":{"$type":"[SST:References.VariableReference]","Identifier":"$2"},"Expression":{"$type":"[SST:Expressions.Assignable.ComposedExpression]","References":[{"$type":"[SST:References.VariableReference]","Identifier":"$0"},{"$type":"[SST:References.VariableReference]","Identifier":"$1"}]}},{"$type":"[SST:Statements.VariableDeclaration]","Reference":{"$type":"[SST:References.VariableReference]","Identifier":"$3"},"Type":"0T:p:string"},{"$type":"[SST:Statements.Assignment]","Reference":{"$type":"[SST:References.VariableReference]","Identifier":"$3"},"Expression":{"$type":"[SST:Expressions.Assignable.InvocationExpression]","Reference":{"$type":"[SST:References.VariableReference]","Identifier":""},"MethodName":"0M:static [p:string] [ACAT.Lib.Core.Utility.Windows, Core].GetText([s:System.IntPtr, mscorlib, 4.0.0.0] hWnd)","Parameters":[{"$type":"[SST:Expressions.Simple.ReferenceExpression]","Reference":{"$type":"[SST:References.FieldReference]","Reference":{"$type":"[SST:References.VariableReference]","Identifier":"this"},"FieldName":"0F:[s:System.IntPtr, mscorlib, 4.0.0.0] [ACAT.Lib.Core.AgentManagement.TextInterface.EditTextControlAgent, Core]._handleTextWindow"}}]}},{"$type":"[SST:Statements.VariableDeclaration]","Reference":{"$type":"[SST:References.VariableReference]","Identifier":"$4"},"Type":"0T:p:string"},{"$type":"[SST:Statements.Assignment]","Reference":{"$type":"[SST:References.VariableReference]","Identifier":"$4"},"Expression":{"$type":"[SST:Expressions.Assignable.IfElseExpression]","Condition":{"$type":"[SST:Expressions.Simple.ReferenceExpression]","Reference":{"$type":"[SST:References.VariableReference]","Identifier":"$2"}},"ThenExpression":{"$type":"[SST:Expressions.Simple.ReferenceExpression]","Reference":{"$type":"[SST:References.VariableReference]","Identifier":"$3"}},"ElseExpression":{"$type":"[SST:Expressions.Simple.ReferenceExpression]","Reference":{"$type":"[SST:References.FieldReference]","Reference":{"$type":"[SST:References.VariableReference]","Identifier":""},"FieldName":"0F:static [p:string] [p:string].Empty"}}}},{"$type":"[SST:Statements.ReturnStatement]","Expression":{"$type":"[SST:Expressions.Simple.ReferenceExpression]","Reference":{"$type":"[SST:References.VariableReference]","Identifier":"$4"}},"IsVoid":false}]},{"$type":"[SST:Declarations.MethodDeclaration]","Name":"0M:[p:bool] [ACAT.Lib.Core.AgentManagement.TextInterface.EditTextControlAgent, Core].IsTextSelected()","IsEntryPoint":true,"Body":[{"$type":"[SST:Statements.VariableDeclaration]","Reference":{"$type":"[SST:References.VariableReference]","Identifier":"start"},"Type":"0T:p:int"},{"$type":"[SST:Statements.Assignment]","Reference":{"$type":"[SST:References.VariableReference]","Identifier":"start"},"Expression":{"$type":"[SST:Expressions.Simple.ConstantValueExpression]","Value":"-1"}},{"$type":"[SST:Statements.VariableDeclaration]","Reference":{"$type":"[SST:References.VariableReference]","Identifier":"end"},"Type":"0T:p:int"},{"$type":"[SST:Statements.Assignment]","Reference":{"$type":"[SST:References.VariableReference]","Identifier":"end"},"Expression":{"$type":"[SST:Expressions.Simple.ConstantValueExpression]","Value":"-1"}},{"$type":"[SST:Statements.ExpressionStatement]","Expression":{"$type":"[SST:Expressions.Assignable.InvocationExpression]","Reference":{"$type":"[SST:References.VariableReference]","Identifier":""},"MethodName":"0M:static [s:System.IntPtr, mscorlib, 4.0.0.0] [ACAT.Lib.Core.Utility.User32Interop, Core].SendMessageRefRef([s:System.IntPtr, mscorlib, 4.0.0.0] hWnd, [p:uint] msg, ref [p:int] wParam, ref [p:int] lParam)","Parameters":[{"$type":"[SST:Expressions.Simple.ReferenceExpression]","Reference":{"$type":"[SST:References.FieldReference]","Reference":{"$type":"[SST:References.VariableReference]","Identifier":"this"},"FieldName":"0F:[s:System.IntPtr, mscorlib, 4.0.0.0] [ACAT.Lib.Core.AgentManagement.TextInterface.EditTextControlAgent, Core]._handleTextWindow"}},{"$type":"[SST:Expressions.Simple.ReferenceExpression]","Reference":{"$type":"[SST:References.FieldReference]","Reference":{"$type":"[SST:References.VariableReference]","Identifier":""},"FieldName":"0F:static [p:uint] [ACAT.Lib.Core.Utility.User32Interop, Core].EM_GETSEL"}},{"$type":"[SST:Expressions.Simple.ReferenceExpression]","Reference":{"$type":"[SST:References.VariableReference]","Identifier":"start"}},{"$type":"[SST:Expressions.Simple.ReferenceExpression]","Reference":{"$type":"[SST:References.VariableReference]","Identifier":"end"}}]}},{"$type":"[SST:Statements.VariableDeclaration]","Reference":{"$type":"[SST:References.VariableReference]","Identifier":"$0"},"Type":"0T:p:bool"},{"$type":"[SST:Statements.Assignment]","Reference":{"$type":"[SST:References.VariableReference]","Identifier":"$0"},"Expression":{"$type":"[SST:Expressions.Assignable.BinaryExpression]","LeftOperand":{"$type":"[SST:Expressions.Simple.ReferenceExpression]","Reference":{"$type":"[SST:References.VariableReference]","Identifier":"start"}},"Operator":4,"RightOperand":{"$type":"[SST:Expressions.Simple.ConstantValueExpression]","Value":"0"}}},{"$type":"[SST:Statements.VariableDeclaration]","Reference":{"$type":"[SST:References.VariableReference]","Identifier":"$1"},"Type":"0T:p:bool"},{"$type":"[SST:Statements.Assignment]","Reference":{"$type":"[SST:References.VariableReference]","Identifier":"$1"},"Expression":{"$type":"[SST:Expressions.Assignable.BinaryExpression]","LeftOperand":{"$type":"[SST:Expressions.Simple.ReferenceExpression]","Reference":{"$type":"[SST:References.VariableReference]","Identifier":"end"}},"Operator":4,"RightOperand":{"$type":"[SST:Expressions.Simple.ConstantValueExpression]","Value":"0"}}},{"$type":"[SST:Statements.VariableDeclaration]","Reference":{"$type":"[SST:References.VariableReference]","Identifier":"$2"},"Type":"0T:p:bool"},{"$type":"[SST:Statements.Assignment]","Reference":{"$type":"[SST:References.VariableReference]","Identifier":"$2"},"Expression":{"$type":"[SST:Expressions.Assignable.BinaryExpression]","LeftOperand":{"$type":"[SST:Expressions.Simple.ReferenceExpression]","Reference":{"$type":"[SST:References.VariableReference]","Identifier":"$0"}},"Operator":7,"RightOperand":{"$type":"[SST:Expressions.Simple.ReferenceExpression]","Reference":{"$type":"[SST:References.VariableReference]","Identifier":"$1"}}}},{"$type":"[SST:Statements.VariableDeclaration]","Reference":{"$type":"[SST:References.VariableReference]","Identifier":"$3"},"Type":"0T:p:bool"},{"$type":"[SST:Statements.Assignment]","Reference":{"$type":"[SST:References.VariableReference]","Identifier":"$3"},"Expression":{"$type":"[SST:Expressions.Assignable.BinaryExpression]","LeftOperand":{"$type":"[SST:Expressions.Simple.ReferenceExpression]","Reference":{"$type":"[SST:References.VariableReference]","Identifier":"start"}},"Operator":6,"RightOperand":{"$type":"[SST:Expressions.Simple.ReferenceExpression]","Reference":{"$type":"[SST:References.VariableReference]","Identifier":"end"}}}},{"$type":"[SST:Statements.VariableDeclaration]","Reference":{"$type":"[SST:References.VariableReference]","Identifier":"$4"},"Type":"0T:p:bool"},{"$type":"[SST:Statements.Assignment]","Reference":{"$type":"[SST:References.VariableReference]","Identifier":"$4"},"Expression":{"$type":"[SST:Expressions.Assignable.BinaryExpression]","LeftOperand":{"$type":"[SST:Expressions.Simple.ReferenceExpression]","Reference":{"$type":"[SST:References.VariableReference]","Identifier":"$2"}},"Operator":7,"RightOperand":{"$type":"[SST:Expressions.Simple.ReferenceExpression]","Reference":{"$type":"[SST:References.VariableReference]","Identifier":"$3"}}}},{"$type":"[SST:Statements.ReturnStatement]","Expression":{"$type":"[SST:Expressions.Simple.ReferenceExpression]","Reference":{"$type":"[SST:References.VariableReference]","Identifier":"$4"}},"IsVoid":false}]},{"$type":"[SST:Declarations.MethodDeclaration]","Name":"0M:[p:void] [ACAT.Lib.Core.AgentManagement.TextInterface.EditTextControlAgent, Core].OnKeyUp([System.Windows.Forms.KeyEventArgs, System.Windows.Forms, 4.0.0.0] keyEventArgs)","IsEntryPoint":true,"Body":[{"$type":"[SST:Statements.VariableDeclaration]","Reference":{"$type":"[SST:References.VariableReference]","Identifier":"$0"},"Type":"0T:p:bool"},{"$type":"[SST:Statements.Assignment]","Reference":{"$type":"[SST:References.VariableReference]","Identifier":"$0"},"Expression":{"$type":"[SST:Expressions.Assignable.InvocationExpression]","Reference":{"$type":"[SST:References.VariableReference]","Identifier":""},"MethodName":"0M:static [p:bool] [ACAT.Lib.Core.AgentManagement.AgentUtils, Core].IsPrintable([e:System.Windows.Forms.Keys, System.Windows.Forms, 4.0.0.0] key)","Parameters":[{"$type":"[SST:Expressions.Simple.ReferenceExpression]","Reference":{"$type":"[SST:References.PropertyReference]","Reference":{"$type":"[SST:References.VariableReference]","Identifier":"keyEventArgs"},"PropertyName":"0P:get [e:System.Windows.Forms.Keys, System.Windows.Forms, 4.0.0.0] [System.Windows.Forms.KeyEventArgs, System.Windows.Forms, 4.0.0.0].KeyCode()"}}]}},{"$type":"[SST:Blocks.IfElseBlock]","Condition":{"$type":"[SST:Expressions.Simple.ReferenceExpression]","Reference":{"$type":"[SST:References.VariableReference]","Identifier":"$0"}},"Then":[{"$type":"[SST:Statements.ExpressionStatement]","Expression":{"$type":"[SST:Expressions.Assignable.InvocationExpression]","Reference":{"$type":"[SST:References.VariableReference]","Identifier":"this"},"MethodName":"0M:[p:void] [ACAT.Lib.Core.AgentManagement.TextInterface.TextControlAgentBase, Core].triggerTextChanged([i:ACAT.Lib.Core.AgentManagement.TextInterface.ITextControlAgent, Core] textInterface)","Parameters":[{"$type":"[SST:Expressions.Simple.ReferenceExpression]","Reference":{"$type":"[SST:References.VariableReference]","Identifier":"this"}}]}}],"Else":[]}]},{"$type":"[SST:Declarations.MethodDeclaration]","Name":"0M:[p:bool] [ACAT.Lib.Core.AgentManagement.TextInterface.EditTextControlAgent, Core].SetCaretPos([p:int] pos)","IsEntryPoint":true,"Body":[{"$type":"[SST:Statements.VariableDeclaration]","Reference":{"$type":"[SST:References.VariableReference]","Identifier":"$0"},"Type":"0T:p:bool"},{"$type":"[SST:Statements.Assignment]","Reference":{"$type":"[SST:References.VariableReference]","Identifier":"$0"},"Expression":{"$type":"[SST:Expressions.Assignable.InvocationExpression]","Reference":{"$type":"[SST:References.VariableReference]","Identifier":"this"},"MethodName":"0M:[p:bool] [ACAT.Lib.Core.AgentManagement.TextInterface.TextControlAgentBase, Core].SetCaretPos([s:System.IntPtr, mscorlib, 4.0.0.0] handleText, [p:int] pos)","Parameters":[{"$type":"[SST:Expressions.Simple.ReferenceExpression]","Reference":{"$type":"[SST:References.FieldReference]","Reference":{"$type":"[SST:References.VariableReference]","Identifier":"this"},"FieldName":"0F:[s:System.IntPtr, mscorlib, 4.0.0.0] [ACAT.Lib.Core.AgentManagement.TextInterface.EditTextControlAgent, Core]._handleTextWindow"}},{"$type":"[SST:Expressions.Simple.ReferenceExpression]","Reference":{"$type":"[SST:References.VariableReference]","Identifier":"pos"}}]}},{"$type":"[SST:Statements.ReturnStatement]","Expression":{"$type":"[SST:Expressions.Simple.ReferenceExpression]","Reference":{"$type":"[SST:References.VariableReference]","Identifier":"$0"}},"IsVoid":false}]},{"$type":"[SST:Declarations.MethodDeclaration]","Name":"0M:[p:bool] [ACAT.Lib.Core.AgentManagement.TextInterface.EditTextControlAgent, Core].SetFocus()","IsEntryPoint":true,"Body":[{"$type":"[SST:Statements.VariableDeclaration]","Reference":{"$type":"[SST:References.VariableReference]","Identifier":"$0"},"Type":"0T:p:bool"},{"$type":"[SST:Statements.Assignment]","Reference":{"$type":"[SST:References.VariableReference]","Identifier":"$0"},"Expression":{"$type":"[SST:Expressions.Assignable.InvocationExpression]","Reference":{"$type":"[SST:References.VariableReference]","Identifier":"this"},"MethodName":"0M:[p:bool] [ACAT.Lib.Core.AgentManagement.TextInterface.TextControlAgentBase, Core].SetFocus([s:System.IntPtr, mscorlib, 4.0.0.0] handleText)","Parameters":[{"$type":"[SST:Expressions.Simple.ReferenceExpression]","Reference":{"$type":"[SST:References.FieldReference]","Reference":{"$type":"[SST:References.VariableReference]","Identifier":"this"},"FieldName":"0F:[s:System.IntPtr, mscorlib, 4.0.0.0] [ACAT.Lib.Core.AgentManagement.TextInterface.EditTextControlAgent, Core]._handleTextWindow"}}]}},{"$type":"[SST:Statements.ReturnStatement]","Expression":{"$type":"[SST:Expressions.Simple.ReferenceExpression]","Reference":{"$type":"[SST:References.VariableReference]","Identifier":"$0"}},"IsVoid":false}]},{"$type":"[SST:Declarations.MethodDeclaration]","Name":"0M:[p:bool] [ACAT.Lib.Core.AgentManagement.TextInterface.EditTextControlAgent, Core].SupportsSpellCheck()","IsEntryPoint":true,"Body":[{"$type":"[SST:Statements.ReturnStatement]","Expression":{"$type":"[SST:Expressions.Simple.ConstantValueExpression]","Value":"false"},"IsVoid":false}]},{"$type":"[SST:Declarations.MethodDeclaration]","Name":"0M:[p:void] [ACAT.Lib.Core.AgentManagement.TextInterface.EditTextControlAgent, Core].UnselectText()","IsEntryPoint":true,"Body":[{"$type":"[SST:Statements.ExpressionStatement]","Expression":{"$type":"[SST:Expressions.Assignable.InvocationExpression]","Reference":{"$type":"[SST:References.VariableReference]","Identifier":"this"},"MethodName":"0M:[p:void] [ACAT.Lib.Core.AgentManagement.TextInterface.TextControlAgentBase, Core].UnselectText([s:System.IntPtr, mscorlib, 4.0.0.0] handleText)","Parameters":[{"$type":"[SST:Expressions.Simple.ReferenceExpression]","Reference":{"$type":"[SST:References.FieldReference]","Reference":{"$type":"[SST:References.VariableReference]","Identifier":"this"},"FieldName":"0F:[s:System.IntPtr, mscorlib, 4.0.0.0] [ACAT.Lib.Core.AgentManagement.TextInterface.EditTextControlAgent, Core]._handleTextWindow"}}]}}]},{"$type":"[SST:Declarations.MethodDeclaration]","Name":"0M:[p:void] [ACAT.Lib.Core.AgentManagement.TextInterface.EditTextControlAgent, Core].OnDispose()","IsEntryPoint":true,"Body":[{"$type":"[SST:Statements.VariableDeclaration]","Reference":{"$type":"[SST:References.VariableReference]","Identifier":"$0"},"Type":"0T:p:bool"},{"$type":"[SST:Statements.Assignment]","Reference":{"$type":"[SST:References.VariableReference]","Identifier":"$0"},"Expression":{"$type":"[SST:Expressions.Assignable.BinaryExpression]","LeftOperand":{"$type":"[SST:Expressions.Simple.ReferenceExpression]","Reference":{"$type":"[SST:References.FieldReference]","Reference":{"$type":"[SST:References.VariableReference]","Identifier":"this"},"FieldName":"0F:[System.Windows.Automation.AutomationElement, UIAutomationClient, 4.0.0.0] [ACAT.Lib.Core.AgentManagement.TextInterface.EditTextControlAgent, Core]._textElement"}},"Operator":6,"RightOperand":{"$type":"[SST:Expressions.Simple.ConstantValueExpression]","Value":"null"}}},{"$type":"[SST:Blocks.IfElseBlock]","Condition":{"$type":"[SST:Expressions.Simple.ReferenceExpression]","Reference":{"$type":"[SST:References.VariableReference]","Identifier":"$0"}},"Then":[{"$type":"[SST:Statements.ExpressionStatement]","Expression":{"$type":"[SST:Expressions.Assignable.InvocationExpression]","Reference":{"$type":"[SST:References.VariableReference]","Identifier":""},"MethodName":"0M:static [p:void] [ACAT.Lib.Core.Utility.AutomationEventManager, Core].RemoveAutomationEventHandler([s:System.IntPtr, mscorlib, 4.0.0.0] hWnd, [System.Windows.Automation.AutomationEvent, UIAutomationTypes, 4.0.0.0] autoEvent, [System.Windows.Automation.AutomationElement, UIAutomationClient, 4.0.0.0] element)","Parameters":[{"$type":"[SST:Expressions.Simple.ReferenceExpression]","Reference":{"$type":"[SST:References.FieldReference]","Reference":{"$type":"[SST:References.VariableReference]","Identifier":"this"},"FieldName":"0F:[s:System.IntPtr, mscorlib, 4.0.0.0] [ACAT.Lib.Core.AgentManagement.TextInterface.EditTextControlAgent, Core]._handle"}},{"$type":"[SST:Expressions.Simple.ReferenceExpression]","Reference":{"$type":"[SST:References.FieldReference]","Reference":{"$type":"[SST:References.VariableReference]","Identifier":""},"FieldName":"0F:static [System.Windows.Automation.AutomationEvent, UIAutomationTypes, 4.0.0.0] [System.Windows.Automation.TextPattern, UIAutomationClient, 4.0.0.0].TextSelectionChangedEvent"}},{"$type":"[SST:Expressions.Simple.ReferenceExpression]","Reference":{"$type":"[SST:References.FieldReference]","Reference":{"$type":"[SST:References.VariableReference]","Identifier":"this"},"FieldName":"0F:[System.Windows.Automation.AutomationElement, UIAutomationClient, 4.0.0.0] [ACAT.Lib.Core.AgentManagement.TextInterface.EditTextControlAgent, Core]._textElement"}}]}}],"Else":[]}]},{"$type":"[SST:Declarations.MethodDeclaration]","Name":"0M:[p:void] [ACAT.Lib.Core.AgentManagement.TextInterface.EditTextControlAgent, Core].onTextChanged([p:object] sender, [System.Windows.Automation.AutomationEventArgs, UIAutomationTypes, 4.0.0.0] e)","IsEntryPoint":false,"Body":[{"$type":"[SST:Statements.ExpressionStatement]","Expression":{"$type":"[SST:Expressions.Assignable.InvocationExpression]","Reference":{"$type":"[SST:References.VariableReference]","Identifier":"this"},"MethodName":"0M:[p:void] [ACAT.Lib.Core.AgentManagement.TextInterface.TextControlAgentBase, Core].triggerTextChanged([i:ACAT.Lib.Core.AgentManagement.TextInterface.ITextControlAgent, Core] textInterface)","Parameters":[{"$type":"[SST:Expressions.Simple.ReferenceExpression]","Reference":{"$type":"[SST:References.VariableReference]","Identifier":"this"}}]}}]},{"$type":"[SST:Declarations.MethodDeclaration]","Name":"0M:[p:bool] [ACAT.Lib.Core.AgentManagement.TextInterface.EditTextControlAgent, Core].trackTextChanges([s:System.IntPtr, mscorlib, 4.0.0.0] handleMainWindow, [System.Windows.Automation.AutomationElement, UIAutomationClient, 4.0.0.0] textElement)","IsEntryPoint":false,"Body":[{"$type":"[SST:Statements.VariableDeclaration]","Reference":{"$type":"[SST:References.VariableReference]","Identifier":"retVal"},"Type":"0T:p:bool"},{"$type":"[SST:Statements.Assignment]","Reference":{"$type":"[SST:References.VariableReference]","Identifier":"retVal"},"Expression":{"$type":"[SST:Expressions.Simple.ConstantValueExpression]","Value":"true"}},{"$type":"[SST:Statements.ExpressionStatement]","Expression":{"$type":"[SST:Expressions.Assignable.InvocationExpression]","Reference":{"$type":"[SST:References.VariableReference]","Identifier":""},"MethodName":"0M:static [p:void] [ACAT.Lib.Core.Utility.Log, Core].Debug()","Parameters":[]}},{"$type":"[SST:Blocks.TryBlock]","Body":[{"$type":"[SST:Statements.VariableDeclaration]","Reference":{"$type":"[SST:References.VariableReference]","Identifier":"objPattern"},"Type":"0T:p:object"},{"$type":"[SST:Statements.VariableDeclaration]","Reference":{"$type":"[SST:References.VariableReference]","Identifier":"$0"},"Type":"0T:p:bool"},{"$type":"[SST:Statements.Assignment]","Reference":{"$type":"[SST:References.VariableReference]","Identifier":"$0"},"Expression":{"$type":"[SST:Expressions.Assignable.InvocationExpression]","Reference":{"$type":"[SST:References.VariableReference]","Identifier":"textElement"},"MethodName":"0M:[p:bool] [System.Windows.Automation.AutomationElement, UIAutomationClient, 4.0.0.0].TryGetCurrentPattern([System.Windows.Automation.AutomationPattern, UIAutomationTypes, 4.0.0.0] pattern, out [p:object] patternObject)","Parameters":[{"$type":"[SST:Expressions.Simple.ReferenceExpression]","Reference":{"$type":"[SST:References.FieldReference]","Reference":{"$type":"[SST:References.VariableReference]","Identifier":""},"FieldName":"0F:static [System.Windows.Automation.AutomationPattern, UIAutomationTypes, 4.0.0.0] [System.Windows.Automation.TextPattern, UIAutomationClient, 4.0.0.0].Pattern"}},{"$type":"[SST:Expressions.Simple.ReferenceExpression]","Reference":{"$type":"[SST:References.VariableReference]","Identifier":"objPattern"}}]}},{"$type":"[SST:Blocks.IfElseBlock]","Condition":{"$type":"[SST:Expressions.Simple.ReferenceExpression]","Reference":{"$type":"[SST:References.VariableReference]","Identifier":"$0"}},"Then":[{"$type":"[SST:Statements.VariableDeclaration]","Reference":{"$type":"[SST:References.VariableReference]","Identifier":"nativeHandle"},"Type":"0T:p:int"},{"$type":"[SST:Statements.VariableDeclaration]","Reference":{"$type":"[SST:References.VariableReference]","Identifier":"$1"},"Type":"0T:s:System.Windows.Automation.AutomationElement+AutomationElementInformation, UIAutomationClient, 4.0.0.0"},{"$type":"[SST:Statements.Assignment]","Reference":{"$type":"[SST:References.VariableReference]","Identifier":"$1"},"Expression":{"$type":"[SST:Expressions.Simple.ReferenceExpression]","Reference":{"$type":"[SST:References.PropertyReference]","Reference":{"$type":"[SST:References.VariableReference]","Identifier":"textElement"},"PropertyName":"0P:get [s:System.Windows.Automation.AutomationElement+AutomationElementInformation, UIAutomationClient, 4.0.0.0] [System.Windows.Automation.AutomationElement, UIAutomationClient, 4.0.0.0].Current()"}}},{"$type":"[SST:Statements.Assignment]","Reference":{"$type":"[SST:References.VariableReference]","Identifier":"nativeHandle"},"Expression":{"$type":"[SST:Expressions.Simple.ReferenceExpression]","Reference":{"$type":"[SST:References.PropertyReference]","Reference":{"$type":"[SST:References.VariableReference]","Identifier":"$1"},"PropertyName":"0P:get [p:int] [s:System.Windows.Automation.AutomationElement+AutomationElementInformation, UIAutomationClient, 4.0.0.0].NativeWindowHandle()"}}},{"$type":"[SST:Statements.VariableDeclaration]","Reference":{"$type":"[SST:References.VariableReference]","Identifier":"$2"},"Type":"0T:p:bool"},{"$type":"[SST:Statements.Assignment]","Reference":{"$type":"[SST:References.VariableReference]","Identifier":"$2"},"Expression":{"$type":"[SST:Expressions.Assignable.BinaryExpression]","LeftOperand":{"$type":"[SST:Expressions.Simple.ReferenceExpression]","Reference":{"$type":"[SST:References.VariableReference]","Identifier":"nativeHandle"}},"Operator":6,"RightOperand":{"$type":"[SST:Expressions.Simple.ConstantValueExpression]","Value":"0"}}},{"$type":"[SST:Blocks.IfElseBlock]","Condition":{"$type":"[SST:Expressions.Simple.ReferenceExpression]","Reference":{"$type":"[SST:References.VariableReference]","Identifier":"$2"}},"Then":[{"$type":"[SST:Statements.Assignment]","Reference":{"$type":"[SST:References.FieldReference]","Reference":{"$type":"[SST:References.VariableReference]","Identifier":"this"},"FieldName":"0F:[s:System.IntPtr, mscorlib, 4.0.0.0] [ACAT.Lib.Core.AgentManagement.TextInterface.EditTextControlAgent, Core]._handleTextWindow"},"Expression":{"$type":"[SST:Expressions.Assignable.InvocationExpression]","Reference":{"$type":"[SST:References.VariableReference]","Identifier":""},"MethodName":"0M:[p:void] [s:System.IntPtr, mscorlib, 4.0.0.0]..ctor([p:int] value)","Parameters":[{"$type":"[SST:Expressions.Simple.ReferenceExpression]","Reference":{"$type":"[SST:References.VariableReference]","Identifier":"nativeHandle"}}]}}],"Else":[]},{"$type":"[SST:Statements.ExpressionStatement]","Expression":{"$type":"[SST:Expressions.Assignable.InvocationExpression]","Reference":{"$type":"[SST:References.VariableReference]","Identifier":""},"MethodName":"0M:static [p:void] [ACAT.Lib.Core.Utility.AutomationEventManager, Core].RemoveAutomationEventHandler([s:System.IntPtr, mscorlib, 4.0.0.0] hWnd, [System.Windows.Automation.AutomationEvent, UIAutomationTypes, 4.0.0.0] autoEvent, [System.Windows.Automation.AutomationElement, UIAutomationClient, 4.0.0.0] element)","Parameters":[{"$type":"[SST:Expressions.Simple.ReferenceExpression]","Reference":{"$type":"[SST:References.VariableReference]","Identifier":"handleMainWindow"}},{"$type":"[SST:Expressions.Simple.ReferenceExpression]","Reference":{"$type":"[SST:References.FieldReference]","Reference":{"$type":"[SST:References.VariableReference]","Identifier":""},"FieldName":"0F:static [System.Windows.Automation.AutomationEvent, UIAutomationTypes, 4.0.0.0] [System.Windows.Automation.TextPattern, UIAutomationClient, 4.0.0.0].TextSelectionChangedEvent"}},{"$type":"[SST:Expressions.Simple.ReferenceExpression]","Reference":{"$type":"[SST:References.VariableReference]","Identifier":"textElement"}}]}},{"$type":"[SST:Statements.ExpressionStatement]","Expression":{"$type":"[SST:Expressions.Assignable.InvocationExpression]","Reference":{"$type":"[SST:References.VariableReference]","Identifier":""},"MethodName":"0M:static [p:void] [ACAT.Lib.Core.Utility.Log, Core].Debug([p:string] message)","Parameters":[{"$type":"[SST:Expressions.Simple.ConstantValueExpression]"}]}},{"$type":"[SST:Statements.ExpressionStatement]","Expression":{"$type":"[SST:Expressions.Assignable.InvocationExpression]","Reference":{"$type":"[SST:References.VariableReference]","Identifier":""},"MethodName":"0M:static [p:void] [ACAT.Lib.Core.Utility.AutomationEventManager, Core].AddAutomationEventHandler([s:System.IntPtr, mscorlib, 4.0.0.0] hWnd, [System.Windows.Automation.AutomationEvent, UIAutomationTypes, 4.0.0.0] autoEvent, [System.Windows.Automation.AutomationElement, UIAutomationClient, 4.0.0.0] element, [d:[p:void] [System.Windows.Automation.AutomationEventHandler, UIAutomationTypes, 4.0.0.0].([p:object] sender, [System.Windows.Automation.AutomationEventArgs, UIAutomationTypes, 4.0.0.0] e)] eventHandler)","Parameters":[{"$type":"[SST:Expressions.Simple.ReferenceExpression]","Reference":{"$type":"[SST:References.VariableReference]","Identifier":"handleMainWindow"}},{"$type":"[SST:Expressions.Simple.ReferenceExpression]","Reference":{"$type":"[SST:References.FieldReference]","Reference":{"$type":"[SST:References.VariableReference]","Identifier":""},"FieldName":"0F:static [System.Windows.Automation.AutomationEvent, UIAutomationTypes, 4.0.0.0] [System.Windows.Automation.TextPattern, UIAutomationClient, 4.0.0.0].TextSelectionChangedEvent"}},{"$type":"[SST:Expressions.Simple.ReferenceExpression]","Reference":{"$type":"[SST:References.VariableReference]","Identifier":"textElement"}},{"$type":"[SST:Expressions.Simple.ReferenceExpression]","Reference":{"$type":"[SST:References.MethodReference]","Reference":{"$type":"[SST:References.VariableReference]","Identifier":"this"},"MethodName":"0M:[p:void] [ACAT.Lib.Core.AgentManagement.TextInterface.EditTextControlAgent, Core].onTextChanged([p:object] sender, [System.Windows.Automation.AutomationEventArgs, UIAutomationTypes, 4.0.0.0] e)"}}]}},{"$type":"[SST:Statements.VariableDeclaration]","Reference":{"$type":"[SST:References.VariableReference]","Identifier":"$3"},"Type":"0T:p:bool"},{"$type":"[SST:Statements.Assignment]","Reference":{"$type":"[SST:References.VariableReference]","Identifier":"$3"},"Expression":{"$type":"[SST:Expressions.Assignable.BinaryExpression]","LeftOperand":{"$type":"[SST:Expressions.Simple.ReferenceExpression]","Reference":{"$type":"[SST:References.VariableReference]","Identifier":"nativeHandle"}},"Operator":3,"RightOperand":{"$type":"[SST:Expressions.Simple.ConstantValueExpression]","Value":"0"}}},{"$type":"[SST:Blocks.IfElseBlock]","Condition":{"$type":"[SST:Expressions.Simple.ReferenceExpression]","Reference":{"$type":"[SST:References.VariableReference]","Identifier":"$3"}},"Then":[{"$type":"[SST:Statements.ExpressionStatement]","Expression":{"$type":"[SST:Expressions.Assignable.InvocationExpression]","Reference":{"$type":"[SST:References.VariableReference]","Identifier":""},"MethodName":"0M:static [p:void] [ACAT.Lib.Core.Utility.Log, Core].Debug([p:string] message)","Parameters":[{"$type":"[SST:Expressions.Simple.ConstantValueExpression]"}]}},{"$type":"[SST:Statements.Assignment]","Reference":{"$type":"[SST:References.VariableReference]","Identifier":"retVal"},"Expression":{"$type":"[SST:Expressions.Simple.ConstantValueExpression]","Value":"false"}}],"Else":[]}],"Else":[{"$type":"[SST:Statements.ExpressionStatement]","Expression":{"$type":"[SST:Expressions.Assignable.InvocationExpression]","Reference":{"$type":"[SST:References.VariableReference]","Identifier":""},"MethodName":"0M:static [p:void] [ACAT.Lib.Core.Utility.Log, Core].Debug([p:string] message)","Parameters":[{"$type":"[SST:Expressions.Simple.ConstantValueExpression]"}]}},{"$type":"[SST:Statements.Assignment]","Reference":{"$type":"[SST:References.VariableReference]","Identifier":"retVal"},"Expression":{"$type":"[SST:Expressions.Simple.ConstantValueExpression]","Value":"false"}}]}],"CatchBlocks":[{"$type":"[SST:Blocks.CatchBlock]","Kind":0,"Parameter":"0Param:[System.Exception, mscorlib, 4.0.0.0] ex","Body":[{"$type":"[SST:Statements.VariableDeclaration]","Reference":{"$type":"[SST:References.VariableReference]","Identifier":"$4"},"Type":"0T:p:string"},{"$type":"[SST:Statements.Assignment]","Reference":{"$type":"[SST:References.VariableReference]","Identifier":"$4"},"Expression":{"$type":"[SST:Expressions.Assignable.InvocationExpression]","Reference":{"$type":"[SST:References.VariableReference]","Identifier":"ex"},"MethodName":"0M:[p:string] [System.Exception, mscorlib, 4.0.0.0].ToString()","Parameters":[]}},{"$type":"[SST:Statements.ExpressionStatement]","Expression":{"$type":"[SST:Expressions.Assignable.InvocationExpression]","Reference":{"$type":"[SST:References.VariableReference]","Identifier":""},"MethodName":"0M:static [p:void] [ACAT.Lib.Core.Utility.Log, Core].Debug([p:string] message)","Parameters":[{"$type":"[SST:Expressions.Simple.ReferenceExpression]","Reference":{"$type":"[SST:References.VariableReference]","Identifier":"$4"}}]}},{"$type":"[SST:Statements.Assignment]","Reference":{"$type":"[SST:References.VariableReference]","Identifier":"retVal"},"Expression":{"$type":"[SST:Expressions.Simple.ConstantValueExpression]","Value":"false"}}]}],"Finally":[]},{"$type":"[SST:Statements.VariableDeclaration]","Reference":{"$type":"[SST:References.VariableReference]","Identifier":"$5"},"Type":"0T:p:bool"},{"$type":"[SST:Statements.Assignment]","Reference":{"$type":"[SST:References.VariableReference]","Identifier":"$5"},"Expression":{"$type":"[SST:Expressions.Assignable.UnaryExpression]","Operator":1,"Operand":{"$type":"[SST:Expressions.Simple.ReferenceExpression]","Reference":{"$type":"[SST:References.VariableReference]","Identifier":"retVal"}}}},{"$type":"[SST:Blocks.IfElseBlock]","Condition":{"$type":"[SST:Expressions.Simple.ReferenceExpression]","Reference":{"$type":"[SST:References.VariableReference]","Identifier":"$5"}},"Then":[{"$type":"[SST:Statements.Assignment]","Reference":{"$type":"[SST:References.FieldReference]","Reference":{"$type":"[SST:References.VariableReference]","Identifier":"this"},"FieldName":"0F:[s:System.IntPtr, mscorlib, 4.0.0.0] [ACAT.Lib.Core.AgentManagement.TextInterface.EditTextControlAgent, Core]._handleTextWindow"},"Expression":{"$type":"[SST:Expressions.Simple.ReferenceExpression]","Reference":{"$type":"[SST:References.FieldReference]","Reference":{"$type":"[SST:References.VariableReference]","Identifier":""},"FieldName":"0F:static [s:System.IntPtr, mscorlib, 4.0.0.0] [s:System.IntPtr, mscorlib, 4.0.0.0].Zero"}}}],"Else":[]},{"$type":"[SST:Statements.ReturnStatement]","Expression":{"$type":"[SST:Expressions.Simple.ReferenceExpression]","Reference":{"$type":"[SST:References.VariableReference]","Identifier":"retVal"}},"IsVoid":false}]}],"Events":[],"Delegates":[]}}