{"$type":"KaVE.Commons.Model.Events.CompletionEvents.Context, KaVE.Commons","TypeShape":{"$type":"KaVE.Commons.Model.TypeShapes.TypeShape, KaVE.Commons","TypeHierarchy":{"$type":"KaVE.Commons.Model.TypeShapes.TypeHierarchy, KaVE.Commons","Element":"0T:ACAT.Lib.Core.AgentManagement.TextInterface.ReadOnlyTextControlAgent, Core","Extends":{"$type":"KaVE.Commons.Model.TypeShapes.TypeHierarchy, KaVE.Commons","Element":"0T:ACAT.Lib.Core.AgentManagement.TextInterface.TextControlAgentBase, Core","Implements":[{"$type":"KaVE.Commons.Model.TypeShapes.TypeHierarchy, KaVE.Commons","Element":"0T:i:ACAT.Lib.Core.AgentManagement.TextInterface.ITextControlAgent, Core","Implements":[{"$type":"KaVE.Commons.Model.TypeShapes.TypeHierarchy, KaVE.Commons","Element":"0T:i:System.IDisposable, mscorlib, 4.0.0.0","Implements":[]}]}]},"Implements":[]},"NestedTypes":[],"Delegates":[],"EventHierarchies":[],"Fields":["0F:[p:string[]] [ACAT.Lib.Core.AgentManagement.TextInterface.ReadOnlyTextControlAgent, Core]._supportedFeatures"],"MethodHierarchies":[{"$type":"KaVE.Commons.Model.TypeShapes.MethodHierarchy, KaVE.Commons","Element":"0M:[p:void] [ACAT.Lib.Core.AgentManagement.TextInterface.ReadOnlyTextControlAgent, Core].CheckWidgetEnabled([ACAT.Lib.Core.AgentManagement.CheckEnabledArgs, Core] arg)","Super":"0M:[p:void] [ACAT.Lib.Core.AgentManagement.TextInterface.TextControlAgentBase, Core].CheckWidgetEnabled([ACAT.Lib.Core.AgentManagement.CheckEnabledArgs, Core] arg)","First":"0M:[p:void] [i:ACAT.Lib.Core.AgentManagement.TextInterface.ITextControlAgent, Core].CheckWidgetEnabled([ACAT.Lib.Core.AgentManagement.CheckEnabledArgs, Core] arg)"}],"PropertyHierarchies":[]},"SST":{"$type":"[SST:SST]","EnclosingType":"0T:ACAT.Lib.Core.AgentManagement.TextInterface.ReadOnlyTextControlAgent, Core","Fields":[{"$type":"[SST:Declarations.FieldDeclaration]","Name":"0F:[p:string[]] [ACAT.Lib.Core.AgentManagement.TextInterface.ReadOnlyTextControlAgent, Core]._supportedFeatures"}],"Properties":[],"Methods":[{"$type":"[SST:Declarations.MethodDeclaration]","Name":"0M:[p:void] [ACAT.Lib.Core.AgentManagement.TextInterface.ReadOnlyTextControlAgent, Core]..init()","IsEntryPoint":false,"Body":[{"$type":"[SST:Statements.Assignment]","Reference":{"$type":"[SST:References.FieldReference]","Reference":{"$type":"[SST:References.VariableReference]","Identifier":"this"},"FieldName":"0F:[p:string[]] [ACAT.Lib.Core.AgentManagement.TextInterface.ReadOnlyTextControlAgent, Core]._supportedFeatures"},"Expression":{"$type":"[SST:Expressions.Simple.UnknownExpression]"}}]},{"$type":"[SST:Declarations.MethodDeclaration]","Name":"0M:[p:void] [ACAT.Lib.Core.AgentManagement.TextInterface.ReadOnlyTextControlAgent, Core].CheckWidgetEnabled([ACAT.Lib.Core.AgentManagement.CheckEnabledArgs, Core] arg)","IsEntryPoint":true,"Body":[{"$type":"[SST:Statements.VariableDeclaration]","Reference":{"$type":"[SST:References.VariableReference]","Identifier":"$0"},"Type":"0T:p:string[]"},{"$type":"[SST:Statements.Assignment]","Reference":{"$type":"[SST:References.VariableReference]","Identifier":"$0"},"Expression":{"$type":"[SST:Expressions.Simple.ReferenceExpression]","Reference":{"$type":"[SST:References.FieldReference]","Reference":{"$type":"[SST:References.VariableReference]","Identifier":"this"},"FieldName":"0F:[p:string[]] [ACAT.Lib.Core.AgentManagement.TextInterface.ReadOnlyTextControlAgent, Core]._supportedFeatures"}}},{"$type":"[SST:Statements.VariableDeclaration]","Reference":{"$type":"[SST:References.VariableReference]","Identifier":"$1"},"Type":"0T:ACAT.Lib.Core.WidgetManagement.Widget, Core"},{"$type":"[SST:Statements.Assignment]","Reference":{"$type":"[SST:References.VariableReference]","Identifier":"$1"},"Expression":{"$type":"[SST:Expressions.Simple.ReferenceExpression]","Reference":{"$type":"[SST:References.PropertyReference]","Reference":{"$type":"[SST:References.VariableReference]","Identifier":"arg"},"PropertyName":"0P:set get [ACAT.Lib.Core.WidgetManagement.Widget, Core] [ACAT.Lib.Core.AgentManagement.CheckEnabledArgs, Core].Widget()"}}},{"$type":"[SST:Statements.VariableDeclaration]","Reference":{"$type":"[SST:References.VariableReference]","Identifier":"$2"},"Type":"0T:p:bool"},{"$type":"[SST:Statements.Assignment]","Reference":{"$type":"[SST:References.VariableReference]","Identifier":"$2"},"Expression":{"$type":"[SST:Expressions.Assignable.InvocationExpression]","Reference":{"$type":"[SST:References.VariableReference]","Identifier":""},"MethodName":"0M:static [p:bool] [System.Linq.Enumerable, System.Core, 4.0.0.0].Contains`1[[TSource -> p:string]](this [i:System.Collections.Generic.IEnumerable`1[[T -> TSource]], mscorlib, 4.0.0.0] source, [TSource] value)","Parameters":[{"$type":"[SST:Expressions.Simple.ReferenceExpression]","Reference":{"$type":"[SST:References.VariableReference]","Identifier":"$0"}},{"$type":"[SST:Expressions.Simple.ReferenceExpression]","Reference":{"$type":"[SST:References.PropertyReference]","Reference":{"$type":"[SST:References.VariableReference]","Identifier":"$1"},"PropertyName":"0P:set get [p:string] [ACAT.Lib.Core.WidgetManagement.Widget, Core].SubClass()"}}]}},{"$type":"[SST:Blocks.IfElseBlock]","Condition":{"$type":"[SST:Expressions.Simple.ReferenceExpression]","Reference":{"$type":"[SST:References.VariableReference]","Identifier":"$2"}},"Then":[{"$type":"[SST:Statements.Assignment]","Reference":{"$type":"[SST:References.PropertyReference]","Reference":{"$type":"[SST:References.VariableReference]","Identifier":"arg"},"PropertyName":"0P:set get [p:bool] [ACAT.Lib.Core.AgentManagement.CheckEnabledArgs, Core].Handled()"},"Expression":{"$type":"[SST:Expressions.Simple.ConstantValueExpression]","Value":"true"}},{"$type":"[SST:Statements.Assignment]","Reference":{"$type":"[SST:References.PropertyReference]","Reference":{"$type":"[SST:References.VariableReference]","Identifier":"arg"},"PropertyName":"0P:set get [p:bool] [ACAT.Lib.Core.AgentManagement.CheckEnabledArgs, Core].Enabled()"},"Expression":{"$type":"[SST:Expressions.Simple.ConstantValueExpression]","Value":"true"}}],"Else":[]}]}],"Events":[],"Delegates":[]}}