{"$type":"KaVE.Commons.Model.Events.CompletionEvents.Context, KaVE.Commons","TypeShape":{"$type":"KaVE.Commons.Model.TypeShapes.TypeShape, KaVE.Commons","TypeHierarchy":{"$type":"KaVE.Commons.Model.TypeShapes.TypeHierarchy, KaVE.Commons","Element":"0T:ACAT.Lib.Core.AgentManagement.TextInterface.TextChangedEventArgs, Core","Extends":{"$type":"KaVE.Commons.Model.TypeShapes.TypeHierarchy, KaVE.Commons","Element":"0T:System.EventArgs, mscorlib, 4.0.0.0","Implements":[]},"Implements":[]},"NestedTypes":[],"Delegates":[],"EventHierarchies":[],"Fields":[],"MethodHierarchies":[{"$type":"KaVE.Commons.Model.TypeShapes.MethodHierarchy, KaVE.Commons","Element":"0M:[p:void] [ACAT.Lib.Core.AgentManagement.TextInterface.TextChangedEventArgs, Core]..ctor([i:ACAT.Lib.Core.AgentManagement.TextInterface.ITextControlAgent, Core] textAgent)"}],"PropertyHierarchies":[{"$type":"KaVE.Commons.Model.TypeShapes.PropertyHierarchy, KaVE.Commons","Element":"0P:set get [i:ACAT.Lib.Core.AgentManagement.TextInterface.ITextControlAgent, Core] [ACAT.Lib.Core.AgentManagement.TextInterface.TextChangedEventArgs, Core].TextInterface()"}]},"SST":{"$type":"[SST:SST]","EnclosingType":"0T:ACAT.Lib.Core.AgentManagement.TextInterface.TextChangedEventArgs, Core","Fields":[],"Properties":[{"$type":"[SST:Declarations.PropertyDeclaration]","Name":"0P:set get [i:ACAT.Lib.Core.AgentManagement.TextInterface.ITextControlAgent, Core] [ACAT.Lib.Core.AgentManagement.TextInterface.TextChangedEventArgs, Core].TextInterface()","Get":[],"Set":[]}],"Methods":[{"$type":"[SST:Declarations.MethodDeclaration]","Name":"0M:[p:void] [ACAT.Lib.Core.AgentManagement.TextInterface.TextChangedEventArgs, Core]..ctor([i:ACAT.Lib.Core.AgentManagement.TextInterface.ITextControlAgent, Core] textAgent)","IsEntryPoint":true,"Body":[{"$type":"[SST:Statements.Assignment]","Reference":{"$type":"[SST:References.PropertyReference]","Reference":{"$type":"[SST:References.VariableReference]","Identifier":"this"},"PropertyName":"0P:set get [i:ACAT.Lib.Core.AgentManagement.TextInterface.ITextControlAgent, Core] [ACAT.Lib.Core.AgentManagement.TextInterface.TextChangedEventArgs, Core].TextInterface()"},"Expression":{"$type":"[SST:Expressions.Simple.ReferenceExpression]","Reference":{"$type":"[SST:References.VariableReference]","Identifier":"textAgent"}}}]}],"Events":[],"Delegates":[]}}