{"$type":"KaVE.Commons.Model.Events.CompletionEvents.Context, KaVE.Commons","TypeShape":{"$type":"KaVE.Commons.Model.TypeShapes.TypeShape, KaVE.Commons","TypeHierarchy":{"$type":"KaVE.Commons.Model.TypeShapes.TypeHierarchy, KaVE.Commons","Element":"0T:ACAT.Lib.Core.AnimationManagement.AnimationMouseClickEventArgs, Core","Extends":{"$type":"KaVE.Commons.Model.TypeShapes.TypeHierarchy, KaVE.Commons","Element":"0T:System.EventArgs, mscorlib, 4.0.0.0","Implements":[]},"Implements":[]},"NestedTypes":[],"Delegates":[],"EventHierarchies":[],"Fields":[],"MethodHierarchies":[{"$type":"KaVE.Commons.Model.TypeShapes.MethodHierarchy, KaVE.Commons","Element":"0M:[p:void] [ACAT.Lib.Core.AnimationManagement.AnimationMouseClickEventArgs, Core]..ctor([ACAT.Lib.Core.AnimationManagement.AnimationWidget, Core] animationWidget, [ACAT.Lib.Core.Interpreter.PCode, Core] onMouseClick)"}],"PropertyHierarchies":[{"$type":"KaVE.Commons.Model.TypeShapes.PropertyHierarchy, KaVE.Commons","Element":"0P:set get [ACAT.Lib.Core.AnimationManagement.AnimationWidget, Core] [ACAT.Lib.Core.AnimationManagement.AnimationMouseClickEventArgs, Core].AnimationWidget()"},{"$type":"KaVE.Commons.Model.TypeShapes.PropertyHierarchy, KaVE.Commons","Element":"0P:set get [ACAT.Lib.Core.Interpreter.PCode, Core] [ACAT.Lib.Core.AnimationManagement.AnimationMouseClickEventArgs, Core].OnMouseClick()"}]},"SST":{"$type":"[SST:SST]","EnclosingType":"0T:ACAT.Lib.Core.AnimationManagement.AnimationMouseClickEventArgs, Core","Fields":[],"Properties":[{"$type":"[SST:Declarations.PropertyDeclaration]","Name":"0P:set get [ACAT.Lib.Core.AnimationManagement.AnimationWidget, Core] [ACAT.Lib.Core.AnimationManagement.AnimationMouseClickEventArgs, Core].AnimationWidget()","Get":[],"Set":[]},{"$type":"[SST:Declarations.PropertyDeclaration]","Name":"0P:set get [ACAT.Lib.Core.Interpreter.PCode, Core] [ACAT.Lib.Core.AnimationManagement.AnimationMouseClickEventArgs, Core].OnMouseClick()","Get":[],"Set":[]}],"Methods":[{"$type":"[SST:Declarations.MethodDeclaration]","Name":"0M:[p:void] [ACAT.Lib.Core.AnimationManagement.AnimationMouseClickEventArgs, Core]..ctor([ACAT.Lib.Core.AnimationManagement.AnimationWidget, Core] animationWidget, [ACAT.Lib.Core.Interpreter.PCode, Core] onMouseClick)","IsEntryPoint":true,"Body":[{"$type":"[SST:Statements.Assignment]","Reference":{"$type":"[SST:References.PropertyReference]","Reference":{"$type":"[SST:References.VariableReference]","Identifier":"this"},"PropertyName":"0P:set get [ACAT.Lib.Core.AnimationManagement.AnimationWidget, Core] [ACAT.Lib.Core.AnimationManagement.AnimationMouseClickEventArgs, Core].AnimationWidget()"},"Expression":{"$type":"[SST:Expressions.Simple.ReferenceExpression]","Reference":{"$type":"[SST:References.VariableReference]","Identifier":"animationWidget"}}},{"$type":"[SST:Statements.Assignment]","Reference":{"$type":"[SST:References.PropertyReference]","Reference":{"$type":"[SST:References.VariableReference]","Identifier":"this"},"PropertyName":"0P:set get [ACAT.Lib.Core.Interpreter.PCode, Core] [ACAT.Lib.Core.AnimationManagement.AnimationMouseClickEventArgs, Core].OnMouseClick()"},"Expression":{"$type":"[SST:Expressions.Simple.ReferenceExpression]","Reference":{"$type":"[SST:References.VariableReference]","Identifier":"onMouseClick"}}}]}],"Events":[],"Delegates":[]}}