{"$type":"KaVE.Commons.Model.Events.CompletionEvents.Context, KaVE.Commons","TypeShape":{"$type":"KaVE.Commons.Model.TypeShapes.TypeShape, KaVE.Commons","TypeHierarchy":{"$type":"KaVE.Commons.Model.TypeShapes.TypeHierarchy, KaVE.Commons","Element":"0T:e:ACAT.Lib.Core.AnimationManagement.PlayerState, Core","Implements":[]},"NestedTypes":[],"Delegates":[],"EventHierarchies":[],"Fields":["0F:[e:ACAT.Lib.Core.AnimationManagement.PlayerState, Core] [e:ACAT.Lib.Core.AnimationManagement.PlayerState, Core].Unknown","0F:[e:ACAT.Lib.Core.AnimationManagement.PlayerState, Core] [e:ACAT.Lib.Core.AnimationManagement.PlayerState, Core].Stopped","0F:[e:ACAT.Lib.Core.AnimationManagement.PlayerState, Core] [e:ACAT.Lib.Core.AnimationManagement.PlayerState, Core].Paused","0F:[e:ACAT.Lib.Core.AnimationManagement.PlayerState, Core] [e:ACAT.Lib.Core.AnimationManagement.PlayerState, Core].Running","0F:[e:ACAT.Lib.Core.AnimationManagement.PlayerState, Core] [e:ACAT.Lib.Core.AnimationManagement.PlayerState, Core].Timeout","0F:[e:ACAT.Lib.Core.AnimationManagement.PlayerState, Core] [e:ACAT.Lib.Core.AnimationManagement.PlayerState, Core].Interrupted"],"MethodHierarchies":[],"PropertyHierarchies":[]},"SST":{"$type":"[SST:SST]","EnclosingType":"0T:e:ACAT.Lib.Core.AnimationManagement.PlayerState, Core","Fields":[{"$type":"[SST:Declarations.FieldDeclaration]","Name":"0F:[e:ACAT.Lib.Core.AnimationManagement.PlayerState, Core] [e:ACAT.Lib.Core.AnimationManagement.PlayerState, Core].Unknown"},{"$type":"[SST:Declarations.FieldDeclaration]","Name":"0F:[e:ACAT.Lib.Core.AnimationManagement.PlayerState, Core] [e:ACAT.Lib.Core.AnimationManagement.PlayerState, Core].Stopped"},{"$type":"[SST:Declarations.FieldDeclaration]","Name":"0F:[e:ACAT.Lib.Core.AnimationManagement.PlayerState, Core] [e:ACAT.Lib.Core.AnimationManagement.PlayerState, Core].Paused"},{"$type":"[SST:Declarations.FieldDeclaration]","Name":"0F:[e:ACAT.Lib.Core.AnimationManagement.PlayerState, Core] [e:ACAT.Lib.Core.AnimationManagement.PlayerState, Core].Running"},{"$type":"[SST:Declarations.FieldDeclaration]","Name":"0F:[e:ACAT.Lib.Core.AnimationManagement.PlayerState, Core] [e:ACAT.Lib.Core.AnimationManagement.PlayerState, Core].Timeout"},{"$type":"[SST:Declarations.FieldDeclaration]","Name":"0F:[e:ACAT.Lib.Core.AnimationManagement.PlayerState, Core] [e:ACAT.Lib.Core.AnimationManagement.PlayerState, Core].Interrupted"}],"Properties":[],"Methods":[],"Events":[],"Delegates":[]}}