{"$type":"KaVE.Commons.Model.Events.CompletionEvents.Context, KaVE.Commons","TypeShape":{"$type":"KaVE.Commons.Model.TypeShapes.TypeShape, KaVE.Commons","TypeHierarchy":{"$type":"KaVE.Commons.Model.TypeShapes.TypeHierarchy, KaVE.Commons","Element":"0T:ACAT.Lib.Core.AnimationManagement.AnimationWidget, Core","Implements":[{"$type":"KaVE.Commons.Model.TypeShapes.TypeHierarchy, KaVE.Commons","Element":"0T:i:System.IDisposable, mscorlib, 4.0.0.0","Implements":[]}]},"NestedTypes":[],"Delegates":[],"EventHierarchies":[],"Fields":["0F:[p:int] [ACAT.Lib.Core.AnimationManagement.AnimationWidget, Core].HesitateTime","0F:[ACAT.Lib.Core.Interpreter.PCode, Core] [ACAT.Lib.Core.AnimationManagement.AnimationWidget, Core].OnBack","0F:[ACAT.Lib.Core.Interpreter.PCode, Core] [ACAT.Lib.Core.AnimationManagement.AnimationWidget, Core].OnHighlightOff","0F:[ACAT.Lib.Core.Interpreter.PCode, Core] [ACAT.Lib.Core.AnimationManagement.AnimationWidget, Core].OnHighlightOn","0F:[ACAT.Lib.Core.Interpreter.PCode, Core] [ACAT.Lib.Core.AnimationManagement.AnimationWidget, Core].OnMouseClick","0F:[ACAT.Lib.Core.Interpreter.PCode, Core] [ACAT.Lib.Core.AnimationManagement.AnimationWidget, Core].OnSelect","0F:[ACAT.Lib.Core.Interpreter.Parser, Core] [ACAT.Lib.Core.AnimationManagement.AnimationWidget, Core]._parser","0F:[p:bool] [ACAT.Lib.Core.AnimationManagement.AnimationWidget, Core]._disposed","0F:[p:string] [ACAT.Lib.Core.AnimationManagement.AnimationWidget, Core]._hesitateTimeVariableName"],"MethodHierarchies":[{"$type":"KaVE.Commons.Model.TypeShapes.MethodHierarchy, KaVE.Commons","Element":"0M:[p:void] [ACAT.Lib.Core.AnimationManagement.AnimationWidget, Core]..ctor()"},{"$type":"KaVE.Commons.Model.TypeShapes.MethodHierarchy, KaVE.Commons","Element":"0M:[p:void] [ACAT.Lib.Core.AnimationManagement.AnimationWidget, Core].Dispose()","First":"0M:[p:void] [i:System.IDisposable, mscorlib, 4.0.0.0].Dispose()"},{"$type":"KaVE.Commons.Model.TypeShapes.MethodHierarchy, KaVE.Commons","Element":"0M:[p:void] [ACAT.Lib.Core.AnimationManagement.AnimationWidget, Core].Load([System.Xml.XmlNode, System.Xml, 4.0.0.0] xmlNode)"},{"$type":"KaVE.Commons.Model.TypeShapes.MethodHierarchy, KaVE.Commons","Element":"0M:[p:void] [ACAT.Lib.Core.AnimationManagement.AnimationWidget, Core].Dispose([p:bool] disposing)"},{"$type":"KaVE.Commons.Model.TypeShapes.MethodHierarchy, KaVE.Commons","Element":"0M:[p:void] [ACAT.Lib.Core.AnimationManagement.AnimationWidget, Core].AppPreferences_EvtPreferencesChanged()"}],"PropertyHierarchies":[{"$type":"KaVE.Commons.Model.TypeShapes.PropertyHierarchy, KaVE.Commons","Element":"0P:set get [ACAT.Lib.Core.WidgetManagement.Widget, Core] [ACAT.Lib.Core.AnimationManagement.AnimationWidget, Core].UIWidget()"}]},"SST":{"$type":"[SST:SST]","EnclosingType":"0T:ACAT.Lib.Core.AnimationManagement.AnimationWidget, Core","Fields":[{"$type":"[SST:Declarations.FieldDeclaration]","Name":"0F:[p:int] [ACAT.Lib.Core.AnimationManagement.AnimationWidget, Core].HesitateTime"},{"$type":"[SST:Declarations.FieldDeclaration]","Name":"0F:[ACAT.Lib.Core.Interpreter.PCode, Core] [ACAT.Lib.Core.AnimationManagement.AnimationWidget, Core].OnBack"},{"$type":"[SST:Declarations.FieldDeclaration]","Name":"0F:[ACAT.Lib.Core.Interpreter.PCode, Core] [ACAT.Lib.Core.AnimationManagement.AnimationWidget, Core].OnHighlightOff"},{"$type":"[SST:Declarations.FieldDeclaration]","Name":"0F:[ACAT.Lib.Core.Interpreter.PCode, Core] [ACAT.Lib.Core.AnimationManagement.AnimationWidget, Core].OnHighlightOn"},{"$type":"[SST:Declarations.FieldDeclaration]","Name":"0F:[ACAT.Lib.Core.Interpreter.PCode, Core] [ACAT.Lib.Core.AnimationManagement.AnimationWidget, Core].OnMouseClick"},{"$type":"[SST:Declarations.FieldDeclaration]","Name":"0F:[ACAT.Lib.Core.Interpreter.PCode, Core] [ACAT.Lib.Core.AnimationManagement.AnimationWidget, Core].OnSelect"},{"$type":"[SST:Declarations.FieldDeclaration]","Name":"0F:[ACAT.Lib.Core.Interpreter.Parser, Core] [ACAT.Lib.Core.AnimationManagement.AnimationWidget, Core]._parser"},{"$type":"[SST:Declarations.FieldDeclaration]","Name":"0F:[p:bool] [ACAT.Lib.Core.AnimationManagement.AnimationWidget, Core]._disposed"},{"$type":"[SST:Declarations.FieldDeclaration]","Name":"0F:[p:string] [ACAT.Lib.Core.AnimationManagement.AnimationWidget, Core]._hesitateTimeVariableName"}],"Properties":[{"$type":"[SST:Declarations.PropertyDeclaration]","Name":"0P:set get [ACAT.Lib.Core.WidgetManagement.Widget, Core] [ACAT.Lib.Core.AnimationManagement.AnimationWidget, Core].UIWidget()","Get":[],"Set":[]}],"Methods":[{"$type":"[SST:Declarations.MethodDeclaration]","Name":"0M:[p:void] [ACAT.Lib.Core.AnimationManagement.AnimationWidget, Core]..ctor()","IsEntryPoint":true,"Body":[{"$type":"[SST:Statements.Assignment]","Reference":{"$type":"[SST:References.FieldReference]","Reference":{"$type":"[SST:References.VariableReference]","Identifier":"this"},"FieldName":"0F:[ACAT.Lib.Core.Interpreter.Parser, Core] [ACAT.Lib.Core.AnimationManagement.AnimationWidget, Core]._parser"},"Expression":{"$type":"[SST:Expressions.Assignable.InvocationExpression]","Reference":{"$type":"[SST:References.VariableReference]","Identifier":""},"MethodName":"0M:[p:void] [ACAT.Lib.Core.Interpreter.Parser, Core]..ctor()","Parameters":[]}},{"$type":"[SST:Statements.Assignment]","Reference":{"$type":"[SST:References.FieldReference]","Reference":{"$type":"[SST:References.VariableReference]","Identifier":"this"},"FieldName":"0F:[ACAT.Lib.Core.Interpreter.PCode, Core] [ACAT.Lib.Core.AnimationManagement.AnimationWidget, Core].OnSelect"},"Expression":{"$type":"[SST:Expressions.Assignable.InvocationExpression]","Reference":{"$type":"[SST:References.VariableReference]","Identifier":""},"MethodName":"0M:[p:void] [ACAT.Lib.Core.Interpreter.PCode, Core]..ctor()","Parameters":[]}},{"$type":"[SST:Statements.Assignment]","Reference":{"$type":"[SST:References.FieldReference]","Reference":{"$type":"[SST:References.VariableReference]","Identifier":"this"},"FieldName":"0F:[ACAT.Lib.Core.Interpreter.PCode, Core] [ACAT.Lib.Core.AnimationManagement.AnimationWidget, Core].OnBack"},"Expression":{"$type":"[SST:Expressions.Assignable.InvocationExpression]","Reference":{"$type":"[SST:References.VariableReference]","Identifier":""},"MethodName":"0M:[p:void] [ACAT.Lib.Core.Interpreter.PCode, Core]..ctor()","Parameters":[]}},{"$type":"[SST:Statements.Assignment]","Reference":{"$type":"[SST:References.FieldReference]","Reference":{"$type":"[SST:References.VariableReference]","Identifier":"this"},"FieldName":"0F:[ACAT.Lib.Core.Interpreter.PCode, Core] [ACAT.Lib.Core.AnimationManagement.AnimationWidget, Core].OnHighlightOn"},"Expression":{"$type":"[SST:Expressions.Assignable.InvocationExpression]","Reference":{"$type":"[SST:References.VariableReference]","Identifier":""},"MethodName":"0M:[p:void] [ACAT.Lib.Core.Interpreter.PCode, Core]..ctor()","Parameters":[]}},{"$type":"[SST:Statements.Assignment]","Reference":{"$type":"[SST:References.FieldReference]","Reference":{"$type":"[SST:References.VariableReference]","Identifier":"this"},"FieldName":"0F:[ACAT.Lib.Core.Interpreter.PCode, Core] [ACAT.Lib.Core.AnimationManagement.AnimationWidget, Core].OnHighlightOff"},"Expression":{"$type":"[SST:Expressions.Assignable.InvocationExpression]","Reference":{"$type":"[SST:References.VariableReference]","Identifier":""},"MethodName":"0M:[p:void] [ACAT.Lib.Core.Interpreter.PCode, Core]..ctor()","Parameters":[]}},{"$type":"[SST:Statements.Assignment]","Reference":{"$type":"[SST:References.FieldReference]","Reference":{"$type":"[SST:References.VariableReference]","Identifier":"this"},"FieldName":"0F:[ACAT.Lib.Core.Interpreter.PCode, Core] [ACAT.Lib.Core.AnimationManagement.AnimationWidget, Core].OnMouseClick"},"Expression":{"$type":"[SST:Expressions.Assignable.InvocationExpression]","Reference":{"$type":"[SST:References.VariableReference]","Identifier":""},"MethodName":"0M:[p:void] [ACAT.Lib.Core.Interpreter.PCode, Core]..ctor()","Parameters":[]}},{"$type":"[SST:Statements.VariableDeclaration]","Reference":{"$type":"[SST:References.VariableReference]","Identifier":"$0"},"Type":"0T:ACAT.Lib.Core.Utility.Preferences, Core"},{"$type":"[SST:Statements.Assignment]","Reference":{"$type":"[SST:References.VariableReference]","Identifier":"$0"},"Expression":{"$type":"[SST:Expressions.Simple.ReferenceExpression]","Reference":{"$type":"[SST:References.PropertyReference]","Reference":{"$type":"[SST:References.VariableReference]","Identifier":""},"PropertyName":"0P:set get static [ACAT.Lib.Core.Utility.Preferences, Core] [ACAT.Lib.Core.Utility.CoreGlobals, Core].AppPreferences()"}}},{"$type":"[SST:Statements.Assignment]","Reference":{"$type":"[SST:References.FieldReference]","Reference":{"$type":"[SST:References.VariableReference]","Identifier":"this"},"FieldName":"0F:[p:int] [ACAT.Lib.Core.AnimationManagement.AnimationWidget, Core].HesitateTime"},"Expression":{"$type":"[SST:Expressions.Simple.ReferenceExpression]","Reference":{"$type":"[SST:References.FieldReference]","Reference":{"$type":"[SST:References.VariableReference]","Identifier":"$0"},"FieldName":"0F:[p:int] [ACAT.Lib.Core.Utility.Preferences, Core].HesitateTime"}}},{"$type":"[SST:Statements.VariableDeclaration]","Reference":{"$type":"[SST:References.VariableReference]","Identifier":"$1"},"Type":"0T:ACAT.Lib.Core.Utility.Preferences, Core"},{"$type":"[SST:Statements.Assignment]","Reference":{"$type":"[SST:References.VariableReference]","Identifier":"$1"},"Expression":{"$type":"[SST:Expressions.Simple.ReferenceExpression]","Reference":{"$type":"[SST:References.PropertyReference]","Reference":{"$type":"[SST:References.VariableReference]","Identifier":""},"PropertyName":"0P:set get static [ACAT.Lib.Core.Utility.Preferences, Core] [ACAT.Lib.Core.Utility.CoreGlobals, Core].AppPreferences()"}}},{"$type":"[SST:Statements.EventSubscriptionStatement]","Reference":{"$type":"[SST:References.EventReference]","Reference":{"$type":"[SST:References.VariableReference]","Identifier":"$1"},"EventName":"0E:[d:[p:void] [ACAT.Lib.Core.Utility.PreferencesBase+PreferencesChangedDelegate, Core].()] [ACAT.Lib.Core.Utility.PreferencesBase, Core].EvtPreferencesChanged"},"Operation":0,"Expression":{"$type":"[SST:Expressions.Simple.ReferenceExpression]","Reference":{"$type":"[SST:References.MethodReference]","Reference":{"$type":"[SST:References.VariableReference]","Identifier":"this"},"MethodName":"0M:[p:void] [ACAT.Lib.Core.AnimationManagement.AnimationWidget, Core].AppPreferences_EvtPreferencesChanged()"}}}]},{"$type":"[SST:Declarations.MethodDeclaration]","Name":"0M:[p:void] [ACAT.Lib.Core.AnimationManagement.AnimationWidget, Core].Dispose()","IsEntryPoint":true,"Body":[{"$type":"[SST:Statements.ExpressionStatement]","Expression":{"$type":"[SST:Expressions.Assignable.InvocationExpression]","Reference":{"$type":"[SST:References.VariableReference]","Identifier":"this"},"MethodName":"0M:[p:void] [ACAT.Lib.Core.AnimationManagement.AnimationWidget, Core].Dispose([p:bool] disposing)","Parameters":[{"$type":"[SST:Expressions.Simple.ConstantValueExpression]","Value":"true"}]}},{"$type":"[SST:Statements.ExpressionStatement]","Expression":{"$type":"[SST:Expressions.Assignable.InvocationExpression]","Reference":{"$type":"[SST:References.VariableReference]","Identifier":""},"MethodName":"0M:static [p:void] [System.GC, mscorlib, 4.0.0.0].SuppressFinalize([p:object] obj)","Parameters":[{"$type":"[SST:Expressions.Simple.ReferenceExpression]","Reference":{"$type":"[SST:References.VariableReference]","Identifier":"this"}}]}}]},{"$type":"[SST:Declarations.MethodDeclaration]","Name":"0M:[p:void] [ACAT.Lib.Core.AnimationManagement.AnimationWidget, Core].Load([System.Xml.XmlNode, System.Xml, 4.0.0.0] xmlNode)","IsEntryPoint":true,"Body":[{"$type":"[SST:Statements.VariableDeclaration]","Reference":{"$type":"[SST:References.VariableReference]","Identifier":"onSelect"},"Type":"0T:p:string"},{"$type":"[SST:Statements.Assignment]","Reference":{"$type":"[SST:References.VariableReference]","Identifier":"onSelect"},"Expression":{"$type":"[SST:Expressions.Assignable.InvocationExpression]","Reference":{"$type":"[SST:References.VariableReference]","Identifier":""},"MethodName":"0M:static [p:string] [ACAT.Lib.Core.Utility.XmlUtils, Core].GetXMLAttrString([System.Xml.XmlNode, System.Xml, 4.0.0.0] node, [p:string] attrName)","Parameters":[{"$type":"[SST:Expressions.Simple.ReferenceExpression]","Reference":{"$type":"[SST:References.VariableReference]","Identifier":"xmlNode"}},{"$type":"[SST:Expressions.Simple.ConstantValueExpression]"}]}},{"$type":"[SST:Statements.VariableDeclaration]","Reference":{"$type":"[SST:References.VariableReference]","Identifier":"$0"},"Type":"0T:ACAT.Lib.Core.Interpreter.Parser, Core"},{"$type":"[SST:Statements.Assignment]","Reference":{"$type":"[SST:References.VariableReference]","Identifier":"$0"},"Expression":{"$type":"[SST:Expressions.Simple.ReferenceExpression]","Reference":{"$type":"[SST:References.FieldReference]","Reference":{"$type":"[SST:References.VariableReference]","Identifier":"this"},"FieldName":"0F:[ACAT.Lib.Core.Interpreter.Parser, Core] [ACAT.Lib.Core.AnimationManagement.AnimationWidget, Core]._parser"}}},{"$type":"[SST:Statements.ExpressionStatement]","Expression":{"$type":"[SST:Expressions.Assignable.InvocationExpression]","Reference":{"$type":"[SST:References.VariableReference]","Identifier":"$0"},"MethodName":"0M:[p:bool] [ACAT.Lib.Core.Interpreter.Parser, Core].Parse([p:string] inputString, ref [ACAT.Lib.Core.Interpreter.PCode, Core] pCode)","Parameters":[{"$type":"[SST:Expressions.Simple.ReferenceExpression]","Reference":{"$type":"[SST:References.VariableReference]","Identifier":"onSelect"}},{"$type":"[SST:Expressions.Simple.ReferenceExpression]","Reference":{"$type":"[SST:References.FieldReference]","Reference":{"$type":"[SST:References.VariableReference]","Identifier":"this"},"FieldName":"0F:[ACAT.Lib.Core.Interpreter.PCode, Core] [ACAT.Lib.Core.AnimationManagement.AnimationWidget, Core].OnSelect"}}]}},{"$type":"[SST:Statements.VariableDeclaration]","Reference":{"$type":"[SST:References.VariableReference]","Identifier":"onBack"},"Type":"0T:p:string"},{"$type":"[SST:Statements.Assignment]","Reference":{"$type":"[SST:References.VariableReference]","Identifier":"onBack"},"Expression":{"$type":"[SST:Expressions.Assignable.InvocationExpression]","Reference":{"$type":"[SST:References.VariableReference]","Identifier":""},"MethodName":"0M:static [p:string] [ACAT.Lib.Core.Utility.XmlUtils, Core].GetXMLAttrString([System.Xml.XmlNode, System.Xml, 4.0.0.0] node, [p:string] attrName)","Parameters":[{"$type":"[SST:Expressions.Simple.ReferenceExpression]","Reference":{"$type":"[SST:References.VariableReference]","Identifier":"xmlNode"}},{"$type":"[SST:Expressions.Simple.ConstantValueExpression]"}]}},{"$type":"[SST:Statements.VariableDeclaration]","Reference":{"$type":"[SST:References.VariableReference]","Identifier":"$1"},"Type":"0T:ACAT.Lib.Core.Interpreter.Parser, Core"},{"$type":"[SST:Statements.Assignment]","Reference":{"$type":"[SST:References.VariableReference]","Identifier":"$1"},"Expression":{"$type":"[SST:Expressions.Simple.ReferenceExpression]","Reference":{"$type":"[SST:References.FieldReference]","Reference":{"$type":"[SST:References.VariableReference]","Identifier":"this"},"FieldName":"0F:[ACAT.Lib.Core.Interpreter.Parser, Core] [ACAT.Lib.Core.AnimationManagement.AnimationWidget, Core]._parser"}}},{"$type":"[SST:Statements.ExpressionStatement]","Expression":{"$type":"[SST:Expressions.Assignable.InvocationExpression]","Reference":{"$type":"[SST:References.VariableReference]","Identifier":"$1"},"MethodName":"0M:[p:bool] [ACAT.Lib.Core.Interpreter.Parser, Core].Parse([p:string] inputString, ref [ACAT.Lib.Core.Interpreter.PCode, Core] pCode)","Parameters":[{"$type":"[SST:Expressions.Simple.ReferenceExpression]","Reference":{"$type":"[SST:References.VariableReference]","Identifier":"onBack"}},{"$type":"[SST:Expressions.Simple.ReferenceExpression]","Reference":{"$type":"[SST:References.FieldReference]","Reference":{"$type":"[SST:References.VariableReference]","Identifier":"this"},"FieldName":"0F:[ACAT.Lib.Core.Interpreter.PCode, Core] [ACAT.Lib.Core.AnimationManagement.AnimationWidget, Core].OnBack"}}]}},{"$type":"[SST:Statements.VariableDeclaration]","Reference":{"$type":"[SST:References.VariableReference]","Identifier":"onHighlightOn"},"Type":"0T:p:string"},{"$type":"[SST:Statements.Assignment]","Reference":{"$type":"[SST:References.VariableReference]","Identifier":"onHighlightOn"},"Expression":{"$type":"[SST:Expressions.Assignable.InvocationExpression]","Reference":{"$type":"[SST:References.VariableReference]","Identifier":""},"MethodName":"0M:static [p:string] [ACAT.Lib.Core.Utility.XmlUtils, Core].GetXMLAttrString([System.Xml.XmlNode, System.Xml, 4.0.0.0] node, [p:string] attrName)","Parameters":[{"$type":"[SST:Expressions.Simple.ReferenceExpression]","Reference":{"$type":"[SST:References.VariableReference]","Identifier":"xmlNode"}},{"$type":"[SST:Expressions.Simple.ConstantValueExpression]"}]}},{"$type":"[SST:Statements.VariableDeclaration]","Reference":{"$type":"[SST:References.VariableReference]","Identifier":"$2"},"Type":"0T:ACAT.Lib.Core.Interpreter.Parser, Core"},{"$type":"[SST:Statements.Assignment]","Reference":{"$type":"[SST:References.VariableReference]","Identifier":"$2"},"Expression":{"$type":"[SST:Expressions.Simple.ReferenceExpression]","Reference":{"$type":"[SST:References.FieldReference]","Reference":{"$type":"[SST:References.VariableReference]","Identifier":"this"},"FieldName":"0F:[ACAT.Lib.Core.Interpreter.Parser, Core] [ACAT.Lib.Core.AnimationManagement.AnimationWidget, Core]._parser"}}},{"$type":"[SST:Statements.ExpressionStatement]","Expression":{"$type":"[SST:Expressions.Assignable.InvocationExpression]","Reference":{"$type":"[SST:References.VariableReference]","Identifier":"$2"},"MethodName":"0M:[p:bool] [ACAT.Lib.Core.Interpreter.Parser, Core].Parse([p:string] inputString, ref [ACAT.Lib.Core.Interpreter.PCode, Core] pCode)","Parameters":[{"$type":"[SST:Expressions.Simple.ReferenceExpression]","Reference":{"$type":"[SST:References.VariableReference]","Identifier":"onHighlightOn"}},{"$type":"[SST:Expressions.Simple.ReferenceExpression]","Reference":{"$type":"[SST:References.FieldReference]","Reference":{"$type":"[SST:References.VariableReference]","Identifier":"this"},"FieldName":"0F:[ACAT.Lib.Core.Interpreter.PCode, Core] [ACAT.Lib.Core.AnimationManagement.AnimationWidget, Core].OnHighlightOn"}}]}},{"$type":"[SST:Statements.VariableDeclaration]","Reference":{"$type":"[SST:References.VariableReference]","Identifier":"onHighlightOff"},"Type":"0T:p:string"},{"$type":"[SST:Statements.Assignment]","Reference":{"$type":"[SST:References.VariableReference]","Identifier":"onHighlightOff"},"Expression":{"$type":"[SST:Expressions.Assignable.InvocationExpression]","Reference":{"$type":"[SST:References.VariableReference]","Identifier":""},"MethodName":"0M:static [p:string] [ACAT.Lib.Core.Utility.XmlUtils, Core].GetXMLAttrString([System.Xml.XmlNode, System.Xml, 4.0.0.0] node, [p:string] attrName)","Parameters":[{"$type":"[SST:Expressions.Simple.ReferenceExpression]","Reference":{"$type":"[SST:References.VariableReference]","Identifier":"xmlNode"}},{"$type":"[SST:Expressions.Simple.ConstantValueExpression]"}]}},{"$type":"[SST:Statements.VariableDeclaration]","Reference":{"$type":"[SST:References.VariableReference]","Identifier":"$3"},"Type":"0T:ACAT.Lib.Core.Interpreter.Parser, Core"},{"$type":"[SST:Statements.Assignment]","Reference":{"$type":"[SST:References.VariableReference]","Identifier":"$3"},"Expression":{"$type":"[SST:Expressions.Simple.ReferenceExpression]","Reference":{"$type":"[SST:References.FieldReference]","Reference":{"$type":"[SST:References.VariableReference]","Identifier":"this"},"FieldName":"0F:[ACAT.Lib.Core.Interpreter.Parser, Core] [ACAT.Lib.Core.AnimationManagement.AnimationWidget, Core]._parser"}}},{"$type":"[SST:Statements.ExpressionStatement]","Expression":{"$type":"[SST:Expressions.Assignable.InvocationExpression]","Reference":{"$type":"[SST:References.VariableReference]","Identifier":"$3"},"MethodName":"0M:[p:bool] [ACAT.Lib.Core.Interpreter.Parser, Core].Parse([p:string] inputString, ref [ACAT.Lib.Core.Interpreter.PCode, Core] pCode)","Parameters":[{"$type":"[SST:Expressions.Simple.ReferenceExpression]","Reference":{"$type":"[SST:References.VariableReference]","Identifier":"onHighlightOff"}},{"$type":"[SST:Expressions.Simple.ReferenceExpression]","Reference":{"$type":"[SST:References.FieldReference]","Reference":{"$type":"[SST:References.VariableReference]","Identifier":"this"},"FieldName":"0F:[ACAT.Lib.Core.Interpreter.PCode, Core] [ACAT.Lib.Core.AnimationManagement.AnimationWidget, Core].OnHighlightOff"}}]}},{"$type":"[SST:Statements.VariableDeclaration]","Reference":{"$type":"[SST:References.VariableReference]","Identifier":"onMouseClick"},"Type":"0T:p:string"},{"$type":"[SST:Statements.Assignment]","Reference":{"$type":"[SST:References.VariableReference]","Identifier":"onMouseClick"},"Expression":{"$type":"[SST:Expressions.Assignable.InvocationExpression]","Reference":{"$type":"[SST:References.VariableReference]","Identifier":""},"MethodName":"0M:static [p:string] [ACAT.Lib.Core.Utility.XmlUtils, Core].GetXMLAttrString([System.Xml.XmlNode, System.Xml, 4.0.0.0] node, [p:string] attrName)","Parameters":[{"$type":"[SST:Expressions.Simple.ReferenceExpression]","Reference":{"$type":"[SST:References.VariableReference]","Identifier":"xmlNode"}},{"$type":"[SST:Expressions.Simple.ConstantValueExpression]"}]}},{"$type":"[SST:Statements.VariableDeclaration]","Reference":{"$type":"[SST:References.VariableReference]","Identifier":"$4"},"Type":"0T:ACAT.Lib.Core.Interpreter.Parser, Core"},{"$type":"[SST:Statements.Assignment]","Reference":{"$type":"[SST:References.VariableReference]","Identifier":"$4"},"Expression":{"$type":"[SST:Expressions.Simple.ReferenceExpression]","Reference":{"$type":"[SST:References.FieldReference]","Reference":{"$type":"[SST:References.VariableReference]","Identifier":"this"},"FieldName":"0F:[ACAT.Lib.Core.Interpreter.Parser, Core] [ACAT.Lib.Core.AnimationManagement.AnimationWidget, Core]._parser"}}},{"$type":"[SST:Statements.ExpressionStatement]","Expression":{"$type":"[SST:Expressions.Assignable.InvocationExpression]","Reference":{"$type":"[SST:References.VariableReference]","Identifier":"$4"},"MethodName":"0M:[p:bool] [ACAT.Lib.Core.Interpreter.Parser, Core].Parse([p:string] inputString, ref [ACAT.Lib.Core.Interpreter.PCode, Core] pCode)","Parameters":[{"$type":"[SST:Expressions.Simple.ReferenceExpression]","Reference":{"$type":"[SST:References.VariableReference]","Identifier":"onMouseClick"}},{"$type":"[SST:Expressions.Simple.ReferenceExpression]","Reference":{"$type":"[SST:References.FieldReference]","Reference":{"$type":"[SST:References.VariableReference]","Identifier":"this"},"FieldName":"0F:[ACAT.Lib.Core.Interpreter.PCode, Core] [ACAT.Lib.Core.AnimationManagement.AnimationWidget, Core].OnMouseClick"}}]}},{"$type":"[SST:Statements.Assignment]","Reference":{"$type":"[SST:References.FieldReference]","Reference":{"$type":"[SST:References.VariableReference]","Identifier":"this"},"FieldName":"0F:[p:string] [ACAT.Lib.Core.AnimationManagement.AnimationWidget, Core]._hesitateTimeVariableName"},"Expression":{"$type":"[SST:Expressions.Assignable.InvocationExpression]","Reference":{"$type":"[SST:References.VariableReference]","Identifier":""},"MethodName":"0M:static [p:string] [ACAT.Lib.Core.Utility.XmlUtils, Core].GetXMLAttrString([System.Xml.XmlNode, System.Xml, 4.0.0.0] node, [p:string] attrName)","Parameters":[{"$type":"[SST:Expressions.Simple.ReferenceExpression]","Reference":{"$type":"[SST:References.VariableReference]","Identifier":"xmlNode"}},{"$type":"[SST:Expressions.Simple.ConstantValueExpression]"}]}},{"$type":"[SST:Statements.VariableDeclaration]","Reference":{"$type":"[SST:References.VariableReference]","Identifier":"$5"},"Type":"0T:ACAT.Lib.Core.Utility.Preferences, Core"},{"$type":"[SST:Statements.Assignment]","Reference":{"$type":"[SST:References.VariableReference]","Identifier":"$5"},"Expression":{"$type":"[SST:Expressions.Simple.ReferenceExpression]","Reference":{"$type":"[SST:References.PropertyReference]","Reference":{"$type":"[SST:References.VariableReference]","Identifier":""},"PropertyName":"0P:set get static [ACAT.Lib.Core.Utility.Preferences, Core] [ACAT.Lib.Core.Utility.CoreGlobals, Core].AppPreferences()"}}},{"$type":"[SST:Statements.Assignment]","Reference":{"$type":"[SST:References.FieldReference]","Reference":{"$type":"[SST:References.VariableReference]","Identifier":"this"},"FieldName":"0F:[p:int] [ACAT.Lib.Core.AnimationManagement.AnimationWidget, Core].HesitateTime"},"Expression":{"$type":"[SST:Expressions.Assignable.InvocationExpression]","Reference":{"$type":"[SST:References.VariableReference]","Identifier":"$5"},"MethodName":"0M:[p:int] [ACAT.Lib.Core.Utility.Preferences, Core].ResolveVariableInt([p:string] value, [p:int] defaultIfNull, [p:int] defaultValue)","Parameters":[{"$type":"[SST:Expressions.Simple.ReferenceExpression]","Reference":{"$type":"[SST:References.FieldReference]","Reference":{"$type":"[SST:References.VariableReference]","Identifier":"this"},"FieldName":"0F:[p:string] [ACAT.Lib.Core.AnimationManagement.AnimationWidget, Core]._hesitateTimeVariableName"}},{"$type":"[SST:Expressions.Simple.ConstantValueExpression]","Value":"0"},{"$type":"[SST:Expressions.Simple.ConstantValueExpression]","Value":"0"}]}}]},{"$type":"[SST:Declarations.MethodDeclaration]","Name":"0M:[p:void] [ACAT.Lib.Core.AnimationManagement.AnimationWidget, Core].Dispose([p:bool] disposing)","IsEntryPoint":false,"Body":[{"$type":"[SST:Statements.VariableDeclaration]","Reference":{"$type":"[SST:References.VariableReference]","Identifier":"$0"},"Type":"0T:p:bool"},{"$type":"[SST:Statements.Assignment]","Reference":{"$type":"[SST:References.VariableReference]","Identifier":"$0"},"Expression":{"$type":"[SST:Expressions.Assignable.UnaryExpression]","Operator":1,"Operand":{"$type":"[SST:Expressions.Simple.ReferenceExpression]","Reference":{"$type":"[SST:References.FieldReference]","Reference":{"$type":"[SST:References.VariableReference]","Identifier":"this"},"FieldName":"0F:[p:bool] [ACAT.Lib.Core.AnimationManagement.AnimationWidget, Core]._disposed"}}}},{"$type":"[SST:Blocks.IfElseBlock]","Condition":{"$type":"[SST:Expressions.Simple.ReferenceExpression]","Reference":{"$type":"[SST:References.VariableReference]","Identifier":"$0"}},"Then":[{"$type":"[SST:Blocks.IfElseBlock]","Condition":{"$type":"[SST:Expressions.Simple.ReferenceExpression]","Reference":{"$type":"[SST:References.VariableReference]","Identifier":"disposing"}},"Then":[{"$type":"[SST:Statements.VariableDeclaration]","Reference":{"$type":"[SST:References.VariableReference]","Identifier":"$1"},"Type":"0T:ACAT.Lib.Core.Utility.Preferences, Core"},{"$type":"[SST:Statements.Assignment]","Reference":{"$type":"[SST:References.VariableReference]","Identifier":"$1"},"Expression":{"$type":"[SST:Expressions.Simple.ReferenceExpression]","Reference":{"$type":"[SST:References.PropertyReference]","Reference":{"$type":"[SST:References.VariableReference]","Identifier":""},"PropertyName":"0P:set get static [ACAT.Lib.Core.Utility.Preferences, Core] [ACAT.Lib.Core.Utility.CoreGlobals, Core].AppPreferences()"}}},{"$type":"[SST:Statements.EventSubscriptionStatement]","Reference":{"$type":"[SST:References.EventReference]","Reference":{"$type":"[SST:References.VariableReference]","Identifier":"$1"},"EventName":"0E:[d:[p:void] [ACAT.Lib.Core.Utility.PreferencesBase+PreferencesChangedDelegate, Core].()] [ACAT.Lib.Core.Utility.PreferencesBase, Core].EvtPreferencesChanged"},"Operation":1,"Expression":{"$type":"[SST:Expressions.Simple.ReferenceExpression]","Reference":{"$type":"[SST:References.MethodReference]","Reference":{"$type":"[SST:References.VariableReference]","Identifier":"this"},"MethodName":"0M:[p:void] [ACAT.Lib.Core.AnimationManagement.AnimationWidget, Core].AppPreferences_EvtPreferencesChanged()"}}}],"Else":[]}],"Else":[]},{"$type":"[SST:Statements.Assignment]","Reference":{"$type":"[SST:References.FieldReference]","Reference":{"$type":"[SST:References.VariableReference]","Identifier":"this"},"FieldName":"0F:[p:bool] [ACAT.Lib.Core.AnimationManagement.AnimationWidget, Core]._disposed"},"Expression":{"$type":"[SST:Expressions.Simple.ConstantValueExpression]","Value":"true"}}]},{"$type":"[SST:Declarations.MethodDeclaration]","Name":"0M:[p:void] [ACAT.Lib.Core.AnimationManagement.AnimationWidget, Core].AppPreferences_EvtPreferencesChanged()","IsEntryPoint":false,"Body":[{"$type":"[SST:Statements.VariableDeclaration]","Reference":{"$type":"[SST:References.VariableReference]","Identifier":"$0"},"Type":"0T:ACAT.Lib.Core.Utility.Preferences, Core"},{"$type":"[SST:Statements.Assignment]","Reference":{"$type":"[SST:References.VariableReference]","Identifier":"$0"},"Expression":{"$type":"[SST:Expressions.Simple.ReferenceExpression]","Reference":{"$type":"[SST:References.PropertyReference]","Reference":{"$type":"[SST:References.VariableReference]","Identifier":""},"PropertyName":"0P:set get static [ACAT.Lib.Core.Utility.Preferences, Core] [ACAT.Lib.Core.Utility.CoreGlobals, Core].AppPreferences()"}}},{"$type":"[SST:Statements.Assignment]","Reference":{"$type":"[SST:References.FieldReference]","Reference":{"$type":"[SST:References.VariableReference]","Identifier":"this"},"FieldName":"0F:[p:int] [ACAT.Lib.Core.AnimationManagement.AnimationWidget, Core].HesitateTime"},"Expression":{"$type":"[SST:Expressions.Assignable.InvocationExpression]","Reference":{"$type":"[SST:References.VariableReference]","Identifier":"$0"},"MethodName":"0M:[p:int] [ACAT.Lib.Core.Utility.Preferences, Core].ResolveVariableInt([p:string] value, [p:int] defaultIfNull, [p:int] defaultValue)","Parameters":[{"$type":"[SST:Expressions.Simple.ReferenceExpression]","Reference":{"$type":"[SST:References.FieldReference]","Reference":{"$type":"[SST:References.VariableReference]","Identifier":"this"},"FieldName":"0F:[p:string] [ACAT.Lib.Core.AnimationManagement.AnimationWidget, Core]._hesitateTimeVariableName"}},{"$type":"[SST:Expressions.Simple.ConstantValueExpression]","Value":"0"},{"$type":"[SST:Expressions.Simple.ConstantValueExpression]","Value":"0"}]}}]}],"Events":[],"Delegates":[]}}