{"$type":"KaVE.Commons.Model.Events.CompletionEvents.Context, KaVE.Commons","TypeShape":{"$type":"KaVE.Commons.Model.TypeShapes.TypeShape, KaVE.Commons","TypeHierarchy":{"$type":"KaVE.Commons.Model.TypeShapes.TypeHierarchy, KaVE.Commons","Element":"0T:ACAT.Lib.Core.AnimationManagement.ResolveWidgetChildrenEventArgs, Core","Extends":{"$type":"KaVE.Commons.Model.TypeShapes.TypeHierarchy, KaVE.Commons","Element":"0T:System.EventArgs, mscorlib, 4.0.0.0","Implements":[]},"Implements":[]},"NestedTypes":[],"Delegates":[],"EventHierarchies":[],"Fields":[],"MethodHierarchies":[{"$type":"KaVE.Commons.Model.TypeShapes.MethodHierarchy, KaVE.Commons","Element":"0M:[p:void] [ACAT.Lib.Core.AnimationManagement.ResolveWidgetChildrenEventArgs, Core]..ctor([ACAT.Lib.Core.WidgetManagement.Widget, Core] rootWidget, [ACAT.Lib.Core.WidgetManagement.Widget, Core] containerWidget, [System.Xml.XmlNode, System.Xml, 4.0.0.0] xmlNode)"}],"PropertyHierarchies":[{"$type":"KaVE.Commons.Model.TypeShapes.PropertyHierarchy, KaVE.Commons","Element":"0P:set get [ACAT.Lib.Core.WidgetManagement.Widget, Core] [ACAT.Lib.Core.AnimationManagement.ResolveWidgetChildrenEventArgs, Core].ContainerWidget()"},{"$type":"KaVE.Commons.Model.TypeShapes.PropertyHierarchy, KaVE.Commons","Element":"0P:set get [System.Xml.XmlNode, System.Xml, 4.0.0.0] [ACAT.Lib.Core.AnimationManagement.ResolveWidgetChildrenEventArgs, Core].Node()"},{"$type":"KaVE.Commons.Model.TypeShapes.PropertyHierarchy, KaVE.Commons","Element":"0P:set get [ACAT.Lib.Core.WidgetManagement.Widget, Core] [ACAT.Lib.Core.AnimationManagement.ResolveWidgetChildrenEventArgs, Core].RootWidget()"}]},"SST":{"$type":"[SST:SST]","EnclosingType":"0T:ACAT.Lib.Core.AnimationManagement.ResolveWidgetChildrenEventArgs, Core","Fields":[],"Properties":[{"$type":"[SST:Declarations.PropertyDeclaration]","Name":"0P:set get [ACAT.Lib.Core.WidgetManagement.Widget, Core] [ACAT.Lib.Core.AnimationManagement.ResolveWidgetChildrenEventArgs, Core].ContainerWidget()","Get":[],"Set":[]},{"$type":"[SST:Declarations.PropertyDeclaration]","Name":"0P:set get [System.Xml.XmlNode, System.Xml, 4.0.0.0] [ACAT.Lib.Core.AnimationManagement.ResolveWidgetChildrenEventArgs, Core].Node()","Get":[],"Set":[]},{"$type":"[SST:Declarations.PropertyDeclaration]","Name":"0P:set get [ACAT.Lib.Core.WidgetManagement.Widget, Core] [ACAT.Lib.Core.AnimationManagement.ResolveWidgetChildrenEventArgs, Core].RootWidget()","Get":[],"Set":[]}],"Methods":[{"$type":"[SST:Declarations.MethodDeclaration]","Name":"0M:[p:void] [ACAT.Lib.Core.AnimationManagement.ResolveWidgetChildrenEventArgs, Core]..ctor([ACAT.Lib.Core.WidgetManagement.Widget, Core] rootWidget, [ACAT.Lib.Core.WidgetManagement.Widget, Core] containerWidget, [System.Xml.XmlNode, System.Xml, 4.0.0.0] xmlNode)","IsEntryPoint":true,"Body":[{"$type":"[SST:Statements.Assignment]","Reference":{"$type":"[SST:References.PropertyReference]","Reference":{"$type":"[SST:References.VariableReference]","Identifier":"this"},"PropertyName":"0P:set get [ACAT.Lib.Core.WidgetManagement.Widget, Core] [ACAT.Lib.Core.AnimationManagement.ResolveWidgetChildrenEventArgs, Core].RootWidget()"},"Expression":{"$type":"[SST:Expressions.Simple.ReferenceExpression]","Reference":{"$type":"[SST:References.VariableReference]","Identifier":"rootWidget"}}},{"$type":"[SST:Statements.Assignment]","Reference":{"$type":"[SST:References.PropertyReference]","Reference":{"$type":"[SST:References.VariableReference]","Identifier":"this"},"PropertyName":"0P:set get [ACAT.Lib.Core.WidgetManagement.Widget, Core] [ACAT.Lib.Core.AnimationManagement.ResolveWidgetChildrenEventArgs, Core].ContainerWidget()"},"Expression":{"$type":"[SST:Expressions.Simple.ReferenceExpression]","Reference":{"$type":"[SST:References.VariableReference]","Identifier":"containerWidget"}}},{"$type":"[SST:Statements.Assignment]","Reference":{"$type":"[SST:References.PropertyReference]","Reference":{"$type":"[SST:References.VariableReference]","Identifier":"this"},"PropertyName":"0P:set get [System.Xml.XmlNode, System.Xml, 4.0.0.0] [ACAT.Lib.Core.AnimationManagement.ResolveWidgetChildrenEventArgs, Core].Node()"},"Expression":{"$type":"[SST:Expressions.Simple.ReferenceExpression]","Reference":{"$type":"[SST:References.VariableReference]","Identifier":"xmlNode"}}}]}],"Events":[],"Delegates":[]}}