{"$type":"KaVE.Commons.Model.Events.CompletionEvents.Context, KaVE.Commons","TypeShape":{"$type":"KaVE.Commons.Model.TypeShapes.TypeShape, KaVE.Commons","TypeHierarchy":{"$type":"KaVE.Commons.Model.TypeShapes.TypeHierarchy, KaVE.Commons","Element":"0T:i:ACAT.Lib.Core.PanelManagement.CommandDispatcher.IRunCommandDispatcher, Core","Implements":[]},"NestedTypes":[],"Delegates":[],"EventHierarchies":[],"Fields":[],"MethodHierarchies":[],"PropertyHierarchies":[{"$type":"KaVE.Commons.Model.TypeShapes.PropertyHierarchy, KaVE.Commons","Element":"0P:set get [i:ACAT.Lib.Core.PanelManagement.IScannerPanel, Core] [i:ACAT.Lib.Core.PanelManagement.CommandDispatcher.IRunCommandDispatcher, Core].Scanner()"}]},"SST":{"$type":"[SST:SST]","EnclosingType":"0T:i:ACAT.Lib.Core.PanelManagement.CommandDispatcher.IRunCommandDispatcher, Core","Fields":[],"Properties":[{"$type":"[SST:Declarations.PropertyDeclaration]","Name":"0P:set get [i:ACAT.Lib.Core.PanelManagement.IScannerPanel, Core] [i:ACAT.Lib.Core.PanelManagement.CommandDispatcher.IRunCommandDispatcher, Core].Scanner()","Get":[],"Set":[]}],"Methods":[],"Events":[],"Delegates":[]}}