{"$type":"KaVE.Commons.Model.Events.CompletionEvents.Context, KaVE.Commons","TypeShape":{"$type":"KaVE.Commons.Model.TypeShapes.TypeShape, KaVE.Commons","TypeHierarchy":{"$type":"KaVE.Commons.Model.TypeShapes.TypeHierarchy, KaVE.Commons","Element":"0T:ACAT.Lib.Core.PanelManagement.PostExitCommand, Core","Implements":[]},"NestedTypes":[],"Delegates":[],"EventHierarchies":[],"Fields":[],"MethodHierarchies":[{"$type":"KaVE.Commons.Model.TypeShapes.MethodHierarchy, KaVE.Commons","Element":"0M:[p:void] [ACAT.Lib.Core.PanelManagement.PostExitCommand, Core]..ctor()"}],"PropertyHierarchies":[{"$type":"KaVE.Commons.Model.TypeShapes.PropertyHierarchy, KaVE.Commons","Element":"0P:set get [ACAT.Lib.Core.PanelManagement.CommandDispatcher.RunCommandHandler, Core] [ACAT.Lib.Core.PanelManagement.PostExitCommand, Core].Command()"},{"$type":"KaVE.Commons.Model.TypeShapes.PropertyHierarchy, KaVE.Commons","Element":"0P:set get [p:bool] [ACAT.Lib.Core.PanelManagement.PostExitCommand, Core].ContextSwitch()"}]},"SST":{"$type":"[SST:SST]","EnclosingType":"0T:ACAT.Lib.Core.PanelManagement.PostExitCommand, Core","Fields":[],"Properties":[{"$type":"[SST:Declarations.PropertyDeclaration]","Name":"0P:set get [ACAT.Lib.Core.PanelManagement.CommandDispatcher.RunCommandHandler, Core] [ACAT.Lib.Core.PanelManagement.PostExitCommand, Core].Command()","Get":[],"Set":[]},{"$type":"[SST:Declarations.PropertyDeclaration]","Name":"0P:set get [p:bool] [ACAT.Lib.Core.PanelManagement.PostExitCommand, Core].ContextSwitch()","Get":[],"Set":[]}],"Methods":[{"$type":"[SST:Declarations.MethodDeclaration]","Name":"0M:[p:void] [ACAT.Lib.Core.PanelManagement.PostExitCommand, Core]..ctor()","IsEntryPoint":true,"Body":[{"$type":"[SST:Statements.Assignment]","Reference":{"$type":"[SST:References.PropertyReference]","Reference":{"$type":"[SST:References.VariableReference]","Identifier":"this"},"PropertyName":"0P:set get [ACAT.Lib.Core.PanelManagement.CommandDispatcher.RunCommandHandler, Core] [ACAT.Lib.Core.PanelManagement.PostExitCommand, Core].Command()"},"Expression":{"$type":"[SST:Expressions.Simple.ConstantValueExpression]","Value":"null"}},{"$type":"[SST:Statements.Assignment]","Reference":{"$type":"[SST:References.PropertyReference]","Reference":{"$type":"[SST:References.VariableReference]","Identifier":"this"},"PropertyName":"0P:set get [p:bool] [ACAT.Lib.Core.PanelManagement.PostExitCommand, Core].ContextSwitch()"},"Expression":{"$type":"[SST:Expressions.Simple.ConstantValueExpression]","Value":"false"}}]}],"Events":[],"Delegates":[]}}