{"$type":"KaVE.Commons.Model.Events.CompletionEvents.Context, KaVE.Commons","TypeShape":{"$type":"KaVE.Commons.Model.TypeShapes.TypeShape, KaVE.Commons","TypeHierarchy":{"$type":"KaVE.Commons.Model.TypeShapes.TypeHierarchy, KaVE.Commons","Element":"0T:ACAT.Lib.Core.PanelManagement.ScannerShowEventArg, Core","Extends":{"$type":"KaVE.Commons.Model.TypeShapes.TypeHierarchy, KaVE.Commons","Element":"0T:System.EventArgs, mscorlib, 4.0.0.0","Implements":[]},"Implements":[]},"NestedTypes":[],"Delegates":[],"EventHierarchies":[],"Fields":[],"MethodHierarchies":[{"$type":"KaVE.Commons.Model.TypeShapes.MethodHierarchy, KaVE.Commons","Element":"0M:[p:void] [ACAT.Lib.Core.PanelManagement.ScannerShowEventArg, Core]..ctor([i:ACAT.Lib.Core.PanelManagement.IScannerPanel, Core] panel)"}],"PropertyHierarchies":[{"$type":"KaVE.Commons.Model.TypeShapes.PropertyHierarchy, KaVE.Commons","Element":"0P:set get [i:ACAT.Lib.Core.PanelManagement.IScannerPanel, Core] [ACAT.Lib.Core.PanelManagement.ScannerShowEventArg, Core].Scanner()"}]},"SST":{"$type":"[SST:SST]","EnclosingType":"0T:ACAT.Lib.Core.PanelManagement.ScannerShowEventArg, Core","Fields":[],"Properties":[{"$type":"[SST:Declarations.PropertyDeclaration]","Name":"0P:set get [i:ACAT.Lib.Core.PanelManagement.IScannerPanel, Core] [ACAT.Lib.Core.PanelManagement.ScannerShowEventArg, Core].Scanner()","Get":[],"Set":[]}],"Methods":[{"$type":"[SST:Declarations.MethodDeclaration]","Name":"0M:[p:void] [ACAT.Lib.Core.PanelManagement.ScannerShowEventArg, Core]..ctor([i:ACAT.Lib.Core.PanelManagement.IScannerPanel, Core] panel)","IsEntryPoint":true,"Body":[{"$type":"[SST:Statements.Assignment]","Reference":{"$type":"[SST:References.PropertyReference]","Reference":{"$type":"[SST:References.VariableReference]","Identifier":"this"},"PropertyName":"0P:set get [i:ACAT.Lib.Core.PanelManagement.IScannerPanel, Core] [ACAT.Lib.Core.PanelManagement.ScannerShowEventArg, Core].Scanner()"},"Expression":{"$type":"[SST:Expressions.Simple.ReferenceExpression]","Reference":{"$type":"[SST:References.VariableReference]","Identifier":"panel"}}}]}],"Events":[],"Delegates":[]}}