{"$type":"KaVE.Commons.Model.Events.CompletionEvents.Context, KaVE.Commons","TypeShape":{"$type":"KaVE.Commons.Model.TypeShapes.TypeShape, KaVE.Commons","TypeHierarchy":{"$type":"KaVE.Commons.Model.TypeShapes.TypeHierarchy, KaVE.Commons","Element":"0T:e:ACAT.Lib.Core.PanelManagement.TextController+LastAction, Core","Implements":[]},"NestedTypes":[],"Delegates":[],"EventHierarchies":[],"Fields":["0F:[e:ACAT.Lib.Core.PanelManagement.TextController+LastAction, Core] [e:ACAT.Lib.Core.PanelManagement.TextController+LastAction, Core].Unknown","0F:[e:ACAT.Lib.Core.PanelManagement.TextController+LastAction, Core] [e:ACAT.Lib.Core.PanelManagement.TextController+LastAction, Core].AlphaNumeric","0F:[e:ACAT.Lib.Core.PanelManagement.TextController+LastAction, Core] [e:ACAT.Lib.Core.PanelManagement.TextController+LastAction, Core].Punctuation","0F:[e:ACAT.Lib.Core.PanelManagement.TextController+LastAction, Core] [e:ACAT.Lib.Core.PanelManagement.TextController+LastAction, Core].AutoCompleteWord"],"MethodHierarchies":[],"PropertyHierarchies":[]},"SST":{"$type":"[SST:SST]","EnclosingType":"0T:e:ACAT.Lib.Core.PanelManagement.TextController+LastAction, Core","Fields":[{"$type":"[SST:Declarations.FieldDeclaration]","Name":"0F:[e:ACAT.Lib.Core.PanelManagement.TextController+LastAction, Core] [e:ACAT.Lib.Core.PanelManagement.TextController+LastAction, Core].Unknown"},{"$type":"[SST:Declarations.FieldDeclaration]","Name":"0F:[e:ACAT.Lib.Core.PanelManagement.TextController+LastAction, Core] [e:ACAT.Lib.Core.PanelManagement.TextController+LastAction, Core].AlphaNumeric"},{"$type":"[SST:Declarations.FieldDeclaration]","Name":"0F:[e:ACAT.Lib.Core.PanelManagement.TextController+LastAction, Core] [e:ACAT.Lib.Core.PanelManagement.TextController+LastAction, Core].Punctuation"},{"$type":"[SST:Declarations.FieldDeclaration]","Name":"0F:[e:ACAT.Lib.Core.PanelManagement.TextController+LastAction, Core] [e:ACAT.Lib.Core.PanelManagement.TextController+LastAction, Core].AutoCompleteWord"}],"Properties":[],"Methods":[],"Events":[],"Delegates":[]}}