{"$type":"KaVE.Commons.Model.Events.CompletionEvents.Context, KaVE.Commons","TypeShape":{"$type":"KaVE.Commons.Model.TypeShapes.TypeShape, KaVE.Commons","TypeHierarchy":{"$type":"KaVE.Commons.Model.TypeShapes.TypeHierarchy, KaVE.Commons","Element":"0T:e:ACAT.Lib.Core.PanelManagement.PanelClasses+PanelCategory, Core","Implements":[]},"NestedTypes":[],"Delegates":[],"EventHierarchies":[],"Fields":["0F:[e:ACAT.Lib.Core.PanelManagement.PanelClasses+PanelCategory, Core] [e:ACAT.Lib.Core.PanelManagement.PanelClasses+PanelCategory, Core].Unknown","0F:[e:ACAT.Lib.Core.PanelManagement.PanelClasses+PanelCategory, Core] [e:ACAT.Lib.Core.PanelManagement.PanelClasses+PanelCategory, Core].Scanner","0F:[e:ACAT.Lib.Core.PanelManagement.PanelClasses+PanelCategory, Core] [e:ACAT.Lib.Core.PanelManagement.PanelClasses+PanelCategory, Core].Dialog","0F:[e:ACAT.Lib.Core.PanelManagement.PanelClasses+PanelCategory, Core] [e:ACAT.Lib.Core.PanelManagement.PanelClasses+PanelCategory, Core].ContextualMenu","0F:[e:ACAT.Lib.Core.PanelManagement.PanelClasses+PanelCategory, Core] [e:ACAT.Lib.Core.PanelManagement.PanelClasses+PanelCategory, Core].Menu"],"MethodHierarchies":[],"PropertyHierarchies":[]},"SST":{"$type":"[SST:SST]","EnclosingType":"0T:e:ACAT.Lib.Core.PanelManagement.PanelClasses+PanelCategory, Core","Fields":[{"$type":"[SST:Declarations.FieldDeclaration]","Name":"0F:[e:ACAT.Lib.Core.PanelManagement.PanelClasses+PanelCategory, Core] [e:ACAT.Lib.Core.PanelManagement.PanelClasses+PanelCategory, Core].Unknown"},{"$type":"[SST:Declarations.FieldDeclaration]","Name":"0F:[e:ACAT.Lib.Core.PanelManagement.PanelClasses+PanelCategory, Core] [e:ACAT.Lib.Core.PanelManagement.PanelClasses+PanelCategory, Core].Scanner"},{"$type":"[SST:Declarations.FieldDeclaration]","Name":"0F:[e:ACAT.Lib.Core.PanelManagement.PanelClasses+PanelCategory, Core] [e:ACAT.Lib.Core.PanelManagement.PanelClasses+PanelCategory, Core].Dialog"},{"$type":"[SST:Declarations.FieldDeclaration]","Name":"0F:[e:ACAT.Lib.Core.PanelManagement.PanelClasses+PanelCategory, Core] [e:ACAT.Lib.Core.PanelManagement.PanelClasses+PanelCategory, Core].ContextualMenu"},{"$type":"[SST:Declarations.FieldDeclaration]","Name":"0F:[e:ACAT.Lib.Core.PanelManagement.PanelClasses+PanelCategory, Core] [e:ACAT.Lib.Core.PanelManagement.PanelClasses+PanelCategory, Core].Menu"}],"Properties":[],"Methods":[],"Events":[],"Delegates":[]}}