{"$type":"KaVE.Commons.Model.Events.CompletionEvents.Context, KaVE.Commons","TypeShape":{"$type":"KaVE.Commons.Model.TypeShapes.TypeShape, KaVE.Commons","TypeHierarchy":{"$type":"KaVE.Commons.Model.TypeShapes.TypeHierarchy, KaVE.Commons","Element":"0T:i:ACAT.Lib.Core.PanelManagement.IDialogPanel, Core","Implements":[{"$type":"KaVE.Commons.Model.TypeShapes.TypeHierarchy, KaVE.Commons","Element":"0T:i:ACAT.Lib.Core.PanelManagement.IPanel, Core","Implements":[]}]},"NestedTypes":[],"Delegates":[],"EventHierarchies":[],"Fields":[],"MethodHierarchies":[{"$type":"KaVE.Commons.Model.TypeShapes.MethodHierarchy, KaVE.Commons","Element":"0M:[p:void] [i:ACAT.Lib.Core.PanelManagement.IDialogPanel, Core].OnButtonActuated([ACAT.Lib.Core.WidgetManagement.Widget, Core] widget)"},{"$type":"KaVE.Commons.Model.TypeShapes.MethodHierarchy, KaVE.Commons","Element":"0M:[p:void] [i:ACAT.Lib.Core.PanelManagement.IDialogPanel, Core].OnRunCommand([p:string] command, ref [p:bool] handled)"}],"PropertyHierarchies":[]},"SST":{"$type":"[SST:SST]","EnclosingType":"0T:i:ACAT.Lib.Core.PanelManagement.IDialogPanel, Core","Fields":[],"Properties":[],"Methods":[{"$type":"[SST:Declarations.MethodDeclaration]","Name":"0M:[p:void] [i:ACAT.Lib.Core.PanelManagement.IDialogPanel, Core].OnButtonActuated([ACAT.Lib.Core.WidgetManagement.Widget, Core] widget)","IsEntryPoint":false,"Body":[]},{"$type":"[SST:Declarations.MethodDeclaration]","Name":"0M:[p:void] [i:ACAT.Lib.Core.PanelManagement.IDialogPanel, Core].OnRunCommand([p:string] command, ref [p:bool] handled)","IsEntryPoint":false,"Body":[]}],"Events":[],"Delegates":[]}}