{"$type":"KaVE.Commons.Model.Events.CompletionEvents.Context, KaVE.Commons","TypeShape":{"$type":"KaVE.Commons.Model.TypeShapes.TypeShape, KaVE.Commons","TypeHierarchy":{"$type":"KaVE.Commons.Model.TypeShapes.TypeHierarchy, KaVE.Commons","Element":"0T:i:ACAT.Lib.Core.PanelManagement.IScannerPreview, Core","Implements":[]},"NestedTypes":[],"Delegates":[],"EventHierarchies":[],"Fields":[],"MethodHierarchies":[{"$type":"KaVE.Commons.Model.TypeShapes.MethodHierarchy, KaVE.Commons","Element":"0M:[p:void] [i:ACAT.Lib.Core.PanelManagement.IScannerPreview, Core].RestoreDefaults()"},{"$type":"KaVE.Commons.Model.TypeShapes.MethodHierarchy, KaVE.Commons","Element":"0M:[p:void] [i:ACAT.Lib.Core.PanelManagement.IScannerPreview, Core].SaveScaleSetting()"},{"$type":"KaVE.Commons.Model.TypeShapes.MethodHierarchy, KaVE.Commons","Element":"0M:[p:void] [i:ACAT.Lib.Core.PanelManagement.IScannerPreview, Core].SaveSettings()"},{"$type":"KaVE.Commons.Model.TypeShapes.MethodHierarchy, KaVE.Commons","Element":"0M:[p:void] [i:ACAT.Lib.Core.PanelManagement.IScannerPreview, Core].ScaleDefault()"},{"$type":"KaVE.Commons.Model.TypeShapes.MethodHierarchy, KaVE.Commons","Element":"0M:[p:void] [i:ACAT.Lib.Core.PanelManagement.IScannerPreview, Core].ScaleDown()"},{"$type":"KaVE.Commons.Model.TypeShapes.MethodHierarchy, KaVE.Commons","Element":"0M:[p:void] [i:ACAT.Lib.Core.PanelManagement.IScannerPreview, Core].ScaleUp()"}],"PropertyHierarchies":[{"$type":"KaVE.Commons.Model.TypeShapes.PropertyHierarchy, KaVE.Commons","Element":"0P:set get [p:bool] [i:ACAT.Lib.Core.PanelManagement.IScannerPreview, Core].PreviewMode()"}]},"SST":{"$type":"[SST:SST]","EnclosingType":"0T:i:ACAT.Lib.Core.PanelManagement.IScannerPreview, Core","Fields":[],"Properties":[{"$type":"[SST:Declarations.PropertyDeclaration]","Name":"0P:set get [p:bool] [i:ACAT.Lib.Core.PanelManagement.IScannerPreview, Core].PreviewMode()","Get":[],"Set":[]}],"Methods":[{"$type":"[SST:Declarations.MethodDeclaration]","Name":"0M:[p:void] [i:ACAT.Lib.Core.PanelManagement.IScannerPreview, Core].RestoreDefaults()","IsEntryPoint":false,"Body":[]},{"$type":"[SST:Declarations.MethodDeclaration]","Name":"0M:[p:void] [i:ACAT.Lib.Core.PanelManagement.IScannerPreview, Core].SaveScaleSetting()","IsEntryPoint":false,"Body":[]},{"$type":"[SST:Declarations.MethodDeclaration]","Name":"0M:[p:void] [i:ACAT.Lib.Core.PanelManagement.IScannerPreview, Core].SaveSettings()","IsEntryPoint":false,"Body":[]},{"$type":"[SST:Declarations.MethodDeclaration]","Name":"0M:[p:void] [i:ACAT.Lib.Core.PanelManagement.IScannerPreview, Core].ScaleDefault()","IsEntryPoint":false,"Body":[]},{"$type":"[SST:Declarations.MethodDeclaration]","Name":"0M:[p:void] [i:ACAT.Lib.Core.PanelManagement.IScannerPreview, Core].ScaleDown()","IsEntryPoint":false,"Body":[]},{"$type":"[SST:Declarations.MethodDeclaration]","Name":"0M:[p:void] [i:ACAT.Lib.Core.PanelManagement.IScannerPreview, Core].ScaleUp()","IsEntryPoint":false,"Body":[]}],"Events":[],"Delegates":[]}}