{"$type":"KaVE.Commons.Model.Events.CompletionEvents.Context, KaVE.Commons","TypeShape":{"$type":"KaVE.Commons.Model.TypeShapes.TypeShape, KaVE.Commons","TypeHierarchy":{"$type":"KaVE.Commons.Model.TypeShapes.TypeHierarchy, KaVE.Commons","Element":"0T:i:ACAT.Lib.Core.PanelManagement.ISupportsStatusBar, Core","Implements":[]},"NestedTypes":[],"Delegates":[],"EventHierarchies":[],"Fields":[],"MethodHierarchies":[],"PropertyHierarchies":[{"$type":"KaVE.Commons.Model.TypeShapes.PropertyHierarchy, KaVE.Commons","Element":"0P:get [ACAT.Lib.Core.PanelManagement.ScannerStatusBar, Core] [i:ACAT.Lib.Core.PanelManagement.ISupportsStatusBar, Core].ScannerStatusBar()"}]},"SST":{"$type":"[SST:SST]","EnclosingType":"0T:i:ACAT.Lib.Core.PanelManagement.ISupportsStatusBar, Core","Fields":[],"Properties":[{"$type":"[SST:Declarations.PropertyDeclaration]","Name":"0P:get [ACAT.Lib.Core.PanelManagement.ScannerStatusBar, Core] [i:ACAT.Lib.Core.PanelManagement.ISupportsStatusBar, Core].ScannerStatusBar()","Get":[],"Set":[]}],"Methods":[],"Events":[],"Delegates":[]}}