{"$type":"KaVE.Commons.Model.Events.CompletionEvents.Context, KaVE.Commons","TypeShape":{"$type":"KaVE.Commons.Model.TypeShapes.TypeShape, KaVE.Commons","TypeHierarchy":{"$type":"KaVE.Commons.Model.TypeShapes.TypeHierarchy, KaVE.Commons","Element":"0T:e:ACAT.Lib.Core.ActuatorManagement.State, Core","Implements":[]},"NestedTypes":[],"Delegates":[],"EventHierarchies":[],"Fields":["0F:[e:ACAT.Lib.Core.ActuatorManagement.State, Core] [e:ACAT.Lib.Core.ActuatorManagement.State, Core].Paused","0F:[e:ACAT.Lib.Core.ActuatorManagement.State, Core] [e:ACAT.Lib.Core.ActuatorManagement.State, Core].Running","0F:[e:ACAT.Lib.Core.ActuatorManagement.State, Core] [e:ACAT.Lib.Core.ActuatorManagement.State, Core].Stopped"],"MethodHierarchies":[],"PropertyHierarchies":[]},"SST":{"$type":"[SST:SST]","EnclosingType":"0T:e:ACAT.Lib.Core.ActuatorManagement.State, Core","Fields":[{"$type":"[SST:Declarations.FieldDeclaration]","Name":"0F:[e:ACAT.Lib.Core.ActuatorManagement.State, Core] [e:ACAT.Lib.Core.ActuatorManagement.State, Core].Paused"},{"$type":"[SST:Declarations.FieldDeclaration]","Name":"0F:[e:ACAT.Lib.Core.ActuatorManagement.State, Core] [e:ACAT.Lib.Core.ActuatorManagement.State, Core].Running"},{"$type":"[SST:Declarations.FieldDeclaration]","Name":"0F:[e:ACAT.Lib.Core.ActuatorManagement.State, Core] [e:ACAT.Lib.Core.ActuatorManagement.State, Core].Stopped"}],"Properties":[],"Methods":[],"Events":[],"Delegates":[]}}