{"$type":"KaVE.Commons.Model.Events.CompletionEvents.Context, KaVE.Commons","TypeShape":{"$type":"KaVE.Commons.Model.TypeShapes.TypeShape, KaVE.Commons","TypeHierarchy":{"$type":"KaVE.Commons.Model.TypeShapes.TypeHierarchy, KaVE.Commons","Element":"0T:i:ACAT.Lib.Core.Extensions.IExtension, Core","Implements":[]},"NestedTypes":[],"Delegates":[],"EventHierarchies":[],"Fields":[],"MethodHierarchies":[{"$type":"KaVE.Commons.Model.TypeShapes.MethodHierarchy, KaVE.Commons","Element":"0M:[ACAT.Lib.Core.Extensions.ExtensionInvoker, Core] [i:ACAT.Lib.Core.Extensions.IExtension, Core].GetInvoker()"}],"PropertyHierarchies":[]},"SST":{"$type":"[SST:SST]","EnclosingType":"0T:i:ACAT.Lib.Core.Extensions.IExtension, Core","Fields":[],"Properties":[],"Methods":[{"$type":"[SST:Declarations.MethodDeclaration]","Name":"0M:[ACAT.Lib.Core.Extensions.ExtensionInvoker, Core] [i:ACAT.Lib.Core.Extensions.IExtension, Core].GetInvoker()","IsEntryPoint":false,"Body":[]}],"Events":[],"Delegates":[]}}