{"$type":"KaVE.Commons.Model.Events.CompletionEvents.Context, KaVE.Commons","TypeShape":{"$type":"KaVE.Commons.Model.TypeShapes.TypeShape, KaVE.Commons","TypeHierarchy":{"$type":"KaVE.Commons.Model.TypeShapes.TypeHierarchy, KaVE.Commons","Element":"0T:ACAT.Lib.Core.Interpreter.ActionVerb, Core","Implements":[]},"NestedTypes":[],"Delegates":[],"EventHierarchies":[],"Fields":[],"MethodHierarchies":[{"$type":"KaVE.Commons.Model.TypeShapes.MethodHierarchy, KaVE.Commons","Element":"0M:[p:void] [ACAT.Lib.Core.Interpreter.ActionVerb, Core]..ctor()"}],"PropertyHierarchies":[{"$type":"KaVE.Commons.Model.TypeShapes.PropertyHierarchy, KaVE.Commons","Element":"0P:set get [p:string] [ACAT.Lib.Core.Interpreter.ActionVerb, Core].Action()"},{"$type":"KaVE.Commons.Model.TypeShapes.PropertyHierarchy, KaVE.Commons","Element":"0P:set get [System.Collections.Generic.List`1[[T -> p:string]], mscorlib, 4.0.0.0] [ACAT.Lib.Core.Interpreter.ActionVerb, Core].ArgList()"}]},"SST":{"$type":"[SST:SST]","EnclosingType":"0T:ACAT.Lib.Core.Interpreter.ActionVerb, Core","Fields":[],"Properties":[{"$type":"[SST:Declarations.PropertyDeclaration]","Name":"0P:set get [p:string] [ACAT.Lib.Core.Interpreter.ActionVerb, Core].Action()","Get":[],"Set":[]},{"$type":"[SST:Declarations.PropertyDeclaration]","Name":"0P:set get [System.Collections.Generic.List`1[[T -> p:string]], mscorlib, 4.0.0.0] [ACAT.Lib.Core.Interpreter.ActionVerb, Core].ArgList()","Get":[],"Set":[]}],"Methods":[{"$type":"[SST:Declarations.MethodDeclaration]","Name":"0M:[p:void] [ACAT.Lib.Core.Interpreter.ActionVerb, Core]..ctor()","IsEntryPoint":true,"Body":[{"$type":"[SST:Statements.Assignment]","Reference":{"$type":"[SST:References.PropertyReference]","Reference":{"$type":"[SST:References.VariableReference]","Identifier":"this"},"PropertyName":"0P:set get [System.Collections.Generic.List`1[[T -> p:string]], mscorlib, 4.0.0.0] [ACAT.Lib.Core.Interpreter.ActionVerb, Core].ArgList()"},"Expression":{"$type":"[SST:Expressions.Assignable.InvocationExpression]","Reference":{"$type":"[SST:References.VariableReference]","Identifier":""},"MethodName":"0M:[p:void] [System.Collections.Generic.List`1[[T -> p:string]], mscorlib, 4.0.0.0]..ctor()","Parameters":[]}}]}],"Events":[],"Delegates":[]}}