{"$type":"KaVE.Commons.Model.Events.CompletionEvents.Context, KaVE.Commons","TypeShape":{"$type":"KaVE.Commons.Model.TypeShapes.TypeShape, KaVE.Commons","TypeHierarchy":{"$type":"KaVE.Commons.Model.TypeShapes.TypeHierarchy, KaVE.Commons","Element":"0T:e:ACAT.Lib.Core.AbbreviationsManagement.Abbreviation+AbbreviationMode, Core","Implements":[]},"NestedTypes":[],"Delegates":[],"EventHierarchies":[],"Fields":["0F:[e:ACAT.Lib.Core.AbbreviationsManagement.Abbreviation+AbbreviationMode, Core] [e:ACAT.Lib.Core.AbbreviationsManagement.Abbreviation+AbbreviationMode, Core].None","0F:[e:ACAT.Lib.Core.AbbreviationsManagement.Abbreviation+AbbreviationMode, Core] [e:ACAT.Lib.Core.AbbreviationsManagement.Abbreviation+AbbreviationMode, Core].Write","0F:[e:ACAT.Lib.Core.AbbreviationsManagement.Abbreviation+AbbreviationMode, Core] [e:ACAT.Lib.Core.AbbreviationsManagement.Abbreviation+AbbreviationMode, Core].Speak"],"MethodHierarchies":[],"PropertyHierarchies":[]},"SST":{"$type":"[SST:SST]","EnclosingType":"0T:e:ACAT.Lib.Core.AbbreviationsManagement.Abbreviation+AbbreviationMode, Core","Fields":[{"$type":"[SST:Declarations.FieldDeclaration]","Name":"0F:[e:ACAT.Lib.Core.AbbreviationsManagement.Abbreviation+AbbreviationMode, Core] [e:ACAT.Lib.Core.AbbreviationsManagement.Abbreviation+AbbreviationMode, Core].None"},{"$type":"[SST:Declarations.FieldDeclaration]","Name":"0F:[e:ACAT.Lib.Core.AbbreviationsManagement.Abbreviation+AbbreviationMode, Core] [e:ACAT.Lib.Core.AbbreviationsManagement.Abbreviation+AbbreviationMode, Core].Write"},{"$type":"[SST:Declarations.FieldDeclaration]","Name":"0F:[e:ACAT.Lib.Core.AbbreviationsManagement.Abbreviation+AbbreviationMode, Core] [e:ACAT.Lib.Core.AbbreviationsManagement.Abbreviation+AbbreviationMode, Core].Speak"}],"Properties":[],"Methods":[],"Events":[],"Delegates":[]}}