{"$type":"KaVE.Commons.Model.Events.CompletionEvents.Context, KaVE.Commons","TypeShape":{"$type":"KaVE.Commons.Model.TypeShapes.TypeShape, KaVE.Commons","TypeHierarchy":{"$type":"KaVE.Commons.Model.TypeShapes.TypeHierarchy, KaVE.Commons","Element":"0T:e:ACAT.Lib.Core.Interpreter.Parser+ParseState, Core","Implements":[]},"NestedTypes":[],"Delegates":[],"EventHierarchies":[],"Fields":["0F:[e:ACAT.Lib.Core.Interpreter.Parser+ParseState, Core] [e:ACAT.Lib.Core.Interpreter.Parser+ParseState, Core].Begin","0F:[e:ACAT.Lib.Core.Interpreter.Parser+ParseState, Core] [e:ACAT.Lib.Core.Interpreter.Parser+ParseState, Core].ActionName","0F:[e:ACAT.Lib.Core.Interpreter.Parser+ParseState, Core] [e:ACAT.Lib.Core.Interpreter.Parser+ParseState, Core].Parameter","0F:[e:ACAT.Lib.Core.Interpreter.Parser+ParseState, Core] [e:ACAT.Lib.Core.Interpreter.Parser+ParseState, Core].Invalid"],"MethodHierarchies":[],"PropertyHierarchies":[]},"SST":{"$type":"[SST:SST]","EnclosingType":"0T:e:ACAT.Lib.Core.Interpreter.Parser+ParseState, Core","Fields":[{"$type":"[SST:Declarations.FieldDeclaration]","Name":"0F:[e:ACAT.Lib.Core.Interpreter.Parser+ParseState, Core] [e:ACAT.Lib.Core.Interpreter.Parser+ParseState, Core].Begin"},{"$type":"[SST:Declarations.FieldDeclaration]","Name":"0F:[e:ACAT.Lib.Core.Interpreter.Parser+ParseState, Core] [e:ACAT.Lib.Core.Interpreter.Parser+ParseState, Core].ActionName"},{"$type":"[SST:Declarations.FieldDeclaration]","Name":"0F:[e:ACAT.Lib.Core.Interpreter.Parser+ParseState, Core] [e:ACAT.Lib.Core.Interpreter.Parser+ParseState, Core].Parameter"},{"$type":"[SST:Declarations.FieldDeclaration]","Name":"0F:[e:ACAT.Lib.Core.Interpreter.Parser+ParseState, Core] [e:ACAT.Lib.Core.Interpreter.Parser+ParseState, Core].Invalid"}],"Properties":[],"Methods":[],"Events":[],"Delegates":[]}}