{"$type":"KaVE.Commons.Model.Events.CompletionEvents.Context, KaVE.Commons","TypeShape":{"$type":"KaVE.Commons.Model.TypeShapes.TypeShape, KaVE.Commons","TypeHierarchy":{"$type":"KaVE.Commons.Model.TypeShapes.TypeHierarchy, KaVE.Commons","Element":"0T:ACAT.Lib.Core.Interpreter.PCode, Core","Implements":[]},"NestedTypes":[],"Delegates":[],"EventHierarchies":[],"Fields":[],"MethodHierarchies":[{"$type":"KaVE.Commons.Model.TypeShapes.MethodHierarchy, KaVE.Commons","Element":"0M:[p:void] [ACAT.Lib.Core.Interpreter.PCode, Core]..ctor()"},{"$type":"KaVE.Commons.Model.TypeShapes.MethodHierarchy, KaVE.Commons","Element":"0M:[p:void] [ACAT.Lib.Core.Interpreter.PCode, Core].Clear()"},{"$type":"KaVE.Commons.Model.TypeShapes.MethodHierarchy, KaVE.Commons","Element":"0M:[p:bool] [ACAT.Lib.Core.Interpreter.PCode, Core].HasCode()"}],"PropertyHierarchies":[{"$type":"KaVE.Commons.Model.TypeShapes.PropertyHierarchy, KaVE.Commons","Element":"0P:set get [System.Collections.Generic.List`1[[T -> ACAT.Lib.Core.Interpreter.ActionVerb, Core]], mscorlib, 4.0.0.0] [ACAT.Lib.Core.Interpreter.PCode, Core].ActionVerbList()"},{"$type":"KaVE.Commons.Model.TypeShapes.PropertyHierarchy, KaVE.Commons","Element":"0P:set get [p:string] [ACAT.Lib.Core.Interpreter.PCode, Core].Script()"}]},"SST":{"$type":"[SST:SST]","EnclosingType":"0T:ACAT.Lib.Core.Interpreter.PCode, Core","Fields":[],"Properties":[{"$type":"[SST:Declarations.PropertyDeclaration]","Name":"0P:set get [System.Collections.Generic.List`1[[T -> ACAT.Lib.Core.Interpreter.ActionVerb, Core]], mscorlib, 4.0.0.0] [ACAT.Lib.Core.Interpreter.PCode, Core].ActionVerbList()","Get":[],"Set":[]},{"$type":"[SST:Declarations.PropertyDeclaration]","Name":"0P:set get [p:string] [ACAT.Lib.Core.Interpreter.PCode, Core].Script()","Get":[],"Set":[]}],"Methods":[{"$type":"[SST:Declarations.MethodDeclaration]","Name":"0M:[p:void] [ACAT.Lib.Core.Interpreter.PCode, Core]..ctor()","IsEntryPoint":true,"Body":[{"$type":"[SST:Statements.Assignment]","Reference":{"$type":"[SST:References.PropertyReference]","Reference":{"$type":"[SST:References.VariableReference]","Identifier":"this"},"PropertyName":"0P:set get [System.Collections.Generic.List`1[[T -> ACAT.Lib.Core.Interpreter.ActionVerb, Core]], mscorlib, 4.0.0.0] [ACAT.Lib.Core.Interpreter.PCode, Core].ActionVerbList()"},"Expression":{"$type":"[SST:Expressions.Assignable.InvocationExpression]","Reference":{"$type":"[SST:References.VariableReference]","Identifier":""},"MethodName":"0M:[p:void] [System.Collections.Generic.List`1[[T -> ACAT.Lib.Core.Interpreter.ActionVerb, Core]], mscorlib, 4.0.0.0]..ctor()","Parameters":[]}},{"$type":"[SST:Statements.Assignment]","Reference":{"$type":"[SST:References.PropertyReference]","Reference":{"$type":"[SST:References.VariableReference]","Identifier":"this"},"PropertyName":"0P:set get [p:string] [ACAT.Lib.Core.Interpreter.PCode, Core].Script()"},"Expression":{"$type":"[SST:Expressions.Simple.ReferenceExpression]","Reference":{"$type":"[SST:References.FieldReference]","Reference":{"$type":"[SST:References.VariableReference]","Identifier":""},"FieldName":"0F:static [p:string] [p:string].Empty"}}}]},{"$type":"[SST:Declarations.MethodDeclaration]","Name":"0M:[p:void] [ACAT.Lib.Core.Interpreter.PCode, Core].Clear()","IsEntryPoint":true,"Body":[{"$type":"[SST:Statements.Assignment]","Reference":{"$type":"[SST:References.PropertyReference]","Reference":{"$type":"[SST:References.VariableReference]","Identifier":"this"},"PropertyName":"0P:set get [p:string] [ACAT.Lib.Core.Interpreter.PCode, Core].Script()"},"Expression":{"$type":"[SST:Expressions.Simple.ReferenceExpression]","Reference":{"$type":"[SST:References.FieldReference]","Reference":{"$type":"[SST:References.VariableReference]","Identifier":""},"FieldName":"0F:static [p:string] [p:string].Empty"}}},{"$type":"[SST:Statements.VariableDeclaration]","Reference":{"$type":"[SST:References.VariableReference]","Identifier":"$0"},"Type":"0T:p:bool"},{"$type":"[SST:Statements.Assignment]","Reference":{"$type":"[SST:References.VariableReference]","Identifier":"$0"},"Expression":{"$type":"[SST:Expressions.Assignable.BinaryExpression]","LeftOperand":{"$type":"[SST:Expressions.Simple.ReferenceExpression]","Reference":{"$type":"[SST:References.PropertyReference]","Reference":{"$type":"[SST:References.VariableReference]","Identifier":"this"},"PropertyName":"0P:set get [System.Collections.Generic.List`1[[T -> ACAT.Lib.Core.Interpreter.ActionVerb, Core]], mscorlib, 4.0.0.0] [ACAT.Lib.Core.Interpreter.PCode, Core].ActionVerbList()"}},"Operator":6,"RightOperand":{"$type":"[SST:Expressions.Simple.ConstantValueExpression]","Value":"null"}}},{"$type":"[SST:Blocks.IfElseBlock]","Condition":{"$type":"[SST:Expressions.Simple.ReferenceExpression]","Reference":{"$type":"[SST:References.VariableReference]","Identifier":"$0"}},"Then":[{"$type":"[SST:Statements.VariableDeclaration]","Reference":{"$type":"[SST:References.VariableReference]","Identifier":"$1"},"Type":"0T:System.Collections.Generic.List`1[[T -> ACAT.Lib.Core.Interpreter.ActionVerb, Core]], mscorlib, 4.0.0.0"},{"$type":"[SST:Statements.Assignment]","Reference":{"$type":"[SST:References.VariableReference]","Identifier":"$1"},"Expression":{"$type":"[SST:Expressions.Simple.ReferenceExpression]","Reference":{"$type":"[SST:References.PropertyReference]","Reference":{"$type":"[SST:References.VariableReference]","Identifier":"this"},"PropertyName":"0P:set get [System.Collections.Generic.List`1[[T -> ACAT.Lib.Core.Interpreter.ActionVerb, Core]], mscorlib, 4.0.0.0] [ACAT.Lib.Core.Interpreter.PCode, Core].ActionVerbList()"}}},{"$type":"[SST:Statements.ExpressionStatement]","Expression":{"$type":"[SST:Expressions.Assignable.InvocationExpression]","Reference":{"$type":"[SST:References.VariableReference]","Identifier":"$1"},"MethodName":"0M:[p:void] [System.Collections.Generic.List`1[[T -> ACAT.Lib.Core.Interpreter.ActionVerb, Core]], mscorlib, 4.0.0.0].Clear()","Parameters":[]}}],"Else":[]}]},{"$type":"[SST:Declarations.MethodDeclaration]","Name":"0M:[p:bool] [ACAT.Lib.Core.Interpreter.PCode, Core].HasCode()","IsEntryPoint":true,"Body":[{"$type":"[SST:Statements.VariableDeclaration]","Reference":{"$type":"[SST:References.VariableReference]","Identifier":"$0"},"Type":"0T:System.Collections.Generic.List`1[[T -> ACAT.Lib.Core.Interpreter.ActionVerb, Core]], mscorlib, 4.0.0.0"},{"$type":"[SST:Statements.Assignment]","Reference":{"$type":"[SST:References.VariableReference]","Identifier":"$0"},"Expression":{"$type":"[SST:Expressions.Simple.ReferenceExpression]","Reference":{"$type":"[SST:References.PropertyReference]","Reference":{"$type":"[SST:References.VariableReference]","Identifier":"this"},"PropertyName":"0P:set get [System.Collections.Generic.List`1[[T -> ACAT.Lib.Core.Interpreter.ActionVerb, Core]], mscorlib, 4.0.0.0] [ACAT.Lib.Core.Interpreter.PCode, Core].ActionVerbList()"}}},{"$type":"[SST:Statements.VariableDeclaration]","Reference":{"$type":"[SST:References.VariableReference]","Identifier":"$1"},"Type":"0T:p:bool"},{"$type":"[SST:Statements.Assignment]","Reference":{"$type":"[SST:References.VariableReference]","Identifier":"$1"},"Expression":{"$type":"[SST:Expressions.Assignable.BinaryExpression]","LeftOperand":{"$type":"[SST:Expressions.Simple.ReferenceExpression]","Reference":{"$type":"[SST:References.PropertyReference]","Reference":{"$type":"[SST:References.VariableReference]","Identifier":"$0"},"PropertyName":"0P:get [p:int] [System.Collections.Generic.List`1[[T]], mscorlib, 4.0.0.0].Count()"}},"Operator":5,"RightOperand":{"$type":"[SST:Expressions.Simple.ConstantValueExpression]","Value":"0"}}},{"$type":"[SST:Statements.ReturnStatement]","Expression":{"$type":"[SST:Expressions.Simple.ReferenceExpression]","Reference":{"$type":"[SST:References.VariableReference]","Identifier":"$1"}},"IsVoid":false}]}],"Events":[],"Delegates":[]}}