{"$type":"KaVE.Commons.Model.Events.CompletionEvents.Context, KaVE.Commons","TypeShape":{"$type":"KaVE.Commons.Model.TypeShapes.TypeShape, KaVE.Commons","TypeHierarchy":{"$type":"KaVE.Commons.Model.TypeShapes.TypeHierarchy, KaVE.Commons","Element":"0T:e:ACAT.Lib.Core.TTSManagement.SpeakFlags, Core","Implements":[]},"NestedTypes":[],"Delegates":[],"EventHierarchies":[],"Fields":["0F:[e:ACAT.Lib.Core.TTSManagement.SpeakFlags, Core] [e:ACAT.Lib.Core.TTSManagement.SpeakFlags, Core].Default","0F:[e:ACAT.Lib.Core.TTSManagement.SpeakFlags, Core] [e:ACAT.Lib.Core.TTSManagement.SpeakFlags, Core].Asynchronous","0F:[e:ACAT.Lib.Core.TTSManagement.SpeakFlags, Core] [e:ACAT.Lib.Core.TTSManagement.SpeakFlags, Core].Priority","0F:[e:ACAT.Lib.Core.TTSManagement.SpeakFlags, Core] [e:ACAT.Lib.Core.TTSManagement.SpeakFlags, Core].PurgeAllBeforeSpeaking"],"MethodHierarchies":[],"PropertyHierarchies":[]},"SST":{"$type":"[SST:SST]","EnclosingType":"0T:e:ACAT.Lib.Core.TTSManagement.SpeakFlags, Core","Fields":[{"$type":"[SST:Declarations.FieldDeclaration]","Name":"0F:[e:ACAT.Lib.Core.TTSManagement.SpeakFlags, Core] [e:ACAT.Lib.Core.TTSManagement.SpeakFlags, Core].Default"},{"$type":"[SST:Declarations.FieldDeclaration]","Name":"0F:[e:ACAT.Lib.Core.TTSManagement.SpeakFlags, Core] [e:ACAT.Lib.Core.TTSManagement.SpeakFlags, Core].Asynchronous"},{"$type":"[SST:Declarations.FieldDeclaration]","Name":"0F:[e:ACAT.Lib.Core.TTSManagement.SpeakFlags, Core] [e:ACAT.Lib.Core.TTSManagement.SpeakFlags, Core].Priority"},{"$type":"[SST:Declarations.FieldDeclaration]","Name":"0F:[e:ACAT.Lib.Core.TTSManagement.SpeakFlags, Core] [e:ACAT.Lib.Core.TTSManagement.SpeakFlags, Core].PurgeAllBeforeSpeaking"}],"Properties":[],"Methods":[],"Events":[],"Delegates":[]}}