{"$type":"KaVE.Commons.Model.Events.CompletionEvents.Context, KaVE.Commons","TypeShape":{"$type":"KaVE.Commons.Model.TypeShapes.TypeShape, KaVE.Commons","TypeHierarchy":{"$type":"KaVE.Commons.Model.TypeShapes.TypeHierarchy, KaVE.Commons","Element":"0T:i:ACAT.Lib.Core.TTSManagement.ITTSValue`1[[T]], Core","Implements":[]},"NestedTypes":[],"Delegates":[],"EventHierarchies":[],"Fields":[],"MethodHierarchies":[],"PropertyHierarchies":[{"$type":"KaVE.Commons.Model.TypeShapes.PropertyHierarchy, KaVE.Commons","Element":"0P:set get [T] [i:ACAT.Lib.Core.TTSManagement.ITTSValue`1[[T]], Core].RangeMax()"},{"$type":"KaVE.Commons.Model.TypeShapes.PropertyHierarchy, KaVE.Commons","Element":"0P:set get [T] [i:ACAT.Lib.Core.TTSManagement.ITTSValue`1[[T]], Core].RangeMin()"},{"$type":"KaVE.Commons.Model.TypeShapes.PropertyHierarchy, KaVE.Commons","Element":"0P:set get [T] [i:ACAT.Lib.Core.TTSManagement.ITTSValue`1[[T]], Core].Value()"}]},"SST":{"$type":"[SST:SST]","EnclosingType":"0T:i:ACAT.Lib.Core.TTSManagement.ITTSValue`1[[T]], Core","Fields":[],"Properties":[{"$type":"[SST:Declarations.PropertyDeclaration]","Name":"0P:set get [T] [i:ACAT.Lib.Core.TTSManagement.ITTSValue`1[[T]], Core].RangeMax()","Get":[],"Set":[]},{"$type":"[SST:Declarations.PropertyDeclaration]","Name":"0P:set get [T] [i:ACAT.Lib.Core.TTSManagement.ITTSValue`1[[T]], Core].RangeMin()","Get":[],"Set":[]},{"$type":"[SST:Declarations.PropertyDeclaration]","Name":"0P:set get [T] [i:ACAT.Lib.Core.TTSManagement.ITTSValue`1[[T]], Core].Value()","Get":[],"Set":[]}],"Methods":[],"Events":[],"Delegates":[]}}