{"$type":"KaVE.Commons.Model.Events.CompletionEvents.Context, KaVE.Commons","TypeShape":{"$type":"KaVE.Commons.Model.TypeShapes.TypeShape, KaVE.Commons","TypeHierarchy":{"$type":"KaVE.Commons.Model.TypeShapes.TypeHierarchy, KaVE.Commons","Element":"0T:ACAT.Lib.Core.TTSEngines.NullTTSEngine, Core","Extends":{"$type":"KaVE.Commons.Model.TypeShapes.TypeHierarchy, KaVE.Commons","Element":"0T:ACAT.Lib.Core.Extensions.ExtensionInvoker, Core","Implements":[{"$type":"KaVE.Commons.Model.TypeShapes.TypeHierarchy, KaVE.Commons","Element":"0T:i:ACAT.Lib.Core.Extensions.IExtension, Core","Implements":[]}]},"Implements":[{"$type":"KaVE.Commons.Model.TypeShapes.TypeHierarchy, KaVE.Commons","Element":"0T:i:ACAT.Lib.Core.TTSManagement.ITTSEngine, Core","Implements":[{"$type":"KaVE.Commons.Model.TypeShapes.TypeHierarchy, KaVE.Commons","Element":"0T:i:System.IDisposable, mscorlib, 4.0.0.0","Implements":[]}]}]},"NestedTypes":[],"Delegates":[],"EventHierarchies":[{"$type":"KaVE.Commons.Model.TypeShapes.EventHierarchy, KaVE.Commons","Element":"0E:[d:[p:void] [ACAT.Lib.Core.TTSManagement.TTSBookmarkReached, Core].([p:object] sender, [ACAT.Lib.Core.TTSManagement.TTSBookmarkReachedEventArgs, Core] e)] [ACAT.Lib.Core.TTSEngines.NullTTSEngine, Core].EvtBookmarkReached","First":"0E:[d:[p:void] [ACAT.Lib.Core.TTSManagement.TTSBookmarkReached, Core].([p:object] sender, [ACAT.Lib.Core.TTSManagement.TTSBookmarkReachedEventArgs, Core] e)] [i:ACAT.Lib.Core.TTSManagement.ITTSEngine, Core].EvtBookmarkReached"},{"$type":"KaVE.Commons.Model.TypeShapes.EventHierarchy, KaVE.Commons","Element":"0E:[d:[p:void] [System.EventHandler, mscorlib, 4.0.0.0].([p:object] sender, [System.EventArgs, mscorlib, 4.0.0.0] e)] [ACAT.Lib.Core.TTSEngines.NullTTSEngine, Core].EvtPropertyChanged","First":"0E:[d:[p:void] [System.EventHandler, mscorlib, 4.0.0.0].([p:object] sender, [System.EventArgs, mscorlib, 4.0.0.0] e)] [i:ACAT.Lib.Core.TTSManagement.ITTSEngine, Core].EvtPropertyChanged"},{"$type":"KaVE.Commons.Model.TypeShapes.EventHierarchy, KaVE.Commons","Element":"0E:[d:[p:void] [ACAT.Lib.Core.TTSManagement.TTSStatusChanged, Core].([p:object] sender, [ACAT.Lib.Core.TTSManagement.TTSStatusChangedEventArgs, Core] e)] [ACAT.Lib.Core.TTSEngines.NullTTSEngine, Core].EvtStatusChanged","First":"0E:[d:[p:void] [ACAT.Lib.Core.TTSManagement.TTSStatusChanged, Core].([p:object] sender, [ACAT.Lib.Core.TTSManagement.TTSStatusChangedEventArgs, Core] e)] [i:ACAT.Lib.Core.TTSManagement.ITTSEngine, Core].EvtStatusChanged"},{"$type":"KaVE.Commons.Model.TypeShapes.EventHierarchy, KaVE.Commons","Element":"0E:[d:[p:void] [ACAT.Lib.Core.TTSManagement.TTSVoiceChanged, Core].([p:object] sender, [ACAT.Lib.Core.TTSManagement.TTSVoiceChangedEventArgs, Core] e)] [ACAT.Lib.Core.TTSEngines.NullTTSEngine, Core].EvtVoiceChanged","First":"0E:[d:[p:void] [ACAT.Lib.Core.TTSManagement.TTSVoiceChanged, Core].([p:object] sender, [ACAT.Lib.Core.TTSManagement.TTSVoiceChangedEventArgs, Core] e)] [i:ACAT.Lib.Core.TTSManagement.ITTSEngine, Core].EvtVoiceChanged"}],"Fields":["0F:static [p:int] [ACAT.Lib.Core.TTSEngines.NullTTSEngine, Core]._nextBookmark","0F:[e:ACAT.Lib.Core.TTSManagement.StatusFlags, Core] [ACAT.Lib.Core.TTSEngines.NullTTSEngine, Core]._currentStatus","0F:[ACAT.Lib.Core.TTSManagement.TTSValue, Core] [ACAT.Lib.Core.TTSEngines.NullTTSEngine, Core]._speechPitch","0F:[ACAT.Lib.Core.TTSManagement.TTSValue, Core] [ACAT.Lib.Core.TTSEngines.NullTTSEngine, Core]._speechRate","0F:[ACAT.Lib.Core.TTSManagement.TTSValue, Core] [ACAT.Lib.Core.TTSEngines.NullTTSEngine, Core]._speechVolume","0F:[p:bool] [ACAT.Lib.Core.TTSEngines.NullTTSEngine, Core]._disposed","0F:[p:bool] [ACAT.Lib.Core.TTSEngines.NullTTSEngine, Core]._muted"],"MethodHierarchies":[{"$type":"KaVE.Commons.Model.TypeShapes.MethodHierarchy, KaVE.Commons","Element":"0M:[p:void] [ACAT.Lib.Core.TTSEngines.NullTTSEngine, Core]..ctor()"},{"$type":"KaVE.Commons.Model.TypeShapes.MethodHierarchy, KaVE.Commons","Element":"0M:[p:void] [ACAT.Lib.Core.TTSEngines.NullTTSEngine, Core].Dispose()","First":"0M:[p:void] [i:System.IDisposable, mscorlib, 4.0.0.0].Dispose()"},{"$type":"KaVE.Commons.Model.TypeShapes.MethodHierarchy, KaVE.Commons","Element":"0M:[ACAT.Lib.Core.TTSManagement.TTSValue, Core] [ACAT.Lib.Core.TTSEngines.NullTTSEngine, Core].GetPitch()","First":"0M:[ACAT.Lib.Core.TTSManagement.TTSValue, Core] [i:ACAT.Lib.Core.TTSManagement.ITTSEngine, Core].GetPitch()"},{"$type":"KaVE.Commons.Model.TypeShapes.MethodHierarchy, KaVE.Commons","Element":"0M:[ACAT.Lib.Core.TTSManagement.TTSValue, Core] [ACAT.Lib.Core.TTSEngines.NullTTSEngine, Core].GetRate()","First":"0M:[ACAT.Lib.Core.TTSManagement.TTSValue, Core] [i:ACAT.Lib.Core.TTSManagement.ITTSEngine, Core].GetRate()"},{"$type":"KaVE.Commons.Model.TypeShapes.MethodHierarchy, KaVE.Commons","Element":"0M:[i:ACAT.Lib.Core.TTSManagement.ITTSSettingsDialog, Core] [ACAT.Lib.Core.TTSEngines.NullTTSEngine, Core].GetSettingsDialog()","First":"0M:[i:ACAT.Lib.Core.TTSManagement.ITTSSettingsDialog, Core] [i:ACAT.Lib.Core.TTSManagement.ITTSEngine, Core].GetSettingsDialog()"},{"$type":"KaVE.Commons.Model.TypeShapes.MethodHierarchy, KaVE.Commons","Element":"0M:[System.Collections.Generic.List`1[[T -> p:string]], mscorlib, 4.0.0.0] [ACAT.Lib.Core.TTSEngines.NullTTSEngine, Core].GetVoices()","First":"0M:[System.Collections.Generic.List`1[[T -> p:string]], mscorlib, 4.0.0.0] [i:ACAT.Lib.Core.TTSManagement.ITTSEngine, Core].GetVoices()"},{"$type":"KaVE.Commons.Model.TypeShapes.MethodHierarchy, KaVE.Commons","Element":"0M:[ACAT.Lib.Core.TTSManagement.TTSValue, Core] [ACAT.Lib.Core.TTSEngines.NullTTSEngine, Core].GetVolume()","First":"0M:[ACAT.Lib.Core.TTSManagement.TTSValue, Core] [i:ACAT.Lib.Core.TTSManagement.ITTSEngine, Core].GetVolume()"},{"$type":"KaVE.Commons.Model.TypeShapes.MethodHierarchy, KaVE.Commons","Element":"0M:[p:bool] [ACAT.Lib.Core.TTSEngines.NullTTSEngine, Core].Init()","First":"0M:[p:bool] [i:ACAT.Lib.Core.TTSManagement.ITTSEngine, Core].Init()"},{"$type":"KaVE.Commons.Model.TypeShapes.MethodHierarchy, KaVE.Commons","Element":"0M:[p:bool] [ACAT.Lib.Core.TTSEngines.NullTTSEngine, Core].IsMuted()","First":"0M:[p:bool] [i:ACAT.Lib.Core.TTSManagement.ITTSEngine, Core].IsMuted()"},{"$type":"KaVE.Commons.Model.TypeShapes.MethodHierarchy, KaVE.Commons","Element":"0M:[p:void] [ACAT.Lib.Core.TTSEngines.NullTTSEngine, Core].Mute()","First":"0M:[p:void] [i:ACAT.Lib.Core.TTSManagement.ITTSEngine, Core].Mute()"},{"$type":"KaVE.Commons.Model.TypeShapes.MethodHierarchy, KaVE.Commons","Element":"0M:[p:bool] [ACAT.Lib.Core.TTSEngines.NullTTSEngine, Core].Pause()","First":"0M:[p:bool] [i:ACAT.Lib.Core.TTSManagement.ITTSEngine, Core].Pause()"},{"$type":"KaVE.Commons.Model.TypeShapes.MethodHierarchy, KaVE.Commons","Element":"0M:[p:void] [ACAT.Lib.Core.TTSEngines.NullTTSEngine, Core].RestoreDefaults()","First":"0M:[p:void] [i:ACAT.Lib.Core.TTSManagement.ITTSEngine, Core].RestoreDefaults()"},{"$type":"KaVE.Commons.Model.TypeShapes.MethodHierarchy, KaVE.Commons","Element":"0M:[p:bool] [ACAT.Lib.Core.TTSEngines.NullTTSEngine, Core].Resume()","First":"0M:[p:bool] [i:ACAT.Lib.Core.TTSManagement.ITTSEngine, Core].Resume()"},{"$type":"KaVE.Commons.Model.TypeShapes.MethodHierarchy, KaVE.Commons","Element":"0M:[p:bool] [ACAT.Lib.Core.TTSEngines.NullTTSEngine, Core].Save()","First":"0M:[p:bool] [i:ACAT.Lib.Core.TTSManagement.ITTSEngine, Core].Save()"},{"$type":"KaVE.Commons.Model.TypeShapes.MethodHierarchy, KaVE.Commons","Element":"0M:[p:bool] [ACAT.Lib.Core.TTSEngines.NullTTSEngine, Core].SetPitch([p:int] pitch)","First":"0M:[p:bool] [i:ACAT.Lib.Core.TTSManagement.ITTSEngine, Core].SetPitch([p:int] pitch)"},{"$type":"KaVE.Commons.Model.TypeShapes.MethodHierarchy, KaVE.Commons","Element":"0M:[p:bool] [ACAT.Lib.Core.TTSEngines.NullTTSEngine, Core].SetRate([p:int] rate)","First":"0M:[p:bool] [i:ACAT.Lib.Core.TTSManagement.ITTSEngine, Core].SetRate([p:int] rate)"},{"$type":"KaVE.Commons.Model.TypeShapes.MethodHierarchy, KaVE.Commons","Element":"0M:[p:bool] [ACAT.Lib.Core.TTSEngines.NullTTSEngine, Core].SetVolume([p:int] volume)","First":"0M:[p:bool] [i:ACAT.Lib.Core.TTSManagement.ITTSEngine, Core].SetVolume([p:int] volume)"},{"$type":"KaVE.Commons.Model.TypeShapes.MethodHierarchy, KaVE.Commons","Element":"0M:[p:bool] [ACAT.Lib.Core.TTSEngines.NullTTSEngine, Core].Speak([p:string] text)","First":"0M:[p:bool] [i:ACAT.Lib.Core.TTSManagement.ITTSEngine, Core].Speak([p:string] text)"},{"$type":"KaVE.Commons.Model.TypeShapes.MethodHierarchy, KaVE.Commons","Element":"0M:[p:bool] [ACAT.Lib.Core.TTSEngines.NullTTSEngine, Core].SpeakAsync([p:string] text, out [p:int] bookmark)","First":"0M:[p:bool] [i:ACAT.Lib.Core.TTSManagement.ITTSEngine, Core].SpeakAsync([p:string] text, out [p:int] bookmark)"},{"$type":"KaVE.Commons.Model.TypeShapes.MethodHierarchy, KaVE.Commons","Element":"0M:[p:bool] [ACAT.Lib.Core.TTSEngines.NullTTSEngine, Core].Stop()","First":"0M:[p:bool] [i:ACAT.Lib.Core.TTSManagement.ITTSEngine, Core].Stop()"},{"$type":"KaVE.Commons.Model.TypeShapes.MethodHierarchy, KaVE.Commons","Element":"0M:[p:void] [ACAT.Lib.Core.TTSEngines.NullTTSEngine, Core].UnMute()","First":"0M:[p:void] [i:ACAT.Lib.Core.TTSManagement.ITTSEngine, Core].UnMute()"},{"$type":"KaVE.Commons.Model.TypeShapes.MethodHierarchy, KaVE.Commons","Element":"0M:[p:bool] [ACAT.Lib.Core.TTSEngines.NullTTSEngine, Core].WaitUntilDone([p:int] timeout)","First":"0M:[p:bool] [i:ACAT.Lib.Core.TTSManagement.ITTSEngine, Core].WaitUntilDone([p:int] timeout)"},{"$type":"KaVE.Commons.Model.TypeShapes.MethodHierarchy, KaVE.Commons","Element":"0M:[p:void] [ACAT.Lib.Core.TTSEngines.NullTTSEngine, Core].Dispose([p:bool] disposing)"},{"$type":"KaVE.Commons.Model.TypeShapes.MethodHierarchy, KaVE.Commons","Element":"0M:[p:void] [ACAT.Lib.Core.TTSEngines.NullTTSEngine, Core].notifyPropertyChanged()"}],"PropertyHierarchies":[{"$type":"KaVE.Commons.Model.TypeShapes.PropertyHierarchy, KaVE.Commons","Element":"0P:get [i:ACAT.Lib.Core.Utility.IDescriptor, Core] [ACAT.Lib.Core.TTSEngines.NullTTSEngine, Core].Descriptor()","First":"0P:get [i:ACAT.Lib.Core.Utility.IDescriptor, Core] [i:ACAT.Lib.Core.TTSManagement.ITTSEngine, Core].Descriptor()"},{"$type":"KaVE.Commons.Model.TypeShapes.PropertyHierarchy, KaVE.Commons","Element":"0P:get [e:ACAT.Lib.Core.TTSManagement.StatusFlags, Core] [ACAT.Lib.Core.TTSEngines.NullTTSEngine, Core].Status()","First":"0P:get [e:ACAT.Lib.Core.TTSManagement.StatusFlags, Core] [i:ACAT.Lib.Core.TTSManagement.ITTSEngine, Core].Status()"},{"$type":"KaVE.Commons.Model.TypeShapes.PropertyHierarchy, KaVE.Commons","Element":"0P:get [p:bool] [ACAT.Lib.Core.TTSEngines.NullTTSEngine, Core].SupportsSettingsDialog()","First":"0P:get [p:bool] [i:ACAT.Lib.Core.TTSManagement.ITTSEngine, Core].SupportsSettingsDialog()"},{"$type":"KaVE.Commons.Model.TypeShapes.PropertyHierarchy, KaVE.Commons","Element":"0P:set get [p:string] [ACAT.Lib.Core.TTSEngines.NullTTSEngine, Core].Voice()","First":"0P:set get [p:string] [i:ACAT.Lib.Core.TTSManagement.ITTSEngine, Core].Voice()"}]},"SST":{"$type":"[SST:SST]","EnclosingType":"0T:ACAT.Lib.Core.TTSEngines.NullTTSEngine, Core","Fields":[{"$type":"[SST:Declarations.FieldDeclaration]","Name":"0F:static [p:int] [ACAT.Lib.Core.TTSEngines.NullTTSEngine, Core]._nextBookmark"},{"$type":"[SST:Declarations.FieldDeclaration]","Name":"0F:[e:ACAT.Lib.Core.TTSManagement.StatusFlags, Core] [ACAT.Lib.Core.TTSEngines.NullTTSEngine, Core]._currentStatus"},{"$type":"[SST:Declarations.FieldDeclaration]","Name":"0F:[ACAT.Lib.Core.TTSManagement.TTSValue, Core] [ACAT.Lib.Core.TTSEngines.NullTTSEngine, Core]._speechPitch"},{"$type":"[SST:Declarations.FieldDeclaration]","Name":"0F:[ACAT.Lib.Core.TTSManagement.TTSValue, Core] [ACAT.Lib.Core.TTSEngines.NullTTSEngine, Core]._speechRate"},{"$type":"[SST:Declarations.FieldDeclaration]","Name":"0F:[ACAT.Lib.Core.TTSManagement.TTSValue, Core] [ACAT.Lib.Core.TTSEngines.NullTTSEngine, Core]._speechVolume"},{"$type":"[SST:Declarations.FieldDeclaration]","Name":"0F:[p:bool] [ACAT.Lib.Core.TTSEngines.NullTTSEngine, Core]._disposed"},{"$type":"[SST:Declarations.FieldDeclaration]","Name":"0F:[p:bool] [ACAT.Lib.Core.TTSEngines.NullTTSEngine, Core]._muted"}],"Properties":[{"$type":"[SST:Declarations.PropertyDeclaration]","Name":"0P:get [i:ACAT.Lib.Core.Utility.IDescriptor, Core] [ACAT.Lib.Core.TTSEngines.NullTTSEngine, Core].Descriptor()","Get":[{"$type":"[SST:Statements.VariableDeclaration]","Reference":{"$type":"[SST:References.VariableReference]","Identifier":"$0"},"Type":"0T:System.Type, mscorlib, 4.0.0.0"},{"$type":"[SST:Statements.Assignment]","Reference":{"$type":"[SST:References.VariableReference]","Identifier":"$0"},"Expression":{"$type":"[SST:Expressions.Assignable.InvocationExpression]","Reference":{"$type":"[SST:References.VariableReference]","Identifier":"this"},"MethodName":"0M:[System.Type, mscorlib, 4.0.0.0] [p:object].GetType()","Parameters":[]}},{"$type":"[SST:Statements.VariableDeclaration]","Reference":{"$type":"[SST:References.VariableReference]","Identifier":"$1"},"Type":"0T:ACAT.Lib.Core.Utility.DescriptorAttribute, Core"},{"$type":"[SST:Statements.Assignment]","Reference":{"$type":"[SST:References.VariableReference]","Identifier":"$1"},"Expression":{"$type":"[SST:Expressions.Assignable.InvocationExpression]","Reference":{"$type":"[SST:References.VariableReference]","Identifier":""},"MethodName":"0M:static [ACAT.Lib.Core.Utility.DescriptorAttribute, Core] [ACAT.Lib.Core.Utility.DescriptorAttribute, Core].GetDescriptor([System.Type, mscorlib, 4.0.0.0] type)","Parameters":[{"$type":"[SST:Expressions.Simple.ReferenceExpression]","Reference":{"$type":"[SST:References.VariableReference]","Identifier":"$0"}}]}},{"$type":"[SST:Statements.ReturnStatement]","Expression":{"$type":"[SST:Expressions.Simple.ReferenceExpression]","Reference":{"$type":"[SST:References.VariableReference]","Identifier":"$1"}},"IsVoid":false}],"Set":[]},{"$type":"[SST:Declarations.PropertyDeclaration]","Name":"0P:get [e:ACAT.Lib.Core.TTSManagement.StatusFlags, Core] [ACAT.Lib.Core.TTSEngines.NullTTSEngine, Core].Status()","Get":[{"$type":"[SST:Statements.ReturnStatement]","Expression":{"$type":"[SST:Expressions.Simple.ReferenceExpression]","Reference":{"$type":"[SST:References.FieldReference]","Reference":{"$type":"[SST:References.VariableReference]","Identifier":"this"},"FieldName":"0F:[e:ACAT.Lib.Core.TTSManagement.StatusFlags, Core] [ACAT.Lib.Core.TTSEngines.NullTTSEngine, Core]._currentStatus"}},"IsVoid":false}],"Set":[]},{"$type":"[SST:Declarations.PropertyDeclaration]","Name":"0P:get [p:bool] [ACAT.Lib.Core.TTSEngines.NullTTSEngine, Core].SupportsSettingsDialog()","Get":[{"$type":"[SST:Statements.ReturnStatement]","Expression":{"$type":"[SST:Expressions.Simple.ConstantValueExpression]","Value":"false"},"IsVoid":false}],"Set":[]},{"$type":"[SST:Declarations.PropertyDeclaration]","Name":"0P:set get [p:string] [ACAT.Lib.Core.TTSEngines.NullTTSEngine, Core].Voice()","Get":[{"$type":"[SST:Statements.ReturnStatement]","Expression":{"$type":"[SST:Expressions.Simple.ReferenceExpression]","Reference":{"$type":"[SST:References.FieldReference]","Reference":{"$type":"[SST:References.VariableReference]","Identifier":""},"FieldName":"0F:static [p:string] [p:string].Empty"}},"IsVoid":false}],"Set":[]}],"Methods":[{"$type":"[SST:Declarations.MethodDeclaration]","Name":"0M:static [p:void] [ACAT.Lib.Core.TTSEngines.NullTTSEngine, Core]..cinit()","IsEntryPoint":false,"Body":[{"$type":"[SST:Statements.Assignment]","Reference":{"$type":"[SST:References.FieldReference]","Reference":{"$type":"[SST:References.VariableReference]","Identifier":""},"FieldName":"0F:static [p:int] [ACAT.Lib.Core.TTSEngines.NullTTSEngine, Core]._nextBookmark"},"Expression":{"$type":"[SST:Expressions.Simple.ConstantValueExpression]","Value":"1"}}]},{"$type":"[SST:Declarations.MethodDeclaration]","Name":"0M:[p:void] [ACAT.Lib.Core.TTSEngines.NullTTSEngine, Core]..init()","IsEntryPoint":false,"Body":[{"$type":"[SST:Statements.Assignment]","Reference":{"$type":"[SST:References.FieldReference]","Reference":{"$type":"[SST:References.VariableReference]","Identifier":"this"},"FieldName":"0F:[ACAT.Lib.Core.TTSManagement.TTSValue, Core] [ACAT.Lib.Core.TTSEngines.NullTTSEngine, Core]._speechPitch"},"Expression":{"$type":"[SST:Expressions.Assignable.InvocationExpression]","Reference":{"$type":"[SST:References.VariableReference]","Identifier":""},"MethodName":"0M:[p:void] [ACAT.Lib.Core.TTSManagement.TTSValue, Core]..ctor([p:int] min, [p:int] max, [p:int] value)","Parameters":[{"$type":"[SST:Expressions.Simple.ConstantValueExpression]","Value":"0"},{"$type":"[SST:Expressions.Simple.ConstantValueExpression]","Value":"0"},{"$type":"[SST:Expressions.Simple.ConstantValueExpression]","Value":"0"}]}},{"$type":"[SST:Statements.Assignment]","Reference":{"$type":"[SST:References.FieldReference]","Reference":{"$type":"[SST:References.VariableReference]","Identifier":"this"},"FieldName":"0F:[ACAT.Lib.Core.TTSManagement.TTSValue, Core] [ACAT.Lib.Core.TTSEngines.NullTTSEngine, Core]._speechRate"},"Expression":{"$type":"[SST:Expressions.Assignable.InvocationExpression]","Reference":{"$type":"[SST:References.VariableReference]","Identifier":""},"MethodName":"0M:[p:void] [ACAT.Lib.Core.TTSManagement.TTSValue, Core]..ctor([p:int] min, [p:int] max, [p:int] value)","Parameters":[{"$type":"[SST:Expressions.Simple.ConstantValueExpression]","Value":"0"},{"$type":"[SST:Expressions.Simple.ConstantValueExpression]","Value":"0"},{"$type":"[SST:Expressions.Simple.ConstantValueExpression]","Value":"0"}]}},{"$type":"[SST:Statements.Assignment]","Reference":{"$type":"[SST:References.FieldReference]","Reference":{"$type":"[SST:References.VariableReference]","Identifier":"this"},"FieldName":"0F:[ACAT.Lib.Core.TTSManagement.TTSValue, Core] [ACAT.Lib.Core.TTSEngines.NullTTSEngine, Core]._speechVolume"},"Expression":{"$type":"[SST:Expressions.Assignable.InvocationExpression]","Reference":{"$type":"[SST:References.VariableReference]","Identifier":""},"MethodName":"0M:[p:void] [ACAT.Lib.Core.TTSManagement.TTSValue, Core]..ctor([p:int] min, [p:int] max, [p:int] value)","Parameters":[{"$type":"[SST:Expressions.Simple.ConstantValueExpression]","Value":"0"},{"$type":"[SST:Expressions.Simple.ConstantValueExpression]","Value":"0"},{"$type":"[SST:Expressions.Simple.ConstantValueExpression]","Value":"0"}]}}]},{"$type":"[SST:Declarations.MethodDeclaration]","Name":"0M:[p:void] [ACAT.Lib.Core.TTSEngines.NullTTSEngine, Core]..ctor()","IsEntryPoint":true,"Body":[{"$type":"[SST:Statements.Assignment]","Reference":{"$type":"[SST:References.FieldReference]","Reference":{"$type":"[SST:References.VariableReference]","Identifier":"this"},"FieldName":"0F:[e:ACAT.Lib.Core.TTSManagement.StatusFlags, Core] [ACAT.Lib.Core.TTSEngines.NullTTSEngine, Core]._currentStatus"},"Expression":{"$type":"[SST:Expressions.Simple.ReferenceExpression]","Reference":{"$type":"[SST:References.FieldReference]","Reference":{"$type":"[SST:References.VariableReference]","Identifier":""},"FieldName":"0F:static [e:ACAT.Lib.Core.TTSManagement.StatusFlags, Core] [e:ACAT.Lib.Core.TTSManagement.StatusFlags, Core].None"}}},{"$type":"[SST:Statements.Assignment]","Reference":{"$type":"[SST:References.EventReference]","Reference":{"$type":"[SST:References.VariableReference]","Identifier":"this"},"EventName":"0E:[d:[p:void] [ACAT.Lib.Core.TTSManagement.TTSVoiceChanged, Core].([p:object] sender, [ACAT.Lib.Core.TTSManagement.TTSVoiceChangedEventArgs, Core] e)] [ACAT.Lib.Core.TTSEngines.NullTTSEngine, Core].EvtVoiceChanged"},"Expression":{"$type":"[SST:Expressions.Simple.ConstantValueExpression]","Value":"null"}},{"$type":"[SST:Statements.Assignment]","Reference":{"$type":"[SST:References.EventReference]","Reference":{"$type":"[SST:References.VariableReference]","Identifier":"this"},"EventName":"0E:[d:[p:void] [ACAT.Lib.Core.TTSManagement.TTSStatusChanged, Core].([p:object] sender, [ACAT.Lib.Core.TTSManagement.TTSStatusChangedEventArgs, Core] e)] [ACAT.Lib.Core.TTSEngines.NullTTSEngine, Core].EvtStatusChanged"},"Expression":{"$type":"[SST:Expressions.Simple.ConstantValueExpression]","Value":"null"}}]},{"$type":"[SST:Declarations.MethodDeclaration]","Name":"0M:[p:void] [ACAT.Lib.Core.TTSEngines.NullTTSEngine, Core].Dispose()","IsEntryPoint":true,"Body":[{"$type":"[SST:Statements.ExpressionStatement]","Expression":{"$type":"[SST:Expressions.Assignable.InvocationExpression]","Reference":{"$type":"[SST:References.VariableReference]","Identifier":"this"},"MethodName":"0M:[p:void] [ACAT.Lib.Core.TTSEngines.NullTTSEngine, Core].Dispose([p:bool] disposing)","Parameters":[{"$type":"[SST:Expressions.Simple.ConstantValueExpression]","Value":"true"}]}},{"$type":"[SST:Statements.ExpressionStatement]","Expression":{"$type":"[SST:Expressions.Assignable.InvocationExpression]","Reference":{"$type":"[SST:References.VariableReference]","Identifier":""},"MethodName":"0M:static [p:void] [System.GC, mscorlib, 4.0.0.0].SuppressFinalize([p:object] obj)","Parameters":[{"$type":"[SST:Expressions.Simple.ReferenceExpression]","Reference":{"$type":"[SST:References.VariableReference]","Identifier":"this"}}]}}]},{"$type":"[SST:Declarations.MethodDeclaration]","Name":"0M:[ACAT.Lib.Core.TTSManagement.TTSValue, Core] [ACAT.Lib.Core.TTSEngines.NullTTSEngine, Core].GetPitch()","IsEntryPoint":true,"Body":[{"$type":"[SST:Statements.ReturnStatement]","Expression":{"$type":"[SST:Expressions.Simple.ReferenceExpression]","Reference":{"$type":"[SST:References.FieldReference]","Reference":{"$type":"[SST:References.VariableReference]","Identifier":"this"},"FieldName":"0F:[ACAT.Lib.Core.TTSManagement.TTSValue, Core] [ACAT.Lib.Core.TTSEngines.NullTTSEngine, Core]._speechPitch"}},"IsVoid":false}]},{"$type":"[SST:Declarations.MethodDeclaration]","Name":"0M:[ACAT.Lib.Core.TTSManagement.TTSValue, Core] [ACAT.Lib.Core.TTSEngines.NullTTSEngine, Core].GetRate()","IsEntryPoint":true,"Body":[{"$type":"[SST:Statements.ReturnStatement]","Expression":{"$type":"[SST:Expressions.Simple.ReferenceExpression]","Reference":{"$type":"[SST:References.FieldReference]","Reference":{"$type":"[SST:References.VariableReference]","Identifier":"this"},"FieldName":"0F:[ACAT.Lib.Core.TTSManagement.TTSValue, Core] [ACAT.Lib.Core.TTSEngines.NullTTSEngine, Core]._speechRate"}},"IsVoid":false}]},{"$type":"[SST:Declarations.MethodDeclaration]","Name":"0M:[i:ACAT.Lib.Core.TTSManagement.ITTSSettingsDialog, Core] [ACAT.Lib.Core.TTSEngines.NullTTSEngine, Core].GetSettingsDialog()","IsEntryPoint":true,"Body":[{"$type":"[SST:Statements.ReturnStatement]","Expression":{"$type":"[SST:Expressions.Simple.ConstantValueExpression]","Value":"null"},"IsVoid":false}]},{"$type":"[SST:Declarations.MethodDeclaration]","Name":"0M:[System.Collections.Generic.List`1[[T -> p:string]], mscorlib, 4.0.0.0] [ACAT.Lib.Core.TTSEngines.NullTTSEngine, Core].GetVoices()","IsEntryPoint":true,"Body":[{"$type":"[SST:Statements.VariableDeclaration]","Reference":{"$type":"[SST:References.VariableReference]","Identifier":"$0"},"Type":"0T:System.Collections.Generic.List`1[[T -> p:string]], mscorlib, 4.0.0.0"},{"$type":"[SST:Statements.Assignment]","Reference":{"$type":"[SST:References.VariableReference]","Identifier":"$0"},"Expression":{"$type":"[SST:Expressions.Assignable.InvocationExpression]","Reference":{"$type":"[SST:References.VariableReference]","Identifier":""},"MethodName":"0M:[p:void] [System.Collections.Generic.List`1[[T -> p:string]], mscorlib, 4.0.0.0]..ctor()","Parameters":[]}},{"$type":"[SST:Statements.ReturnStatement]","Expression":{"$type":"[SST:Expressions.Simple.ReferenceExpression]","Reference":{"$type":"[SST:References.VariableReference]","Identifier":"$0"}},"IsVoid":false}]},{"$type":"[SST:Declarations.MethodDeclaration]","Name":"0M:[ACAT.Lib.Core.TTSManagement.TTSValue, Core] [ACAT.Lib.Core.TTSEngines.NullTTSEngine, Core].GetVolume()","IsEntryPoint":true,"Body":[{"$type":"[SST:Statements.ReturnStatement]","Expression":{"$type":"[SST:Expressions.Simple.ReferenceExpression]","Reference":{"$type":"[SST:References.FieldReference]","Reference":{"$type":"[SST:References.VariableReference]","Identifier":"this"},"FieldName":"0F:[ACAT.Lib.Core.TTSManagement.TTSValue, Core] [ACAT.Lib.Core.TTSEngines.NullTTSEngine, Core]._speechVolume"}},"IsVoid":false}]},{"$type":"[SST:Declarations.MethodDeclaration]","Name":"0M:[p:bool] [ACAT.Lib.Core.TTSEngines.NullTTSEngine, Core].Init()","IsEntryPoint":true,"Body":[{"$type":"[SST:Statements.ReturnStatement]","Expression":{"$type":"[SST:Expressions.Simple.ConstantValueExpression]","Value":"true"},"IsVoid":false}]},{"$type":"[SST:Declarations.MethodDeclaration]","Name":"0M:[p:bool] [ACAT.Lib.Core.TTSEngines.NullTTSEngine, Core].IsMuted()","IsEntryPoint":true,"Body":[{"$type":"[SST:Statements.ReturnStatement]","Expression":{"$type":"[SST:Expressions.Simple.ReferenceExpression]","Reference":{"$type":"[SST:References.FieldReference]","Reference":{"$type":"[SST:References.VariableReference]","Identifier":"this"},"FieldName":"0F:[p:bool] [ACAT.Lib.Core.TTSEngines.NullTTSEngine, Core]._muted"}},"IsVoid":false}]},{"$type":"[SST:Declarations.MethodDeclaration]","Name":"0M:[p:void] [ACAT.Lib.Core.TTSEngines.NullTTSEngine, Core].Mute()","IsEntryPoint":true,"Body":[{"$type":"[SST:Statements.Assignment]","Reference":{"$type":"[SST:References.FieldReference]","Reference":{"$type":"[SST:References.VariableReference]","Identifier":"this"},"FieldName":"0F:[p:bool] [ACAT.Lib.Core.TTSEngines.NullTTSEngine, Core]._muted"},"Expression":{"$type":"[SST:Expressions.Simple.ConstantValueExpression]","Value":"true"}}]},{"$type":"[SST:Declarations.MethodDeclaration]","Name":"0M:[p:bool] [ACAT.Lib.Core.TTSEngines.NullTTSEngine, Core].Pause()","IsEntryPoint":true,"Body":[{"$type":"[SST:Statements.ReturnStatement]","Expression":{"$type":"[SST:Expressions.Simple.ConstantValueExpression]","Value":"true"},"IsVoid":false}]},{"$type":"[SST:Declarations.MethodDeclaration]","Name":"0M:[p:void] [ACAT.Lib.Core.TTSEngines.NullTTSEngine, Core].RestoreDefaults()","IsEntryPoint":true,"Body":[{"$type":"[SST:Statements.ExpressionStatement]","Expression":{"$type":"[SST:Expressions.Assignable.InvocationExpression]","Reference":{"$type":"[SST:References.VariableReference]","Identifier":"this"},"MethodName":"0M:[p:bool] [ACAT.Lib.Core.TTSEngines.NullTTSEngine, Core].SetVolume([p:int] volume)","Parameters":[{"$type":"[SST:Expressions.Simple.ConstantValueExpression]","Value":"0"}]}},{"$type":"[SST:Statements.ExpressionStatement]","Expression":{"$type":"[SST:Expressions.Assignable.InvocationExpression]","Reference":{"$type":"[SST:References.VariableReference]","Identifier":"this"},"MethodName":"0M:[p:bool] [ACAT.Lib.Core.TTSEngines.NullTTSEngine, Core].SetPitch([p:int] pitch)","Parameters":[{"$type":"[SST:Expressions.Simple.ConstantValueExpression]","Value":"0"}]}},{"$type":"[SST:Statements.ExpressionStatement]","Expression":{"$type":"[SST:Expressions.Assignable.InvocationExpression]","Reference":{"$type":"[SST:References.VariableReference]","Identifier":"this"},"MethodName":"0M:[p:bool] [ACAT.Lib.Core.TTSEngines.NullTTSEngine, Core].SetRate([p:int] rate)","Parameters":[{"$type":"[SST:Expressions.Simple.ConstantValueExpression]","Value":"0"}]}}]},{"$type":"[SST:Declarations.MethodDeclaration]","Name":"0M:[p:bool] [ACAT.Lib.Core.TTSEngines.NullTTSEngine, Core].Resume()","IsEntryPoint":true,"Body":[{"$type":"[SST:Statements.ReturnStatement]","Expression":{"$type":"[SST:Expressions.Simple.ConstantValueExpression]","Value":"true"},"IsVoid":false}]},{"$type":"[SST:Declarations.MethodDeclaration]","Name":"0M:[p:bool] [ACAT.Lib.Core.TTSEngines.NullTTSEngine, Core].Save()","IsEntryPoint":true,"Body":[{"$type":"[SST:Statements.ReturnStatement]","Expression":{"$type":"[SST:Expressions.Simple.ConstantValueExpression]","Value":"true"},"IsVoid":false}]},{"$type":"[SST:Declarations.MethodDeclaration]","Name":"0M:[p:bool] [ACAT.Lib.Core.TTSEngines.NullTTSEngine, Core].SetPitch([p:int] pitch)","IsEntryPoint":true,"Body":[{"$type":"[SST:Statements.VariableDeclaration]","Reference":{"$type":"[SST:References.VariableReference]","Identifier":"$0"},"Type":"0T:ACAT.Lib.Core.TTSManagement.TTSValue, Core"},{"$type":"[SST:Statements.Assignment]","Reference":{"$type":"[SST:References.VariableReference]","Identifier":"$0"},"Expression":{"$type":"[SST:Expressions.Simple.ReferenceExpression]","Reference":{"$type":"[SST:References.FieldReference]","Reference":{"$type":"[SST:References.VariableReference]","Identifier":"this"},"FieldName":"0F:[ACAT.Lib.Core.TTSManagement.TTSValue, Core] [ACAT.Lib.Core.TTSEngines.NullTTSEngine, Core]._speechPitch"}}},{"$type":"[SST:Statements.Assignment]","Reference":{"$type":"[SST:References.PropertyReference]","Reference":{"$type":"[SST:References.VariableReference]","Identifier":"$0"},"PropertyName":"0P:set get [p:int] [ACAT.Lib.Core.TTSManagement.TTSValue, Core].Value()"},"Expression":{"$type":"[SST:Expressions.Simple.ReferenceExpression]","Reference":{"$type":"[SST:References.VariableReference]","Identifier":"pitch"}}},{"$type":"[SST:Statements.ExpressionStatement]","Expression":{"$type":"[SST:Expressions.Assignable.InvocationExpression]","Reference":{"$type":"[SST:References.VariableReference]","Identifier":"this"},"MethodName":"0M:[p:void] [ACAT.Lib.Core.TTSEngines.NullTTSEngine, Core].notifyPropertyChanged()","Parameters":[]}},{"$type":"[SST:Statements.ReturnStatement]","Expression":{"$type":"[SST:Expressions.Simple.ConstantValueExpression]","Value":"true"},"IsVoid":false}]},{"$type":"[SST:Declarations.MethodDeclaration]","Name":"0M:[p:bool] [ACAT.Lib.Core.TTSEngines.NullTTSEngine, Core].SetRate([p:int] rate)","IsEntryPoint":true,"Body":[{"$type":"[SST:Statements.VariableDeclaration]","Reference":{"$type":"[SST:References.VariableReference]","Identifier":"$0"},"Type":"0T:ACAT.Lib.Core.TTSManagement.TTSValue, Core"},{"$type":"[SST:Statements.Assignment]","Reference":{"$type":"[SST:References.VariableReference]","Identifier":"$0"},"Expression":{"$type":"[SST:Expressions.Simple.ReferenceExpression]","Reference":{"$type":"[SST:References.FieldReference]","Reference":{"$type":"[SST:References.VariableReference]","Identifier":"this"},"FieldName":"0F:[ACAT.Lib.Core.TTSManagement.TTSValue, Core] [ACAT.Lib.Core.TTSEngines.NullTTSEngine, Core]._speechRate"}}},{"$type":"[SST:Statements.Assignment]","Reference":{"$type":"[SST:References.PropertyReference]","Reference":{"$type":"[SST:References.VariableReference]","Identifier":"$0"},"PropertyName":"0P:set get [p:int] [ACAT.Lib.Core.TTSManagement.TTSValue, Core].Value()"},"Expression":{"$type":"[SST:Expressions.Simple.ReferenceExpression]","Reference":{"$type":"[SST:References.VariableReference]","Identifier":"rate"}}},{"$type":"[SST:Statements.ExpressionStatement]","Expression":{"$type":"[SST:Expressions.Assignable.InvocationExpression]","Reference":{"$type":"[SST:References.VariableReference]","Identifier":"this"},"MethodName":"0M:[p:void] [ACAT.Lib.Core.TTSEngines.NullTTSEngine, Core].notifyPropertyChanged()","Parameters":[]}},{"$type":"[SST:Statements.ReturnStatement]","Expression":{"$type":"[SST:Expressions.Simple.ConstantValueExpression]","Value":"true"},"IsVoid":false}]},{"$type":"[SST:Declarations.MethodDeclaration]","Name":"0M:[p:bool] [ACAT.Lib.Core.TTSEngines.NullTTSEngine, Core].SetVolume([p:int] volume)","IsEntryPoint":true,"Body":[{"$type":"[SST:Statements.VariableDeclaration]","Reference":{"$type":"[SST:References.VariableReference]","Identifier":"$0"},"Type":"0T:ACAT.Lib.Core.TTSManagement.TTSValue, Core"},{"$type":"[SST:Statements.Assignment]","Reference":{"$type":"[SST:References.VariableReference]","Identifier":"$0"},"Expression":{"$type":"[SST:Expressions.Simple.ReferenceExpression]","Reference":{"$type":"[SST:References.FieldReference]","Reference":{"$type":"[SST:References.VariableReference]","Identifier":"this"},"FieldName":"0F:[ACAT.Lib.Core.TTSManagement.TTSValue, Core] [ACAT.Lib.Core.TTSEngines.NullTTSEngine, Core]._speechVolume"}}},{"$type":"[SST:Statements.Assignment]","Reference":{"$type":"[SST:References.PropertyReference]","Reference":{"$type":"[SST:References.VariableReference]","Identifier":"$0"},"PropertyName":"0P:set get [p:int] [ACAT.Lib.Core.TTSManagement.TTSValue, Core].Value()"},"Expression":{"$type":"[SST:Expressions.Simple.ReferenceExpression]","Reference":{"$type":"[SST:References.VariableReference]","Identifier":"volume"}}},{"$type":"[SST:Statements.ExpressionStatement]","Expression":{"$type":"[SST:Expressions.Assignable.InvocationExpression]","Reference":{"$type":"[SST:References.VariableReference]","Identifier":"this"},"MethodName":"0M:[p:void] [ACAT.Lib.Core.TTSEngines.NullTTSEngine, Core].notifyPropertyChanged()","Parameters":[]}},{"$type":"[SST:Statements.ReturnStatement]","Expression":{"$type":"[SST:Expressions.Simple.ConstantValueExpression]","Value":"true"},"IsVoid":false}]},{"$type":"[SST:Declarations.MethodDeclaration]","Name":"0M:[p:bool] [ACAT.Lib.Core.TTSEngines.NullTTSEngine, Core].Speak([p:string] text)","IsEntryPoint":true,"Body":[{"$type":"[SST:Statements.ReturnStatement]","Expression":{"$type":"[SST:Expressions.Simple.ConstantValueExpression]","Value":"true"},"IsVoid":false}]},{"$type":"[SST:Declarations.MethodDeclaration]","Name":"0M:[p:bool] [ACAT.Lib.Core.TTSEngines.NullTTSEngine, Core].SpeakAsync([p:string] text, out [p:int] bookmark)","IsEntryPoint":true,"Body":[{"$type":"[SST:Statements.Assignment]","Reference":{"$type":"[SST:References.VariableReference]","Identifier":"bookmark"},"Expression":{"$type":"[SST:Expressions.Simple.UnknownExpression]"}},{"$type":"[SST:Statements.ReturnStatement]","Expression":{"$type":"[SST:Expressions.Simple.ConstantValueExpression]","Value":"true"},"IsVoid":false}]},{"$type":"[SST:Declarations.MethodDeclaration]","Name":"0M:[p:bool] [ACAT.Lib.Core.TTSEngines.NullTTSEngine, Core].Stop()","IsEntryPoint":true,"Body":[{"$type":"[SST:Statements.ReturnStatement]","Expression":{"$type":"[SST:Expressions.Simple.ConstantValueExpression]","Value":"true"},"IsVoid":false}]},{"$type":"[SST:Declarations.MethodDeclaration]","Name":"0M:[p:void] [ACAT.Lib.Core.TTSEngines.NullTTSEngine, Core].UnMute()","IsEntryPoint":true,"Body":[{"$type":"[SST:Statements.Assignment]","Reference":{"$type":"[SST:References.FieldReference]","Reference":{"$type":"[SST:References.VariableReference]","Identifier":"this"},"FieldName":"0F:[p:bool] [ACAT.Lib.Core.TTSEngines.NullTTSEngine, Core]._muted"},"Expression":{"$type":"[SST:Expressions.Simple.ConstantValueExpression]","Value":"false"}}]},{"$type":"[SST:Declarations.MethodDeclaration]","Name":"0M:[p:bool] [ACAT.Lib.Core.TTSEngines.NullTTSEngine, Core].WaitUntilDone([p:int] timeout)","IsEntryPoint":true,"Body":[{"$type":"[SST:Statements.ReturnStatement]","Expression":{"$type":"[SST:Expressions.Simple.ConstantValueExpression]","Value":"true"},"IsVoid":false}]},{"$type":"[SST:Declarations.MethodDeclaration]","Name":"0M:[p:void] [ACAT.Lib.Core.TTSEngines.NullTTSEngine, Core].Dispose([p:bool] disposing)","IsEntryPoint":false,"Body":[{"$type":"[SST:Statements.VariableDeclaration]","Reference":{"$type":"[SST:References.VariableReference]","Identifier":"$0"},"Type":"0T:p:bool"},{"$type":"[SST:Statements.Assignment]","Reference":{"$type":"[SST:References.VariableReference]","Identifier":"$0"},"Expression":{"$type":"[SST:Expressions.Assignable.UnaryExpression]","Operator":1,"Operand":{"$type":"[SST:Expressions.Simple.ReferenceExpression]","Reference":{"$type":"[SST:References.FieldReference]","Reference":{"$type":"[SST:References.VariableReference]","Identifier":"this"},"FieldName":"0F:[p:bool] [ACAT.Lib.Core.TTSEngines.NullTTSEngine, Core]._disposed"}}}},{"$type":"[SST:Blocks.IfElseBlock]","Condition":{"$type":"[SST:Expressions.Simple.ReferenceExpression]","Reference":{"$type":"[SST:References.VariableReference]","Identifier":"$0"}},"Then":[{"$type":"[SST:Statements.ExpressionStatement]","Expression":{"$type":"[SST:Expressions.Assignable.InvocationExpression]","Reference":{"$type":"[SST:References.VariableReference]","Identifier":""},"MethodName":"0M:static [p:void] [ACAT.Lib.Core.Utility.Log, Core].Debug()","Parameters":[]}},{"$type":"[SST:Blocks.IfElseBlock]","Condition":{"$type":"[SST:Expressions.Simple.ReferenceExpression]","Reference":{"$type":"[SST:References.VariableReference]","Identifier":"disposing"}},"Then":[],"Else":[]}],"Else":[]},{"$type":"[SST:Statements.Assignment]","Reference":{"$type":"[SST:References.FieldReference]","Reference":{"$type":"[SST:References.VariableReference]","Identifier":"this"},"FieldName":"0F:[p:bool] [ACAT.Lib.Core.TTSEngines.NullTTSEngine, Core]._disposed"},"Expression":{"$type":"[SST:Expressions.Simple.ConstantValueExpression]","Value":"true"}}]},{"$type":"[SST:Declarations.MethodDeclaration]","Name":"0M:[p:void] [ACAT.Lib.Core.TTSEngines.NullTTSEngine, Core].notifyPropertyChanged()","IsEntryPoint":false,"Body":[{"$type":"[SST:Statements.VariableDeclaration]","Reference":{"$type":"[SST:References.VariableReference]","Identifier":"$0"},"Type":"0T:p:bool"},{"$type":"[SST:Statements.Assignment]","Reference":{"$type":"[SST:References.VariableReference]","Identifier":"$0"},"Expression":{"$type":"[SST:Expressions.Assignable.BinaryExpression]","LeftOperand":{"$type":"[SST:Expressions.Simple.ReferenceExpression]","Reference":{"$type":"[SST:References.EventReference]","Reference":{"$type":"[SST:References.VariableReference]","Identifier":"this"},"EventName":"0E:[d:[p:void] [System.EventHandler, mscorlib, 4.0.0.0].([p:object] sender, [System.EventArgs, mscorlib, 4.0.0.0] e)] [ACAT.Lib.Core.TTSEngines.NullTTSEngine, Core].EvtPropertyChanged"}},"Operator":6,"RightOperand":{"$type":"[SST:Expressions.Simple.ConstantValueExpression]","Value":"null"}}},{"$type":"[SST:Blocks.IfElseBlock]","Condition":{"$type":"[SST:Expressions.Simple.ReferenceExpression]","Reference":{"$type":"[SST:References.VariableReference]","Identifier":"$0"}},"Then":[{"$type":"[SST:Statements.VariableDeclaration]","Reference":{"$type":"[SST:References.VariableReference]","Identifier":"$1"},"Type":"0T:d:[p:void] [System.EventHandler, mscorlib, 4.0.0.0].([p:object] sender, [System.EventArgs, mscorlib, 4.0.0.0] e)"},{"$type":"[SST:Statements.Assignment]","Reference":{"$type":"[SST:References.VariableReference]","Identifier":"$1"},"Expression":{"$type":"[SST:Expressions.Simple.ReferenceExpression]","Reference":{"$type":"[SST:References.EventReference]","Reference":{"$type":"[SST:References.VariableReference]","Identifier":"this"},"EventName":"0E:[d:[p:void] [System.EventHandler, mscorlib, 4.0.0.0].([p:object] sender, [System.EventArgs, mscorlib, 4.0.0.0] e)] [ACAT.Lib.Core.TTSEngines.NullTTSEngine, Core].EvtPropertyChanged"}}},{"$type":"[SST:Statements.VariableDeclaration]","Reference":{"$type":"[SST:References.VariableReference]","Identifier":"$2"},"Type":"0T:System.EventArgs, mscorlib, 4.0.0.0"},{"$type":"[SST:Statements.Assignment]","Reference":{"$type":"[SST:References.VariableReference]","Identifier":"$2"},"Expression":{"$type":"[SST:Expressions.Assignable.InvocationExpression]","Reference":{"$type":"[SST:References.VariableReference]","Identifier":""},"MethodName":"0M:[p:void] [System.EventArgs, mscorlib, 4.0.0.0]..ctor()","Parameters":[]}},{"$type":"[SST:Statements.ExpressionStatement]","Expression":{"$type":"[SST:Expressions.Assignable.InvocationExpression]","Reference":{"$type":"[SST:References.VariableReference]","Identifier":"$1"},"MethodName":"0M:[p:void] [d:[p:void] [System.EventHandler, mscorlib, 4.0.0.0].([p:object] sender, [System.EventArgs, mscorlib, 4.0.0.0] e)].Invoke([p:object] sender, [System.EventArgs, mscorlib, 4.0.0.0] e)","Parameters":[{"$type":"[SST:Expressions.Simple.ReferenceExpression]","Reference":{"$type":"[SST:References.VariableReference]","Identifier":"this"}},{"$type":"[SST:Expressions.Simple.ReferenceExpression]","Reference":{"$type":"[SST:References.VariableReference]","Identifier":"$2"}}]}}],"Else":[]}]}],"Events":[{"$type":"[SST:Declarations.EventDeclaration]","Name":"0E:[d:[p:void] [ACAT.Lib.Core.TTSManagement.TTSBookmarkReached, Core].([p:object] sender, [ACAT.Lib.Core.TTSManagement.TTSBookmarkReachedEventArgs, Core] e)] [ACAT.Lib.Core.TTSEngines.NullTTSEngine, Core].EvtBookmarkReached"},{"$type":"[SST:Declarations.EventDeclaration]","Name":"0E:[d:[p:void] [System.EventHandler, mscorlib, 4.0.0.0].([p:object] sender, [System.EventArgs, mscorlib, 4.0.0.0] e)] [ACAT.Lib.Core.TTSEngines.NullTTSEngine, Core].EvtPropertyChanged"},{"$type":"[SST:Declarations.EventDeclaration]","Name":"0E:[d:[p:void] [ACAT.Lib.Core.TTSManagement.TTSStatusChanged, Core].([p:object] sender, [ACAT.Lib.Core.TTSManagement.TTSStatusChangedEventArgs, Core] e)] [ACAT.Lib.Core.TTSEngines.NullTTSEngine, Core].EvtStatusChanged"},{"$type":"[SST:Declarations.EventDeclaration]","Name":"0E:[d:[p:void] [ACAT.Lib.Core.TTSManagement.TTSVoiceChanged, Core].([p:object] sender, [ACAT.Lib.Core.TTSManagement.TTSVoiceChangedEventArgs, Core] e)] [ACAT.Lib.Core.TTSEngines.NullTTSEngine, Core].EvtVoiceChanged"}],"Delegates":[]}}