{"$type":"KaVE.Commons.Model.Events.CompletionEvents.Context, KaVE.Commons","TypeShape":{"$type":"KaVE.Commons.Model.TypeShapes.TypeShape, KaVE.Commons","TypeHierarchy":{"$type":"KaVE.Commons.Model.TypeShapes.TypeHierarchy, KaVE.Commons","Element":"0T:ACAT.Lib.Core.TTSManagement.TTSStatusChangedEventArgs, Core","Extends":{"$type":"KaVE.Commons.Model.TypeShapes.TypeHierarchy, KaVE.Commons","Element":"0T:System.EventArgs, mscorlib, 4.0.0.0","Implements":[]},"Implements":[]},"NestedTypes":[],"Delegates":[],"EventHierarchies":[],"Fields":[],"MethodHierarchies":[{"$type":"KaVE.Commons.Model.TypeShapes.MethodHierarchy, KaVE.Commons","Element":"0M:[p:void] [ACAT.Lib.Core.TTSManagement.TTSStatusChangedEventArgs, Core]..ctor([e:ACAT.Lib.Core.TTSManagement.StatusFlags, Core] flags)"}],"PropertyHierarchies":[{"$type":"KaVE.Commons.Model.TypeShapes.PropertyHierarchy, KaVE.Commons","Element":"0P:set get [e:ACAT.Lib.Core.TTSManagement.StatusFlags, Core] [ACAT.Lib.Core.TTSManagement.TTSStatusChangedEventArgs, Core].Status()"}]},"SST":{"$type":"[SST:SST]","EnclosingType":"0T:ACAT.Lib.Core.TTSManagement.TTSStatusChangedEventArgs, Core","Fields":[],"Properties":[{"$type":"[SST:Declarations.PropertyDeclaration]","Name":"0P:set get [e:ACAT.Lib.Core.TTSManagement.StatusFlags, Core] [ACAT.Lib.Core.TTSManagement.TTSStatusChangedEventArgs, Core].Status()","Get":[],"Set":[]}],"Methods":[{"$type":"[SST:Declarations.MethodDeclaration]","Name":"0M:[p:void] [ACAT.Lib.Core.TTSManagement.TTSStatusChangedEventArgs, Core]..ctor([e:ACAT.Lib.Core.TTSManagement.StatusFlags, Core] flags)","IsEntryPoint":true,"Body":[{"$type":"[SST:Statements.Assignment]","Reference":{"$type":"[SST:References.PropertyReference]","Reference":{"$type":"[SST:References.VariableReference]","Identifier":"this"},"PropertyName":"0P:set get [e:ACAT.Lib.Core.TTSManagement.StatusFlags, Core] [ACAT.Lib.Core.TTSManagement.TTSStatusChangedEventArgs, Core].Status()"},"Expression":{"$type":"[SST:Expressions.Simple.ReferenceExpression]","Reference":{"$type":"[SST:References.VariableReference]","Identifier":"flags"}}}]}],"Events":[],"Delegates":[]}}