{"$type":"KaVE.Commons.Model.Events.CompletionEvents.Context, KaVE.Commons","TypeShape":{"$type":"KaVE.Commons.Model.TypeShapes.TypeShape, KaVE.Commons","TypeHierarchy":{"$type":"KaVE.Commons.Model.TypeShapes.TypeHierarchy, KaVE.Commons","Element":"0T:ACAT.Lib.Core.Audit.AuditEventActiveWindowChange, Core","Extends":{"$type":"KaVE.Commons.Model.TypeShapes.TypeHierarchy, KaVE.Commons","Element":"0T:ACAT.Lib.Core.Audit.AuditEventBase, Core","Implements":[]},"Implements":[]},"NestedTypes":[],"Delegates":[],"EventHierarchies":[],"Fields":[],"MethodHierarchies":[{"$type":"KaVE.Commons.Model.TypeShapes.MethodHierarchy, KaVE.Commons","Element":"0M:[p:void] [ACAT.Lib.Core.Audit.AuditEventActiveWindowChange, Core]..ctor()"},{"$type":"KaVE.Commons.Model.TypeShapes.MethodHierarchy, KaVE.Commons","Element":"0M:[p:void] [ACAT.Lib.Core.Audit.AuditEventActiveWindowChange, Core]..ctor([p:string] processName, [p:string] windowTitle)"},{"$type":"KaVE.Commons.Model.TypeShapes.MethodHierarchy, KaVE.Commons","Element":"0M:[p:string] [ACAT.Lib.Core.Audit.AuditEventActiveWindowChange, Core].toString()","Super":"0M:[p:string] [ACAT.Lib.Core.Audit.AuditEventBase, Core].toString()"}],"PropertyHierarchies":[{"$type":"KaVE.Commons.Model.TypeShapes.PropertyHierarchy, KaVE.Commons","Element":"0P:set get [p:string] [ACAT.Lib.Core.Audit.AuditEventActiveWindowChange, Core].ProcessName()"},{"$type":"KaVE.Commons.Model.TypeShapes.PropertyHierarchy, KaVE.Commons","Element":"0P:set get [p:string] [ACAT.Lib.Core.Audit.AuditEventActiveWindowChange, Core].WindowTitle()"}]},"SST":{"$type":"[SST:SST]","EnclosingType":"0T:ACAT.Lib.Core.Audit.AuditEventActiveWindowChange, Core","Fields":[],"Properties":[{"$type":"[SST:Declarations.PropertyDeclaration]","Name":"0P:set get [p:string] [ACAT.Lib.Core.Audit.AuditEventActiveWindowChange, Core].ProcessName()","Get":[],"Set":[]},{"$type":"[SST:Declarations.PropertyDeclaration]","Name":"0P:set get [p:string] [ACAT.Lib.Core.Audit.AuditEventActiveWindowChange, Core].WindowTitle()","Get":[],"Set":[]}],"Methods":[{"$type":"[SST:Declarations.MethodDeclaration]","Name":"0M:[p:void] [ACAT.Lib.Core.Audit.AuditEventActiveWindowChange, Core]..ctor()","IsEntryPoint":true,"Body":[{"$type":"[SST:Statements.ExpressionStatement]","Expression":{"$type":"[SST:Expressions.Assignable.InvocationExpression]","Reference":{"$type":"[SST:References.VariableReference]","Identifier":"base"},"MethodName":"0M:[p:void] [ACAT.Lib.Core.Audit.AuditEventBase, Core]..ctor([p:string] eventType)","Parameters":[{"$type":"[SST:Expressions.Simple.ConstantValueExpression]"}]}}]},{"$type":"[SST:Declarations.MethodDeclaration]","Name":"0M:[p:void] [ACAT.Lib.Core.Audit.AuditEventActiveWindowChange, Core]..ctor([p:string] processName, [p:string] windowTitle)","IsEntryPoint":true,"Body":[{"$type":"[SST:Statements.ExpressionStatement]","Expression":{"$type":"[SST:Expressions.Assignable.InvocationExpression]","Reference":{"$type":"[SST:References.VariableReference]","Identifier":"base"},"MethodName":"0M:[p:void] [ACAT.Lib.Core.Audit.AuditEventBase, Core]..ctor([p:string] eventType)","Parameters":[{"$type":"[SST:Expressions.Simple.ConstantValueExpression]"}]}},{"$type":"[SST:Statements.Assignment]","Reference":{"$type":"[SST:References.PropertyReference]","Reference":{"$type":"[SST:References.VariableReference]","Identifier":"this"},"PropertyName":"0P:set get [p:string] [ACAT.Lib.Core.Audit.AuditEventActiveWindowChange, Core].ProcessName()"},"Expression":{"$type":"[SST:Expressions.Simple.ReferenceExpression]","Reference":{"$type":"[SST:References.VariableReference]","Identifier":"processName"}}},{"$type":"[SST:Statements.Assignment]","Reference":{"$type":"[SST:References.PropertyReference]","Reference":{"$type":"[SST:References.VariableReference]","Identifier":"this"},"PropertyName":"0P:set get [p:string] [ACAT.Lib.Core.Audit.AuditEventActiveWindowChange, Core].WindowTitle()"},"Expression":{"$type":"[SST:Expressions.Simple.ReferenceExpression]","Reference":{"$type":"[SST:References.VariableReference]","Identifier":"windowTitle"}}}]},{"$type":"[SST:Declarations.MethodDeclaration]","Name":"0M:[p:string] [ACAT.Lib.Core.Audit.AuditEventActiveWindowChange, Core].toString()","IsEntryPoint":true,"Body":[{"$type":"[SST:Statements.VariableDeclaration]","Reference":{"$type":"[SST:References.VariableReference]","Identifier":"$0"},"Type":"0T:p:string"},{"$type":"[SST:Statements.Assignment]","Reference":{"$type":"[SST:References.VariableReference]","Identifier":"$0"},"Expression":{"$type":"[SST:Expressions.Assignable.InvocationExpression]","Reference":{"$type":"[SST:References.VariableReference]","Identifier":"this"},"MethodName":"0M:[p:string] [ACAT.Lib.Core.Audit.AuditEventBase, Core].formatEventString(params [p:object[]] args)","Parameters":[{"$type":"[SST:Expressions.Simple.ReferenceExpression]","Reference":{"$type":"[SST:References.PropertyReference]","Reference":{"$type":"[SST:References.VariableReference]","Identifier":"this"},"PropertyName":"0P:set get [p:string] [ACAT.Lib.Core.Audit.AuditEventActiveWindowChange, Core].ProcessName()"}},{"$type":"[SST:Expressions.Simple.ReferenceExpression]","Reference":{"$type":"[SST:References.PropertyReference]","Reference":{"$type":"[SST:References.VariableReference]","Identifier":"this"},"PropertyName":"0P:set get [p:string] [ACAT.Lib.Core.Audit.AuditEventActiveWindowChange, Core].WindowTitle()"}}]}},{"$type":"[SST:Statements.ReturnStatement]","Expression":{"$type":"[SST:Expressions.Simple.ReferenceExpression]","Reference":{"$type":"[SST:References.VariableReference]","Identifier":"$0"}},"IsVoid":false}]}],"Events":[],"Delegates":[]}}