{"$type":"KaVE.Commons.Model.Events.CompletionEvents.Context, KaVE.Commons","TypeShape":{"$type":"KaVE.Commons.Model.TypeShapes.TypeShape, KaVE.Commons","TypeHierarchy":{"$type":"KaVE.Commons.Model.TypeShapes.TypeHierarchy, KaVE.Commons","Element":"0T:ACAT.Lib.Core.Audit.AuditEventUISwitchDetect, Core","Extends":{"$type":"KaVE.Commons.Model.TypeShapes.TypeHierarchy, KaVE.Commons","Element":"0T:ACAT.Lib.Core.Audit.AuditEventBase, Core","Implements":[]},"Implements":[]},"NestedTypes":[],"Delegates":[],"EventHierarchies":[],"Fields":[],"MethodHierarchies":[{"$type":"KaVE.Commons.Model.TypeShapes.MethodHierarchy, KaVE.Commons","Element":"0M:[p:void] [ACAT.Lib.Core.Audit.AuditEventUISwitchDetect, Core]..ctor()"},{"$type":"KaVE.Commons.Model.TypeShapes.MethodHierarchy, KaVE.Commons","Element":"0M:[p:void] [ACAT.Lib.Core.Audit.AuditEventUISwitchDetect, Core]..ctor([p:string] switchName, [p:string] panelClass, [p:string] widgetType, [p:string] widgetName)"},{"$type":"KaVE.Commons.Model.TypeShapes.MethodHierarchy, KaVE.Commons","Element":"0M:[p:string] [ACAT.Lib.Core.Audit.AuditEventUISwitchDetect, Core].toString()","Super":"0M:[p:string] [ACAT.Lib.Core.Audit.AuditEventBase, Core].toString()"}],"PropertyHierarchies":[{"$type":"KaVE.Commons.Model.TypeShapes.PropertyHierarchy, KaVE.Commons","Element":"0P:set get [p:string] [ACAT.Lib.Core.Audit.AuditEventUISwitchDetect, Core].PanelName()"},{"$type":"KaVE.Commons.Model.TypeShapes.PropertyHierarchy, KaVE.Commons","Element":"0P:set get [p:string] [ACAT.Lib.Core.Audit.AuditEventUISwitchDetect, Core].SwitchName()"},{"$type":"KaVE.Commons.Model.TypeShapes.PropertyHierarchy, KaVE.Commons","Element":"0P:set get [p:string] [ACAT.Lib.Core.Audit.AuditEventUISwitchDetect, Core].WidgetName()"},{"$type":"KaVE.Commons.Model.TypeShapes.PropertyHierarchy, KaVE.Commons","Element":"0P:set get [p:string] [ACAT.Lib.Core.Audit.AuditEventUISwitchDetect, Core].WidgetType()"}]},"SST":{"$type":"[SST:SST]","EnclosingType":"0T:ACAT.Lib.Core.Audit.AuditEventUISwitchDetect, Core","Fields":[],"Properties":[{"$type":"[SST:Declarations.PropertyDeclaration]","Name":"0P:set get [p:string] [ACAT.Lib.Core.Audit.AuditEventUISwitchDetect, Core].PanelName()","Get":[],"Set":[]},{"$type":"[SST:Declarations.PropertyDeclaration]","Name":"0P:set get [p:string] [ACAT.Lib.Core.Audit.AuditEventUISwitchDetect, Core].SwitchName()","Get":[],"Set":[]},{"$type":"[SST:Declarations.PropertyDeclaration]","Name":"0P:set get [p:string] [ACAT.Lib.Core.Audit.AuditEventUISwitchDetect, Core].WidgetName()","Get":[],"Set":[]},{"$type":"[SST:Declarations.PropertyDeclaration]","Name":"0P:set get [p:string] [ACAT.Lib.Core.Audit.AuditEventUISwitchDetect, Core].WidgetType()","Get":[],"Set":[]}],"Methods":[{"$type":"[SST:Declarations.MethodDeclaration]","Name":"0M:[p:void] [ACAT.Lib.Core.Audit.AuditEventUISwitchDetect, Core]..ctor()","IsEntryPoint":true,"Body":[{"$type":"[SST:Statements.ExpressionStatement]","Expression":{"$type":"[SST:Expressions.Assignable.InvocationExpression]","Reference":{"$type":"[SST:References.VariableReference]","Identifier":"base"},"MethodName":"0M:[p:void] [ACAT.Lib.Core.Audit.AuditEventBase, Core]..ctor([p:string] eventType)","Parameters":[{"$type":"[SST:Expressions.Simple.ConstantValueExpression]"}]}},{"$type":"[SST:Statements.Assignment]","Reference":{"$type":"[SST:References.PropertyReference]","Reference":{"$type":"[SST:References.VariableReference]","Identifier":"this"},"PropertyName":"0P:set get [p:string] [ACAT.Lib.Core.Audit.AuditEventUISwitchDetect, Core].SwitchName()"},"Expression":{"$type":"[SST:Expressions.Simple.ReferenceExpression]","Reference":{"$type":"[SST:References.FieldReference]","Reference":{"$type":"[SST:References.VariableReference]","Identifier":""},"FieldName":"0F:static [p:string] [ACAT.Lib.Core.Audit.AuditEventBase, Core].UnknownValue"}}}]},{"$type":"[SST:Declarations.MethodDeclaration]","Name":"0M:[p:void] [ACAT.Lib.Core.Audit.AuditEventUISwitchDetect, Core]..ctor([p:string] switchName, [p:string] panelClass, [p:string] widgetType, [p:string] widgetName)","IsEntryPoint":true,"Body":[{"$type":"[SST:Statements.ExpressionStatement]","Expression":{"$type":"[SST:Expressions.Assignable.InvocationExpression]","Reference":{"$type":"[SST:References.VariableReference]","Identifier":"base"},"MethodName":"0M:[p:void] [ACAT.Lib.Core.Audit.AuditEventBase, Core]..ctor([p:string] eventType)","Parameters":[{"$type":"[SST:Expressions.Simple.ConstantValueExpression]"}]}},{"$type":"[SST:Statements.Assignment]","Reference":{"$type":"[SST:References.PropertyReference]","Reference":{"$type":"[SST:References.VariableReference]","Identifier":"this"},"PropertyName":"0P:set get [p:string] [ACAT.Lib.Core.Audit.AuditEventUISwitchDetect, Core].SwitchName()"},"Expression":{"$type":"[SST:Expressions.Simple.ReferenceExpression]","Reference":{"$type":"[SST:References.VariableReference]","Identifier":"switchName"}}},{"$type":"[SST:Statements.Assignment]","Reference":{"$type":"[SST:References.PropertyReference]","Reference":{"$type":"[SST:References.VariableReference]","Identifier":"this"},"PropertyName":"0P:set get [p:string] [ACAT.Lib.Core.Audit.AuditEventUISwitchDetect, Core].PanelName()"},"Expression":{"$type":"[SST:Expressions.Simple.ReferenceExpression]","Reference":{"$type":"[SST:References.VariableReference]","Identifier":"panelClass"}}},{"$type":"[SST:Statements.Assignment]","Reference":{"$type":"[SST:References.PropertyReference]","Reference":{"$type":"[SST:References.VariableReference]","Identifier":"this"},"PropertyName":"0P:set get [p:string] [ACAT.Lib.Core.Audit.AuditEventUISwitchDetect, Core].WidgetType()"},"Expression":{"$type":"[SST:Expressions.Simple.ReferenceExpression]","Reference":{"$type":"[SST:References.VariableReference]","Identifier":"widgetType"}}},{"$type":"[SST:Statements.Assignment]","Reference":{"$type":"[SST:References.PropertyReference]","Reference":{"$type":"[SST:References.VariableReference]","Identifier":"this"},"PropertyName":"0P:set get [p:string] [ACAT.Lib.Core.Audit.AuditEventUISwitchDetect, Core].WidgetName()"},"Expression":{"$type":"[SST:Expressions.Simple.ReferenceExpression]","Reference":{"$type":"[SST:References.VariableReference]","Identifier":"widgetName"}}}]},{"$type":"[SST:Declarations.MethodDeclaration]","Name":"0M:[p:string] [ACAT.Lib.Core.Audit.AuditEventUISwitchDetect, Core].toString()","IsEntryPoint":true,"Body":[{"$type":"[SST:Statements.VariableDeclaration]","Reference":{"$type":"[SST:References.VariableReference]","Identifier":"$0"},"Type":"0T:p:string"},{"$type":"[SST:Statements.Assignment]","Reference":{"$type":"[SST:References.VariableReference]","Identifier":"$0"},"Expression":{"$type":"[SST:Expressions.Assignable.InvocationExpression]","Reference":{"$type":"[SST:References.VariableReference]","Identifier":"this"},"MethodName":"0M:[p:string] [ACAT.Lib.Core.Audit.AuditEventBase, Core].formatEventString(params [p:object[]] args)","Parameters":[{"$type":"[SST:Expressions.Simple.ReferenceExpression]","Reference":{"$type":"[SST:References.PropertyReference]","Reference":{"$type":"[SST:References.VariableReference]","Identifier":"this"},"PropertyName":"0P:set get [p:string] [ACAT.Lib.Core.Audit.AuditEventUISwitchDetect, Core].SwitchName()"}},{"$type":"[SST:Expressions.Simple.ReferenceExpression]","Reference":{"$type":"[SST:References.PropertyReference]","Reference":{"$type":"[SST:References.VariableReference]","Identifier":"this"},"PropertyName":"0P:set get [p:string] [ACAT.Lib.Core.Audit.AuditEventUISwitchDetect, Core].PanelName()"}},{"$type":"[SST:Expressions.Simple.ReferenceExpression]","Reference":{"$type":"[SST:References.PropertyReference]","Reference":{"$type":"[SST:References.VariableReference]","Identifier":"this"},"PropertyName":"0P:set get [p:string] [ACAT.Lib.Core.Audit.AuditEventUISwitchDetect, Core].WidgetType()"}},{"$type":"[SST:Expressions.Simple.ReferenceExpression]","Reference":{"$type":"[SST:References.PropertyReference]","Reference":{"$type":"[SST:References.VariableReference]","Identifier":"this"},"PropertyName":"0P:set get [p:string] [ACAT.Lib.Core.Audit.AuditEventUISwitchDetect, Core].WidgetName()"}}]}},{"$type":"[SST:Statements.ReturnStatement]","Expression":{"$type":"[SST:Expressions.Simple.ReferenceExpression]","Reference":{"$type":"[SST:References.VariableReference]","Identifier":"$0"}},"IsVoid":false}]}],"Events":[],"Delegates":[]}}