{"$type":"KaVE.Commons.Model.Events.CompletionEvents.Context, KaVE.Commons","TypeShape":{"$type":"KaVE.Commons.Model.TypeShapes.TypeShape, KaVE.Commons","TypeHierarchy":{"$type":"KaVE.Commons.Model.TypeShapes.TypeHierarchy, KaVE.Commons","Element":"0T:ACAT.Lib.Core.Utility.AutomationEventManager+RemoveAutomationPropertyChangedItem, Core","Implements":[]},"NestedTypes":[],"Delegates":[],"EventHierarchies":[],"Fields":["0F:[System.Windows.Automation.AutomationElement, UIAutomationClient, 4.0.0.0] [ACAT.Lib.Core.Utility.AutomationEventManager+RemoveAutomationPropertyChangedItem, Core].AutoElement","0F:[d:[p:void] [System.Windows.Automation.AutomationPropertyChangedEventHandler, UIAutomationTypes, 4.0.0.0].([p:object] sender, [System.Windows.Automation.AutomationPropertyChangedEventArgs, UIAutomationTypes, 4.0.0.0] e)] [ACAT.Lib.Core.Utility.AutomationEventManager+RemoveAutomationPropertyChangedItem, Core].EventHandler","0F:[System.Windows.Automation.AutomationProperty, UIAutomationTypes, 4.0.0.0] [ACAT.Lib.Core.Utility.AutomationEventManager+RemoveAutomationPropertyChangedItem, Core].Property","0F:[ACAT.Lib.Core.Utility.AutomationEventManager+WindowElement, Core] [ACAT.Lib.Core.Utility.AutomationEventManager+RemoveAutomationPropertyChangedItem, Core].WinElement"],"MethodHierarchies":[],"PropertyHierarchies":[]},"SST":{"$type":"[SST:SST]","EnclosingType":"0T:ACAT.Lib.Core.Utility.AutomationEventManager+RemoveAutomationPropertyChangedItem, Core","Fields":[{"$type":"[SST:Declarations.FieldDeclaration]","Name":"0F:[System.Windows.Automation.AutomationElement, UIAutomationClient, 4.0.0.0] [ACAT.Lib.Core.Utility.AutomationEventManager+RemoveAutomationPropertyChangedItem, Core].AutoElement"},{"$type":"[SST:Declarations.FieldDeclaration]","Name":"0F:[d:[p:void] [System.Windows.Automation.AutomationPropertyChangedEventHandler, UIAutomationTypes, 4.0.0.0].([p:object] sender, [System.Windows.Automation.AutomationPropertyChangedEventArgs, UIAutomationTypes, 4.0.0.0] e)] [ACAT.Lib.Core.Utility.AutomationEventManager+RemoveAutomationPropertyChangedItem, Core].EventHandler"},{"$type":"[SST:Declarations.FieldDeclaration]","Name":"0F:[System.Windows.Automation.AutomationProperty, UIAutomationTypes, 4.0.0.0] [ACAT.Lib.Core.Utility.AutomationEventManager+RemoveAutomationPropertyChangedItem, Core].Property"},{"$type":"[SST:Declarations.FieldDeclaration]","Name":"0F:[ACAT.Lib.Core.Utility.AutomationEventManager+WindowElement, Core] [ACAT.Lib.Core.Utility.AutomationEventManager+RemoveAutomationPropertyChangedItem, Core].WinElement"}],"Properties":[],"Methods":[],"Events":[],"Delegates":[]}}