{"$type":"KaVE.Commons.Model.Events.CompletionEvents.Context, KaVE.Commons","TypeShape":{"$type":"KaVE.Commons.Model.TypeShapes.TypeShape, KaVE.Commons","TypeHierarchy":{"$type":"KaVE.Commons.Model.TypeShapes.TypeHierarchy, KaVE.Commons","Element":"0T:ACAT.Lib.Core.Utility.AutomationEventManager+RemoveEventHandlerItem, Core","Implements":[]},"NestedTypes":[],"Delegates":[],"EventHierarchies":[],"Fields":["0F:[System.Windows.Automation.AutomationElement, UIAutomationClient, 4.0.0.0] [ACAT.Lib.Core.Utility.AutomationEventManager+RemoveEventHandlerItem, Core].AutoElement","0F:[System.Windows.Automation.AutomationEvent, UIAutomationTypes, 4.0.0.0] [ACAT.Lib.Core.Utility.AutomationEventManager+RemoveEventHandlerItem, Core].AutoEvent","0F:[ACAT.Lib.Core.Utility.AutomationEventManager+WindowElement, Core] [ACAT.Lib.Core.Utility.AutomationEventManager+RemoveEventHandlerItem, Core].WinElement"],"MethodHierarchies":[],"PropertyHierarchies":[]},"SST":{"$type":"[SST:SST]","EnclosingType":"0T:ACAT.Lib.Core.Utility.AutomationEventManager+RemoveEventHandlerItem, Core","Fields":[{"$type":"[SST:Declarations.FieldDeclaration]","Name":"0F:[System.Windows.Automation.AutomationElement, UIAutomationClient, 4.0.0.0] [ACAT.Lib.Core.Utility.AutomationEventManager+RemoveEventHandlerItem, Core].AutoElement"},{"$type":"[SST:Declarations.FieldDeclaration]","Name":"0F:[System.Windows.Automation.AutomationEvent, UIAutomationTypes, 4.0.0.0] [ACAT.Lib.Core.Utility.AutomationEventManager+RemoveEventHandlerItem, Core].AutoEvent"},{"$type":"[SST:Declarations.FieldDeclaration]","Name":"0F:[ACAT.Lib.Core.Utility.AutomationEventManager+WindowElement, Core] [ACAT.Lib.Core.Utility.AutomationEventManager+RemoveEventHandlerItem, Core].WinElement"}],"Properties":[],"Methods":[],"Events":[],"Delegates":[]}}