{"$type":"KaVE.Commons.Model.Events.CompletionEvents.Context, KaVE.Commons","TypeShape":{"$type":"KaVE.Commons.Model.TypeShapes.TypeShape, KaVE.Commons","TypeHierarchy":{"$type":"KaVE.Commons.Model.TypeShapes.TypeHierarchy, KaVE.Commons","Element":"0T:ACAT.Lib.Core.Utility.CoreGlobals, Core","Implements":[]},"NestedTypes":[],"Delegates":[],"EventHierarchies":[],"Fields":[],"MethodHierarchies":[],"PropertyHierarchies":[{"$type":"KaVE.Commons.Model.TypeShapes.PropertyHierarchy, KaVE.Commons","Element":"0P:set get static [ACAT.Lib.Core.Utility.GlobalPreferences, Core] [ACAT.Lib.Core.Utility.CoreGlobals, Core].AppGlobalPreferences()"},{"$type":"KaVE.Commons.Model.TypeShapes.PropertyHierarchy, KaVE.Commons","Element":"0P:set get static [ACAT.Lib.Core.Utility.Preferences, Core] [ACAT.Lib.Core.Utility.CoreGlobals, Core].AppPreferences()"}]},"SST":{"$type":"[SST:SST]","EnclosingType":"0T:ACAT.Lib.Core.Utility.CoreGlobals, Core","Fields":[],"Properties":[{"$type":"[SST:Declarations.PropertyDeclaration]","Name":"0P:set get static [ACAT.Lib.Core.Utility.GlobalPreferences, Core] [ACAT.Lib.Core.Utility.CoreGlobals, Core].AppGlobalPreferences()","Get":[],"Set":[]},{"$type":"[SST:Declarations.PropertyDeclaration]","Name":"0P:set get static [ACAT.Lib.Core.Utility.Preferences, Core] [ACAT.Lib.Core.Utility.CoreGlobals, Core].AppPreferences()","Get":[],"Set":[]}],"Methods":[],"Events":[],"Delegates":[]}}