{"$type":"KaVE.Commons.Model.Events.CompletionEvents.Context, KaVE.Commons","TypeShape":{"$type":"KaVE.Commons.Model.TypeShapes.TypeShape, KaVE.Commons","TypeHierarchy":{"$type":"KaVE.Commons.Model.TypeShapes.TypeHierarchy, KaVE.Commons","Element":"0T:s:ACAT.Lib.Core.InputActuators.KeyboardHook+KBDLLHOOKSTRUCT, Core","Implements":[]},"NestedTypes":[],"Delegates":[],"EventHierarchies":[],"Fields":["0F:[p:int] [s:ACAT.Lib.Core.InputActuators.KeyboardHook+KBDLLHOOKSTRUCT, Core].vkCode","0F:[p:int] [s:ACAT.Lib.Core.InputActuators.KeyboardHook+KBDLLHOOKSTRUCT, Core].scanCode","0F:[p:int] [s:ACAT.Lib.Core.InputActuators.KeyboardHook+KBDLLHOOKSTRUCT, Core].flags","0F:[p:int] [s:ACAT.Lib.Core.InputActuators.KeyboardHook+KBDLLHOOKSTRUCT, Core].time","0F:[p:int] [s:ACAT.Lib.Core.InputActuators.KeyboardHook+KBDLLHOOKSTRUCT, Core].dwExtraInfo"],"MethodHierarchies":[],"PropertyHierarchies":[]},"SST":{"$type":"[SST:SST]","EnclosingType":"0T:s:ACAT.Lib.Core.InputActuators.KeyboardHook+KBDLLHOOKSTRUCT, Core","Fields":[{"$type":"[SST:Declarations.FieldDeclaration]","Name":"0F:[p:int] [s:ACAT.Lib.Core.InputActuators.KeyboardHook+KBDLLHOOKSTRUCT, Core].vkCode"},{"$type":"[SST:Declarations.FieldDeclaration]","Name":"0F:[p:int] [s:ACAT.Lib.Core.InputActuators.KeyboardHook+KBDLLHOOKSTRUCT, Core].scanCode"},{"$type":"[SST:Declarations.FieldDeclaration]","Name":"0F:[p:int] [s:ACAT.Lib.Core.InputActuators.KeyboardHook+KBDLLHOOKSTRUCT, Core].flags"},{"$type":"[SST:Declarations.FieldDeclaration]","Name":"0F:[p:int] [s:ACAT.Lib.Core.InputActuators.KeyboardHook+KBDLLHOOKSTRUCT, Core].time"},{"$type":"[SST:Declarations.FieldDeclaration]","Name":"0F:[p:int] [s:ACAT.Lib.Core.InputActuators.KeyboardHook+KBDLLHOOKSTRUCT, Core].dwExtraInfo"}],"Properties":[],"Methods":[],"Events":[],"Delegates":[]}}