{"$type":"KaVE.Commons.Model.Events.CompletionEvents.Context, KaVE.Commons","TypeShape":{"$type":"KaVE.Commons.Model.TypeShapes.TypeShape, KaVE.Commons","TypeHierarchy":{"$type":"KaVE.Commons.Model.TypeShapes.TypeHierarchy, KaVE.Commons","Element":"0T:e:ACAT.Lib.Core.Utility.GridMouseMover+Direction, Core","Implements":[]},"NestedTypes":[],"Delegates":[],"EventHierarchies":[],"Fields":["0F:[e:ACAT.Lib.Core.Utility.GridMouseMover+Direction, Core] [e:ACAT.Lib.Core.Utility.GridMouseMover+Direction, Core].Down","0F:[e:ACAT.Lib.Core.Utility.GridMouseMover+Direction, Core] [e:ACAT.Lib.Core.Utility.GridMouseMover+Direction, Core].Up"],"MethodHierarchies":[],"PropertyHierarchies":[]},"SST":{"$type":"[SST:SST]","EnclosingType":"0T:e:ACAT.Lib.Core.Utility.GridMouseMover+Direction, Core","Fields":[{"$type":"[SST:Declarations.FieldDeclaration]","Name":"0F:[e:ACAT.Lib.Core.Utility.GridMouseMover+Direction, Core] [e:ACAT.Lib.Core.Utility.GridMouseMover+Direction, Core].Down"},{"$type":"[SST:Declarations.FieldDeclaration]","Name":"0F:[e:ACAT.Lib.Core.Utility.GridMouseMover+Direction, Core] [e:ACAT.Lib.Core.Utility.GridMouseMover+Direction, Core].Up"}],"Properties":[],"Methods":[],"Events":[],"Delegates":[]}}