{"$type":"KaVE.Commons.Model.Events.CompletionEvents.Context, KaVE.Commons","TypeShape":{"$type":"KaVE.Commons.Model.TypeShapes.TypeShape, KaVE.Commons","TypeHierarchy":{"$type":"KaVE.Commons.Model.TypeShapes.TypeHierarchy, KaVE.Commons","Element":"0T:s:ACAT.Lib.Core.Utility.MouseGridScanWindow+Win32Point, Core","Implements":[]},"NestedTypes":[],"Delegates":[],"EventHierarchies":[],"Fields":["0F:[p:int] [s:ACAT.Lib.Core.Utility.MouseGridScanWindow+Win32Point, Core].X","0F:[p:int] [s:ACAT.Lib.Core.Utility.MouseGridScanWindow+Win32Point, Core].Y"],"MethodHierarchies":[],"PropertyHierarchies":[]},"SST":{"$type":"[SST:SST]","EnclosingType":"0T:s:ACAT.Lib.Core.Utility.MouseGridScanWindow+Win32Point, Core","Fields":[{"$type":"[SST:Declarations.FieldDeclaration]","Name":"0F:[p:int] [s:ACAT.Lib.Core.Utility.MouseGridScanWindow+Win32Point, Core].X"},{"$type":"[SST:Declarations.FieldDeclaration]","Name":"0F:[p:int] [s:ACAT.Lib.Core.Utility.MouseGridScanWindow+Win32Point, Core].Y"}],"Properties":[],"Methods":[],"Events":[],"Delegates":[]}}