{"$type":"KaVE.Commons.Model.Events.CompletionEvents.Context, KaVE.Commons","TypeShape":{"$type":"KaVE.Commons.Model.TypeShapes.TypeShape, KaVE.Commons","TypeHierarchy":{"$type":"KaVE.Commons.Model.TypeShapes.TypeHierarchy, KaVE.Commons","Element":"0T:e:ACAT.Lib.Core.Utility.MouseUtils+MouseDirections, Core","Implements":[]},"NestedTypes":[],"Delegates":[],"EventHierarchies":[],"Fields":["0F:[e:ACAT.Lib.Core.Utility.MouseUtils+MouseDirections, Core] [e:ACAT.Lib.Core.Utility.MouseUtils+MouseDirections, Core].Northwest","0F:[e:ACAT.Lib.Core.Utility.MouseUtils+MouseDirections, Core] [e:ACAT.Lib.Core.Utility.MouseUtils+MouseDirections, Core].North","0F:[e:ACAT.Lib.Core.Utility.MouseUtils+MouseDirections, Core] [e:ACAT.Lib.Core.Utility.MouseUtils+MouseDirections, Core].Northeast","0F:[e:ACAT.Lib.Core.Utility.MouseUtils+MouseDirections, Core] [e:ACAT.Lib.Core.Utility.MouseUtils+MouseDirections, Core].West","0F:[e:ACAT.Lib.Core.Utility.MouseUtils+MouseDirections, Core] [e:ACAT.Lib.Core.Utility.MouseUtils+MouseDirections, Core].East","0F:[e:ACAT.Lib.Core.Utility.MouseUtils+MouseDirections, Core] [e:ACAT.Lib.Core.Utility.MouseUtils+MouseDirections, Core].Southwest","0F:[e:ACAT.Lib.Core.Utility.MouseUtils+MouseDirections, Core] [e:ACAT.Lib.Core.Utility.MouseUtils+MouseDirections, Core].South","0F:[e:ACAT.Lib.Core.Utility.MouseUtils+MouseDirections, Core] [e:ACAT.Lib.Core.Utility.MouseUtils+MouseDirections, Core].Southeast"],"MethodHierarchies":[],"PropertyHierarchies":[]},"SST":{"$type":"[SST:SST]","EnclosingType":"0T:e:ACAT.Lib.Core.Utility.MouseUtils+MouseDirections, Core","Fields":[{"$type":"[SST:Declarations.FieldDeclaration]","Name":"0F:[e:ACAT.Lib.Core.Utility.MouseUtils+MouseDirections, Core] [e:ACAT.Lib.Core.Utility.MouseUtils+MouseDirections, Core].Northwest"},{"$type":"[SST:Declarations.FieldDeclaration]","Name":"0F:[e:ACAT.Lib.Core.Utility.MouseUtils+MouseDirections, Core] [e:ACAT.Lib.Core.Utility.MouseUtils+MouseDirections, Core].North"},{"$type":"[SST:Declarations.FieldDeclaration]","Name":"0F:[e:ACAT.Lib.Core.Utility.MouseUtils+MouseDirections, Core] [e:ACAT.Lib.Core.Utility.MouseUtils+MouseDirections, Core].Northeast"},{"$type":"[SST:Declarations.FieldDeclaration]","Name":"0F:[e:ACAT.Lib.Core.Utility.MouseUtils+MouseDirections, Core] [e:ACAT.Lib.Core.Utility.MouseUtils+MouseDirections, Core].West"},{"$type":"[SST:Declarations.FieldDeclaration]","Name":"0F:[e:ACAT.Lib.Core.Utility.MouseUtils+MouseDirections, Core] [e:ACAT.Lib.Core.Utility.MouseUtils+MouseDirections, Core].East"},{"$type":"[SST:Declarations.FieldDeclaration]","Name":"0F:[e:ACAT.Lib.Core.Utility.MouseUtils+MouseDirections, Core] [e:ACAT.Lib.Core.Utility.MouseUtils+MouseDirections, Core].Southwest"},{"$type":"[SST:Declarations.FieldDeclaration]","Name":"0F:[e:ACAT.Lib.Core.Utility.MouseUtils+MouseDirections, Core] [e:ACAT.Lib.Core.Utility.MouseUtils+MouseDirections, Core].South"},{"$type":"[SST:Declarations.FieldDeclaration]","Name":"0F:[e:ACAT.Lib.Core.Utility.MouseUtils+MouseDirections, Core] [e:ACAT.Lib.Core.Utility.MouseUtils+MouseDirections, Core].Southeast"}],"Properties":[],"Methods":[],"Events":[],"Delegates":[]}}