{"$type":"KaVE.Commons.Model.Events.CompletionEvents.Context, KaVE.Commons","TypeShape":{"$type":"KaVE.Commons.Model.TypeShapes.TypeShape, KaVE.Commons","TypeHierarchy":{"$type":"KaVE.Commons.Model.TypeShapes.TypeHierarchy, KaVE.Commons","Element":"0T:ACAT.Lib.Core.Utility.XmlUtils, Core","Implements":[]},"NestedTypes":[],"Delegates":[],"EventHierarchies":[],"Fields":[],"MethodHierarchies":[{"$type":"KaVE.Commons.Model.TypeShapes.MethodHierarchy, KaVE.Commons","Element":"0M:static [p:bool] [ACAT.Lib.Core.Utility.XmlUtils, Core].GetXMLAttrBool([System.Xml.XmlNode, System.Xml, 4.0.0.0] node, [p:string] attrName, [p:bool] defaultValue)"},{"$type":"KaVE.Commons.Model.TypeShapes.MethodHierarchy, KaVE.Commons","Element":"0M:static [p:int] [ACAT.Lib.Core.Utility.XmlUtils, Core].GetXMLAttrInt([System.Xml.XmlNode, System.Xml, 4.0.0.0] node, [p:string] attrName, [p:int] defaultValue)"},{"$type":"KaVE.Commons.Model.TypeShapes.MethodHierarchy, KaVE.Commons","Element":"0M:static [p:string] [ACAT.Lib.Core.Utility.XmlUtils, Core].GetXMLAttrString([System.Xml.XmlNode, System.Xml, 4.0.0.0] node, [p:string] attrName)"},{"$type":"KaVE.Commons.Model.TypeShapes.MethodHierarchy, KaVE.Commons","Element":"0M:static [p:string] [ACAT.Lib.Core.Utility.XmlUtils, Core].GetXMLAttrString([System.Xml.XmlNode, System.Xml, 4.0.0.0] node, [p:string] attrName, [p:string] defaultValue)"},{"$type":"KaVE.Commons.Model.TypeShapes.MethodHierarchy, KaVE.Commons","Element":"0M:static [p:bool] [ACAT.Lib.Core.Utility.XmlUtils, Core].XmlDeserializeFromString`1[[T]]([p:string] objectData, out [T] obj)"},{"$type":"KaVE.Commons.Model.TypeShapes.MethodHierarchy, KaVE.Commons","Element":"0M:static [T] [ACAT.Lib.Core.Utility.XmlUtils, Core].XmlFileLoad`1[[T]]([p:string] filename)"},{"$type":"KaVE.Commons.Model.TypeShapes.MethodHierarchy, KaVE.Commons","Element":"0M:static [p:bool] [ACAT.Lib.Core.Utility.XmlUtils, Core].XmlFileSave`1[[T]]([T] o, [p:string] filename)"},{"$type":"KaVE.Commons.Model.TypeShapes.MethodHierarchy, KaVE.Commons","Element":"0M:static [p:string] [ACAT.Lib.Core.Utility.XmlUtils, Core].XmlSerializeToString`1[[T]]([T] obj)"}],"PropertyHierarchies":[]},"SST":{"$type":"[SST:SST]","EnclosingType":"0T:ACAT.Lib.Core.Utility.XmlUtils, Core","Fields":[],"Properties":[],"Methods":[{"$type":"[SST:Declarations.MethodDeclaration]","Name":"0M:static [p:bool] [ACAT.Lib.Core.Utility.XmlUtils, Core].GetXMLAttrBool([System.Xml.XmlNode, System.Xml, 4.0.0.0] node, [p:string] attrName, [p:bool] defaultValue)","IsEntryPoint":true,"Body":[{"$type":"[SST:Statements.VariableDeclaration]","Reference":{"$type":"[SST:References.VariableReference]","Identifier":"retVal"},"Type":"0T:p:bool"},{"$type":"[SST:Statements.Assignment]","Reference":{"$type":"[SST:References.VariableReference]","Identifier":"retVal"},"Expression":{"$type":"[SST:Expressions.Simple.ReferenceExpression]","Reference":{"$type":"[SST:References.VariableReference]","Identifier":"defaultValue"}}},{"$type":"[SST:Blocks.TryBlock]","Body":[{"$type":"[SST:Statements.VariableDeclaration]","Reference":{"$type":"[SST:References.VariableReference]","Identifier":"attr"},"Type":"0T:System.Xml.XmlAttribute, System.Xml, 4.0.0.0"},{"$type":"[SST:Statements.VariableDeclaration]","Reference":{"$type":"[SST:References.VariableReference]","Identifier":"$0"},"Type":"0T:System.Xml.XmlAttributeCollection, System.Xml, 4.0.0.0"},{"$type":"[SST:Statements.Assignment]","Reference":{"$type":"[SST:References.VariableReference]","Identifier":"$0"},"Expression":{"$type":"[SST:Expressions.Simple.ReferenceExpression]","Reference":{"$type":"[SST:References.PropertyReference]","Reference":{"$type":"[SST:References.VariableReference]","Identifier":"node"},"PropertyName":"0P:get [System.Xml.XmlAttributeCollection, System.Xml, 4.0.0.0] [System.Xml.XmlNode, System.Xml, 4.0.0.0].Attributes()"}}},{"$type":"[SST:Statements.Assignment]","Reference":{"$type":"[SST:References.VariableReference]","Identifier":"attr"},"Expression":{"$type":"[SST:Expressions.Assignable.IndexAccessExpression]","Reference":{"$type":"[SST:References.VariableReference]","Identifier":"$0"},"Indices":[{"$type":"[SST:Expressions.Simple.ReferenceExpression]","Reference":{"$type":"[SST:References.VariableReference]","Identifier":"attrName"}}]}},{"$type":"[SST:Statements.VariableDeclaration]","Reference":{"$type":"[SST:References.VariableReference]","Identifier":"$1"},"Type":"0T:p:bool"},{"$type":"[SST:Statements.Assignment]","Reference":{"$type":"[SST:References.VariableReference]","Identifier":"$1"},"Expression":{"$type":"[SST:Expressions.Assignable.BinaryExpression]","LeftOperand":{"$type":"[SST:Expressions.Simple.ReferenceExpression]","Reference":{"$type":"[SST:References.VariableReference]","Identifier":"attr"}},"Operator":3,"RightOperand":{"$type":"[SST:Expressions.Simple.ConstantValueExpression]","Value":"null"}}},{"$type":"[SST:Blocks.IfElseBlock]","Condition":{"$type":"[SST:Expressions.Simple.ReferenceExpression]","Reference":{"$type":"[SST:References.VariableReference]","Identifier":"$1"}},"Then":[{"$type":"[SST:Statements.ReturnStatement]","Expression":{"$type":"[SST:Expressions.Simple.ReferenceExpression]","Reference":{"$type":"[SST:References.VariableReference]","Identifier":"defaultValue"}},"IsVoid":false}],"Else":[]},{"$type":"[SST:Statements.VariableDeclaration]","Reference":{"$type":"[SST:References.VariableReference]","Identifier":"$2"},"Type":"0T:p:int"},{"$type":"[SST:Statements.Assignment]","Reference":{"$type":"[SST:References.VariableReference]","Identifier":"$2"},"Expression":{"$type":"[SST:Expressions.Assignable.InvocationExpression]","Reference":{"$type":"[SST:References.VariableReference]","Identifier":""},"MethodName":"0M:static [p:int] [p:string].Compare([p:string] strA, [p:string] strB, [p:bool] ignoreCase)","Parameters":[{"$type":"[SST:Expressions.Simple.ReferenceExpression]","Reference":{"$type":"[SST:References.PropertyReference]","Reference":{"$type":"[SST:References.VariableReference]","Identifier":"attr"},"PropertyName":"0P:set get [p:string] [System.Xml.XmlAttribute, System.Xml, 4.0.0.0].Value()"}},{"$type":"[SST:Expressions.Simple.ConstantValueExpression]"},{"$type":"[SST:Expressions.Simple.ConstantValueExpression]","Value":"true"}]}},{"$type":"[SST:Statements.VariableDeclaration]","Reference":{"$type":"[SST:References.VariableReference]","Identifier":"$3"},"Type":"0T:p:bool"},{"$type":"[SST:Statements.Assignment]","Reference":{"$type":"[SST:References.VariableReference]","Identifier":"$3"},"Expression":{"$type":"[SST:Expressions.Assignable.BinaryExpression]","LeftOperand":{"$type":"[SST:Expressions.Simple.ReferenceExpression]","Reference":{"$type":"[SST:References.VariableReference]","Identifier":"$2"}},"Operator":3,"RightOperand":{"$type":"[SST:Expressions.Simple.ConstantValueExpression]","Value":"0"}}},{"$type":"[SST:Blocks.IfElseBlock]","Condition":{"$type":"[SST:Expressions.Simple.ReferenceExpression]","Reference":{"$type":"[SST:References.VariableReference]","Identifier":"$3"}},"Then":[{"$type":"[SST:Statements.Assignment]","Reference":{"$type":"[SST:References.VariableReference]","Identifier":"retVal"},"Expression":{"$type":"[SST:Expressions.Simple.ConstantValueExpression]","Value":"true"}}],"Else":[{"$type":"[SST:Statements.VariableDeclaration]","Reference":{"$type":"[SST:References.VariableReference]","Identifier":"$4"},"Type":"0T:p:int"},{"$type":"[SST:Statements.Assignment]","Reference":{"$type":"[SST:References.VariableReference]","Identifier":"$4"},"Expression":{"$type":"[SST:Expressions.Assignable.InvocationExpression]","Reference":{"$type":"[SST:References.VariableReference]","Identifier":""},"MethodName":"0M:static [p:int] [p:string].Compare([p:string] strA, [p:string] strB, [p:bool] ignoreCase)","Parameters":[{"$type":"[SST:Expressions.Simple.ReferenceExpression]","Reference":{"$type":"[SST:References.PropertyReference]","Reference":{"$type":"[SST:References.VariableReference]","Identifier":"attr"},"PropertyName":"0P:set get [p:string] [System.Xml.XmlAttribute, System.Xml, 4.0.0.0].Value()"}},{"$type":"[SST:Expressions.Simple.ConstantValueExpression]"},{"$type":"[SST:Expressions.Simple.ConstantValueExpression]","Value":"true"}]}},{"$type":"[SST:Statements.VariableDeclaration]","Reference":{"$type":"[SST:References.VariableReference]","Identifier":"$5"},"Type":"0T:p:bool"},{"$type":"[SST:Statements.Assignment]","Reference":{"$type":"[SST:References.VariableReference]","Identifier":"$5"},"Expression":{"$type":"[SST:Expressions.Assignable.BinaryExpression]","LeftOperand":{"$type":"[SST:Expressions.Simple.ReferenceExpression]","Reference":{"$type":"[SST:References.VariableReference]","Identifier":"$4"}},"Operator":3,"RightOperand":{"$type":"[SST:Expressions.Simple.ConstantValueExpression]","Value":"0"}}},{"$type":"[SST:Blocks.IfElseBlock]","Condition":{"$type":"[SST:Expressions.Simple.ReferenceExpression]","Reference":{"$type":"[SST:References.VariableReference]","Identifier":"$5"}},"Then":[{"$type":"[SST:Statements.Assignment]","Reference":{"$type":"[SST:References.VariableReference]","Identifier":"retVal"},"Expression":{"$type":"[SST:Expressions.Simple.ConstantValueExpression]","Value":"false"}}],"Else":[]}]}],"CatchBlocks":[{"$type":"[SST:Blocks.CatchBlock]","Kind":2,"Parameter":"0Param:[?] ???","Body":[{"$type":"[SST:Statements.Assignment]","Reference":{"$type":"[SST:References.VariableReference]","Identifier":"retVal"},"Expression":{"$type":"[SST:Expressions.Simple.ReferenceExpression]","Reference":{"$type":"[SST:References.VariableReference]","Identifier":"defaultValue"}}}]}],"Finally":[]},{"$type":"[SST:Statements.ReturnStatement]","Expression":{"$type":"[SST:Expressions.Simple.ReferenceExpression]","Reference":{"$type":"[SST:References.VariableReference]","Identifier":"retVal"}},"IsVoid":false}]},{"$type":"[SST:Declarations.MethodDeclaration]","Name":"0M:static [p:int] [ACAT.Lib.Core.Utility.XmlUtils, Core].GetXMLAttrInt([System.Xml.XmlNode, System.Xml, 4.0.0.0] node, [p:string] attrName, [p:int] defaultValue)","IsEntryPoint":true,"Body":[{"$type":"[SST:Statements.VariableDeclaration]","Reference":{"$type":"[SST:References.VariableReference]","Identifier":"retVal"},"Type":"0T:p:int"},{"$type":"[SST:Statements.Assignment]","Reference":{"$type":"[SST:References.VariableReference]","Identifier":"retVal"},"Expression":{"$type":"[SST:Expressions.Simple.ReferenceExpression]","Reference":{"$type":"[SST:References.VariableReference]","Identifier":"defaultValue"}}},{"$type":"[SST:Blocks.TryBlock]","Body":[{"$type":"[SST:Statements.VariableDeclaration]","Reference":{"$type":"[SST:References.VariableReference]","Identifier":"attr"},"Type":"0T:System.Xml.XmlAttribute, System.Xml, 4.0.0.0"},{"$type":"[SST:Statements.VariableDeclaration]","Reference":{"$type":"[SST:References.VariableReference]","Identifier":"$0"},"Type":"0T:System.Xml.XmlAttributeCollection, System.Xml, 4.0.0.0"},{"$type":"[SST:Statements.Assignment]","Reference":{"$type":"[SST:References.VariableReference]","Identifier":"$0"},"Expression":{"$type":"[SST:Expressions.Simple.ReferenceExpression]","Reference":{"$type":"[SST:References.PropertyReference]","Reference":{"$type":"[SST:References.VariableReference]","Identifier":"node"},"PropertyName":"0P:get [System.Xml.XmlAttributeCollection, System.Xml, 4.0.0.0] [System.Xml.XmlNode, System.Xml, 4.0.0.0].Attributes()"}}},{"$type":"[SST:Statements.Assignment]","Reference":{"$type":"[SST:References.VariableReference]","Identifier":"attr"},"Expression":{"$type":"[SST:Expressions.Assignable.IndexAccessExpression]","Reference":{"$type":"[SST:References.VariableReference]","Identifier":"$0"},"Indices":[{"$type":"[SST:Expressions.Simple.ReferenceExpression]","Reference":{"$type":"[SST:References.VariableReference]","Identifier":"attrName"}}]}},{"$type":"[SST:Statements.VariableDeclaration]","Reference":{"$type":"[SST:References.VariableReference]","Identifier":"$1"},"Type":"0T:p:bool"},{"$type":"[SST:Statements.Assignment]","Reference":{"$type":"[SST:References.VariableReference]","Identifier":"$1"},"Expression":{"$type":"[SST:Expressions.Assignable.ComposedExpression]","References":[{"$type":"[SST:References.VariableReference]","Identifier":"attr"}]}},{"$type":"[SST:Statements.VariableDeclaration]","Reference":{"$type":"[SST:References.VariableReference]","Identifier":"$2"},"Type":"0T:p:int"},{"$type":"[SST:Statements.Assignment]","Reference":{"$type":"[SST:References.VariableReference]","Identifier":"$2"},"Expression":{"$type":"[SST:Expressions.Assignable.InvocationExpression]","Reference":{"$type":"[SST:References.VariableReference]","Identifier":""},"MethodName":"0M:static [p:int] [System.Convert, mscorlib, 4.0.0.0].ToInt32([p:string] value)","Parameters":[{"$type":"[SST:Expressions.Simple.ReferenceExpression]","Reference":{"$type":"[SST:References.PropertyReference]","Reference":{"$type":"[SST:References.VariableReference]","Identifier":"attr"},"PropertyName":"0P:set get [p:string] [System.Xml.XmlAttribute, System.Xml, 4.0.0.0].Value()"}}]}},{"$type":"[SST:Statements.VariableDeclaration]","Reference":{"$type":"[SST:References.VariableReference]","Identifier":"$3"},"Type":"0T:p:int"},{"$type":"[SST:Statements.Assignment]","Reference":{"$type":"[SST:References.VariableReference]","Identifier":"$3"},"Expression":{"$type":"[SST:Expressions.Assignable.IfElseExpression]","Condition":{"$type":"[SST:Expressions.Simple.ReferenceExpression]","Reference":{"$type":"[SST:References.VariableReference]","Identifier":"$1"}},"ThenExpression":{"$type":"[SST:Expressions.Simple.ReferenceExpression]","Reference":{"$type":"[SST:References.VariableReference]","Identifier":"$2"}},"ElseExpression":{"$type":"[SST:Expressions.Simple.ReferenceExpression]","Reference":{"$type":"[SST:References.VariableReference]","Identifier":"defaultValue"}}}},{"$type":"[SST:Statements.ReturnStatement]","Expression":{"$type":"[SST:Expressions.Simple.ReferenceExpression]","Reference":{"$type":"[SST:References.VariableReference]","Identifier":"$3"}},"IsVoid":false}],"CatchBlocks":[{"$type":"[SST:Blocks.CatchBlock]","Kind":2,"Parameter":"0Param:[?] ???","Body":[{"$type":"[SST:Statements.Assignment]","Reference":{"$type":"[SST:References.VariableReference]","Identifier":"retVal"},"Expression":{"$type":"[SST:Expressions.Simple.ReferenceExpression]","Reference":{"$type":"[SST:References.VariableReference]","Identifier":"defaultValue"}}}]}],"Finally":[]},{"$type":"[SST:Statements.ReturnStatement]","Expression":{"$type":"[SST:Expressions.Simple.ReferenceExpression]","Reference":{"$type":"[SST:References.VariableReference]","Identifier":"retVal"}},"IsVoid":false}]},{"$type":"[SST:Declarations.MethodDeclaration]","Name":"0M:static [p:string] [ACAT.Lib.Core.Utility.XmlUtils, Core].GetXMLAttrString([System.Xml.XmlNode, System.Xml, 4.0.0.0] node, [p:string] attrName)","IsEntryPoint":true,"Body":[{"$type":"[SST:Blocks.TryBlock]","Body":[{"$type":"[SST:Statements.VariableDeclaration]","Reference":{"$type":"[SST:References.VariableReference]","Identifier":"attr"},"Type":"0T:System.Xml.XmlAttribute, System.Xml, 4.0.0.0"},{"$type":"[SST:Statements.VariableDeclaration]","Reference":{"$type":"[SST:References.VariableReference]","Identifier":"$0"},"Type":"0T:System.Xml.XmlAttributeCollection, System.Xml, 4.0.0.0"},{"$type":"[SST:Statements.Assignment]","Reference":{"$type":"[SST:References.VariableReference]","Identifier":"$0"},"Expression":{"$type":"[SST:Expressions.Simple.ReferenceExpression]","Reference":{"$type":"[SST:References.PropertyReference]","Reference":{"$type":"[SST:References.VariableReference]","Identifier":"node"},"PropertyName":"0P:get [System.Xml.XmlAttributeCollection, System.Xml, 4.0.0.0] [System.Xml.XmlNode, System.Xml, 4.0.0.0].Attributes()"}}},{"$type":"[SST:Statements.Assignment]","Reference":{"$type":"[SST:References.VariableReference]","Identifier":"attr"},"Expression":{"$type":"[SST:Expressions.Assignable.IndexAccessExpression]","Reference":{"$type":"[SST:References.VariableReference]","Identifier":"$0"},"Indices":[{"$type":"[SST:Expressions.Simple.ReferenceExpression]","Reference":{"$type":"[SST:References.VariableReference]","Identifier":"attrName"}}]}},{"$type":"[SST:Statements.VariableDeclaration]","Reference":{"$type":"[SST:References.VariableReference]","Identifier":"$1"},"Type":"0T:p:bool"},{"$type":"[SST:Statements.Assignment]","Reference":{"$type":"[SST:References.VariableReference]","Identifier":"$1"},"Expression":{"$type":"[SST:Expressions.Assignable.ComposedExpression]","References":[{"$type":"[SST:References.VariableReference]","Identifier":"attr"}]}},{"$type":"[SST:Statements.VariableDeclaration]","Reference":{"$type":"[SST:References.VariableReference]","Identifier":"$2"},"Type":"0T:p:string"},{"$type":"[SST:Statements.Assignment]","Reference":{"$type":"[SST:References.VariableReference]","Identifier":"$2"},"Expression":{"$type":"[SST:Expressions.Assignable.IfElseExpression]","Condition":{"$type":"[SST:Expressions.Simple.ReferenceExpression]","Reference":{"$type":"[SST:References.VariableReference]","Identifier":"$1"}},"ThenExpression":{"$type":"[SST:Expressions.Simple.ReferenceExpression]","Reference":{"$type":"[SST:References.PropertyReference]","Reference":{"$type":"[SST:References.VariableReference]","Identifier":"attr"},"PropertyName":"0P:set get [p:string] [System.Xml.XmlAttribute, System.Xml, 4.0.0.0].Value()"}},"ElseExpression":{"$type":"[SST:Expressions.Simple.ReferenceExpression]","Reference":{"$type":"[SST:References.FieldReference]","Reference":{"$type":"[SST:References.VariableReference]","Identifier":""},"FieldName":"0F:static [p:string] [p:string].Empty"}}}},{"$type":"[SST:Statements.ReturnStatement]","Expression":{"$type":"[SST:Expressions.Simple.ReferenceExpression]","Reference":{"$type":"[SST:References.VariableReference]","Identifier":"$2"}},"IsVoid":false}],"CatchBlocks":[{"$type":"[SST:Blocks.CatchBlock]","Kind":2,"Parameter":"0Param:[?] ???","Body":[{"$type":"[SST:Statements.ReturnStatement]","Expression":{"$type":"[SST:Expressions.Simple.ReferenceExpression]","Reference":{"$type":"[SST:References.FieldReference]","Reference":{"$type":"[SST:References.VariableReference]","Identifier":""},"FieldName":"0F:static [p:string] [p:string].Empty"}},"IsVoid":false}]}],"Finally":[]}]},{"$type":"[SST:Declarations.MethodDeclaration]","Name":"0M:static [p:string] [ACAT.Lib.Core.Utility.XmlUtils, Core].GetXMLAttrString([System.Xml.XmlNode, System.Xml, 4.0.0.0] node, [p:string] attrName, [p:string] defaultValue)","IsEntryPoint":true,"Body":[{"$type":"[SST:Blocks.TryBlock]","Body":[{"$type":"[SST:Statements.VariableDeclaration]","Reference":{"$type":"[SST:References.VariableReference]","Identifier":"attr"},"Type":"0T:System.Xml.XmlAttribute, System.Xml, 4.0.0.0"},{"$type":"[SST:Statements.VariableDeclaration]","Reference":{"$type":"[SST:References.VariableReference]","Identifier":"$0"},"Type":"0T:System.Xml.XmlAttributeCollection, System.Xml, 4.0.0.0"},{"$type":"[SST:Statements.Assignment]","Reference":{"$type":"[SST:References.VariableReference]","Identifier":"$0"},"Expression":{"$type":"[SST:Expressions.Simple.ReferenceExpression]","Reference":{"$type":"[SST:References.PropertyReference]","Reference":{"$type":"[SST:References.VariableReference]","Identifier":"node"},"PropertyName":"0P:get [System.Xml.XmlAttributeCollection, System.Xml, 4.0.0.0] [System.Xml.XmlNode, System.Xml, 4.0.0.0].Attributes()"}}},{"$type":"[SST:Statements.Assignment]","Reference":{"$type":"[SST:References.VariableReference]","Identifier":"attr"},"Expression":{"$type":"[SST:Expressions.Assignable.IndexAccessExpression]","Reference":{"$type":"[SST:References.VariableReference]","Identifier":"$0"},"Indices":[{"$type":"[SST:Expressions.Simple.ReferenceExpression]","Reference":{"$type":"[SST:References.VariableReference]","Identifier":"attrName"}}]}},{"$type":"[SST:Statements.VariableDeclaration]","Reference":{"$type":"[SST:References.VariableReference]","Identifier":"$1"},"Type":"0T:p:bool"},{"$type":"[SST:Statements.Assignment]","Reference":{"$type":"[SST:References.VariableReference]","Identifier":"$1"},"Expression":{"$type":"[SST:Expressions.Assignable.ComposedExpression]","References":[{"$type":"[SST:References.VariableReference]","Identifier":"attr"}]}},{"$type":"[SST:Statements.VariableDeclaration]","Reference":{"$type":"[SST:References.VariableReference]","Identifier":"$2"},"Type":"0T:p:string"},{"$type":"[SST:Statements.Assignment]","Reference":{"$type":"[SST:References.VariableReference]","Identifier":"$2"},"Expression":{"$type":"[SST:Expressions.Assignable.IfElseExpression]","Condition":{"$type":"[SST:Expressions.Simple.ReferenceExpression]","Reference":{"$type":"[SST:References.VariableReference]","Identifier":"$1"}},"ThenExpression":{"$type":"[SST:Expressions.Simple.ReferenceExpression]","Reference":{"$type":"[SST:References.PropertyReference]","Reference":{"$type":"[SST:References.VariableReference]","Identifier":"attr"},"PropertyName":"0P:set get [p:string] [System.Xml.XmlAttribute, System.Xml, 4.0.0.0].Value()"}},"ElseExpression":{"$type":"[SST:Expressions.Simple.ReferenceExpression]","Reference":{"$type":"[SST:References.VariableReference]","Identifier":"defaultValue"}}}},{"$type":"[SST:Statements.ReturnStatement]","Expression":{"$type":"[SST:Expressions.Simple.ReferenceExpression]","Reference":{"$type":"[SST:References.VariableReference]","Identifier":"$2"}},"IsVoid":false}],"CatchBlocks":[{"$type":"[SST:Blocks.CatchBlock]","Kind":2,"Parameter":"0Param:[?] ???","Body":[{"$type":"[SST:Statements.ReturnStatement]","Expression":{"$type":"[SST:Expressions.Simple.ReferenceExpression]","Reference":{"$type":"[SST:References.VariableReference]","Identifier":"defaultValue"}},"IsVoid":false}]}],"Finally":[]}]},{"$type":"[SST:Declarations.MethodDeclaration]","Name":"0M:static [p:bool] [ACAT.Lib.Core.Utility.XmlUtils, Core].XmlDeserializeFromString`1[[T]]([p:string] objectData, out [T] obj)","IsEntryPoint":true,"Body":[{"$type":"[SST:Statements.VariableDeclaration]","Reference":{"$type":"[SST:References.VariableReference]","Identifier":"retVal"},"Type":"0T:p:bool"},{"$type":"[SST:Statements.Assignment]","Reference":{"$type":"[SST:References.VariableReference]","Identifier":"retVal"},"Expression":{"$type":"[SST:Expressions.Simple.ConstantValueExpression]","Value":"true"}},{"$type":"[SST:Blocks.TryBlock]","Body":[{"$type":"[SST:Statements.VariableDeclaration]","Reference":{"$type":"[SST:References.VariableReference]","Identifier":"serializer"},"Type":"0T:System.Xml.Serialization.XmlSerializer, System.Xml, 4.0.0.0"},{"$type":"[SST:Statements.Assignment]","Reference":{"$type":"[SST:References.VariableReference]","Identifier":"serializer"},"Expression":{"$type":"[SST:Expressions.Assignable.InvocationExpression]","Reference":{"$type":"[SST:References.VariableReference]","Identifier":""},"MethodName":"0M:[p:void] [System.Xml.Serialization.XmlSerializer, System.Xml, 4.0.0.0]..ctor([System.Type, mscorlib, 4.0.0.0] type)","Parameters":[{"$type":"[SST:Expressions.Simple.ConstantValueExpression]","Value":"typeof"}]}},{"$type":"[SST:Statements.VariableDeclaration]","Reference":{"$type":"[SST:References.VariableReference]","Identifier":"reader"},"Type":"0T:System.IO.TextReader, mscorlib, 4.0.0.0"},{"$type":"[SST:Statements.Assignment]","Reference":{"$type":"[SST:References.VariableReference]","Identifier":"reader"},"Expression":{"$type":"[SST:Expressions.Assignable.InvocationExpression]","Reference":{"$type":"[SST:References.VariableReference]","Identifier":""},"MethodName":"0M:[p:void] [System.IO.StringReader, mscorlib, 4.0.0.0]..ctor([p:string] s)","Parameters":[{"$type":"[SST:Expressions.Simple.ReferenceExpression]","Reference":{"$type":"[SST:References.VariableReference]","Identifier":"objectData"}}]}},{"$type":"[SST:Blocks.UsingBlock]","Reference":{"$type":"[SST:References.VariableReference]","Identifier":"reader"},"Body":[{"$type":"[SST:Statements.VariableDeclaration]","Reference":{"$type":"[SST:References.VariableReference]","Identifier":"$0"},"Type":"0T:p:object"},{"$type":"[SST:Statements.Assignment]","Reference":{"$type":"[SST:References.VariableReference]","Identifier":"$0"},"Expression":{"$type":"[SST:Expressions.Assignable.InvocationExpression]","Reference":{"$type":"[SST:References.VariableReference]","Identifier":"serializer"},"MethodName":"0M:[p:object] [System.Xml.Serialization.XmlSerializer, System.Xml, 4.0.0.0].Deserialize([System.IO.TextReader, mscorlib, 4.0.0.0] textReader)","Parameters":[{"$type":"[SST:Expressions.Simple.ReferenceExpression]","Reference":{"$type":"[SST:References.VariableReference]","Identifier":"reader"}}]}},{"$type":"[SST:Statements.Assignment]","Reference":{"$type":"[SST:References.VariableReference]","Identifier":"obj"},"Expression":{"$type":"[SST:Expressions.Assignable.CastExpression]","TargetType":"0T:T","Operator":0,"Reference":{"$type":"[SST:References.VariableReference]","Identifier":"$0"}}}]}],"CatchBlocks":[{"$type":"[SST:Blocks.CatchBlock]","Kind":0,"Parameter":"0Param:[System.Exception, mscorlib, 4.0.0.0] e","Body":[{"$type":"[SST:Statements.ExpressionStatement]","Expression":{"$type":"[SST:Expressions.Assignable.InvocationExpression]","Reference":{"$type":"[SST:References.VariableReference]","Identifier":""},"MethodName":"0M:static [p:void] [ACAT.Lib.Core.Utility.Log, Core].Exception([System.Exception, mscorlib, 4.0.0.0] exc)","Parameters":[{"$type":"[SST:Expressions.Simple.ReferenceExpression]","Reference":{"$type":"[SST:References.VariableReference]","Identifier":"e"}}]}},{"$type":"[SST:Statements.Assignment]","Reference":{"$type":"[SST:References.VariableReference]","Identifier":"retVal"},"Expression":{"$type":"[SST:Expressions.Simple.ConstantValueExpression]","Value":"false"}},{"$type":"[SST:Statements.Assignment]","Reference":{"$type":"[SST:References.VariableReference]","Identifier":"obj"},"Expression":{"$type":"[SST:Expressions.Simple.ConstantValueExpression]","Value":"default"}}]}],"Finally":[]},{"$type":"[SST:Statements.ReturnStatement]","Expression":{"$type":"[SST:Expressions.Simple.ReferenceExpression]","Reference":{"$type":"[SST:References.VariableReference]","Identifier":"retVal"}},"IsVoid":false}]},{"$type":"[SST:Declarations.MethodDeclaration]","Name":"0M:static [T] [ACAT.Lib.Core.Utility.XmlUtils, Core].XmlFileLoad`1[[T]]([p:string] filename)","IsEntryPoint":true,"Body":[{"$type":"[SST:Statements.VariableDeclaration]","Reference":{"$type":"[SST:References.VariableReference]","Identifier":"retVal"},"Type":"0T:T"},{"$type":"[SST:Statements.Assignment]","Reference":{"$type":"[SST:References.VariableReference]","Identifier":"retVal"},"Expression":{"$type":"[SST:Expressions.Simple.ConstantValueExpression]","Value":"default"}},{"$type":"[SST:Blocks.TryBlock]","Body":[{"$type":"[SST:Statements.VariableDeclaration]","Reference":{"$type":"[SST:References.VariableReference]","Identifier":"outputStream"},"Type":"0T:System.IO.TextReader, mscorlib, 4.0.0.0"},{"$type":"[SST:Statements.Assignment]","Reference":{"$type":"[SST:References.VariableReference]","Identifier":"outputStream"},"Expression":{"$type":"[SST:Expressions.Assignable.InvocationExpression]","Reference":{"$type":"[SST:References.VariableReference]","Identifier":""},"MethodName":"0M:[p:void] [System.IO.StreamReader, mscorlib, 4.0.0.0]..ctor([p:string] path)","Parameters":[{"$type":"[SST:Expressions.Simple.ReferenceExpression]","Reference":{"$type":"[SST:References.VariableReference]","Identifier":"filename"}}]}},{"$type":"[SST:Blocks.UsingBlock]","Reference":{"$type":"[SST:References.VariableReference]","Identifier":"outputStream"},"Body":[{"$type":"[SST:Statements.VariableDeclaration]","Reference":{"$type":"[SST:References.VariableReference]","Identifier":"xml"},"Type":"0T:System.Xml.Serialization.XmlSerializer, System.Xml, 4.0.0.0"},{"$type":"[SST:Statements.Assignment]","Reference":{"$type":"[SST:References.VariableReference]","Identifier":"xml"},"Expression":{"$type":"[SST:Expressions.Assignable.InvocationExpression]","Reference":{"$type":"[SST:References.VariableReference]","Identifier":""},"MethodName":"0M:[p:void] [System.Xml.Serialization.XmlSerializer, System.Xml, 4.0.0.0]..ctor([System.Type, mscorlib, 4.0.0.0] type)","Parameters":[{"$type":"[SST:Expressions.Simple.ConstantValueExpression]","Value":"typeof"}]}},{"$type":"[SST:Statements.VariableDeclaration]","Reference":{"$type":"[SST:References.VariableReference]","Identifier":"$0"},"Type":"0T:p:object"},{"$type":"[SST:Statements.Assignment]","Reference":{"$type":"[SST:References.VariableReference]","Identifier":"$0"},"Expression":{"$type":"[SST:Expressions.Assignable.InvocationExpression]","Reference":{"$type":"[SST:References.VariableReference]","Identifier":"xml"},"MethodName":"0M:[p:object] [System.Xml.Serialization.XmlSerializer, System.Xml, 4.0.0.0].Deserialize([System.IO.TextReader, mscorlib, 4.0.0.0] textReader)","Parameters":[{"$type":"[SST:Expressions.Simple.ReferenceExpression]","Reference":{"$type":"[SST:References.VariableReference]","Identifier":"outputStream"}}]}},{"$type":"[SST:Statements.Assignment]","Reference":{"$type":"[SST:References.VariableReference]","Identifier":"retVal"},"Expression":{"$type":"[SST:Expressions.Assignable.CastExpression]","TargetType":"0T:T","Operator":0,"Reference":{"$type":"[SST:References.VariableReference]","Identifier":"$0"}}}]}],"CatchBlocks":[{"$type":"[SST:Blocks.CatchBlock]","Kind":0,"Parameter":"0Param:[System.Exception, mscorlib, 4.0.0.0] e","Body":[{"$type":"[SST:Statements.Assignment]","Reference":{"$type":"[SST:References.VariableReference]","Identifier":"retVal"},"Expression":{"$type":"[SST:Expressions.Simple.ConstantValueExpression]","Value":"default"}},{"$type":"[SST:Statements.VariableDeclaration]","Reference":{"$type":"[SST:References.VariableReference]","Identifier":"$1"},"Type":"0T:p:string"},{"$type":"[SST:Statements.Assignment]","Reference":{"$type":"[SST:References.VariableReference]","Identifier":"$1"},"Expression":{"$type":"[SST:Expressions.Assignable.BinaryExpression]","LeftOperand":{"$type":"[SST:Expressions.Simple.ConstantValueExpression]"},"Operator":9,"RightOperand":{"$type":"[SST:Expressions.Simple.ReferenceExpression]","Reference":{"$type":"[SST:References.VariableReference]","Identifier":"filename"}}}},{"$type":"[SST:Statements.VariableDeclaration]","Reference":{"$type":"[SST:References.VariableReference]","Identifier":"$2"},"Type":"0T:p:string"},{"$type":"[SST:Statements.Assignment]","Reference":{"$type":"[SST:References.VariableReference]","Identifier":"$2"},"Expression":{"$type":"[SST:Expressions.Assignable.BinaryExpression]","LeftOperand":{"$type":"[SST:Expressions.Simple.ReferenceExpression]","Reference":{"$type":"[SST:References.VariableReference]","Identifier":"$1"}},"Operator":9,"RightOperand":{"$type":"[SST:Expressions.Simple.ConstantValueExpression]"}}},{"$type":"[SST:Statements.VariableDeclaration]","Reference":{"$type":"[SST:References.VariableReference]","Identifier":"$3"},"Type":"0T:p:string"},{"$type":"[SST:Statements.Assignment]","Reference":{"$type":"[SST:References.VariableReference]","Identifier":"$3"},"Expression":{"$type":"[SST:Expressions.Assignable.InvocationExpression]","Reference":{"$type":"[SST:References.VariableReference]","Identifier":"e"},"MethodName":"0M:[p:string] [System.Exception, mscorlib, 4.0.0.0].ToString()","Parameters":[]}},{"$type":"[SST:Statements.VariableDeclaration]","Reference":{"$type":"[SST:References.VariableReference]","Identifier":"$4"},"Type":"0T:p:string"},{"$type":"[SST:Statements.Assignment]","Reference":{"$type":"[SST:References.VariableReference]","Identifier":"$4"},"Expression":{"$type":"[SST:Expressions.Assignable.BinaryExpression]","LeftOperand":{"$type":"[SST:Expressions.Simple.ReferenceExpression]","Reference":{"$type":"[SST:References.VariableReference]","Identifier":"$2"}},"Operator":9,"RightOperand":{"$type":"[SST:Expressions.Simple.ReferenceExpression]","Reference":{"$type":"[SST:References.VariableReference]","Identifier":"$3"}}}},{"$type":"[SST:Statements.ExpressionStatement]","Expression":{"$type":"[SST:Expressions.Assignable.InvocationExpression]","Reference":{"$type":"[SST:References.VariableReference]","Identifier":""},"MethodName":"0M:static [p:void] [ACAT.Lib.Core.Utility.Log, Core].Info([p:string] message)","Parameters":[{"$type":"[SST:Expressions.Simple.ReferenceExpression]","Reference":{"$type":"[SST:References.VariableReference]","Identifier":"$4"}}]}}]}],"Finally":[]},{"$type":"[SST:Statements.ReturnStatement]","Expression":{"$type":"[SST:Expressions.Simple.ReferenceExpression]","Reference":{"$type":"[SST:References.VariableReference]","Identifier":"retVal"}},"IsVoid":false}]},{"$type":"[SST:Declarations.MethodDeclaration]","Name":"0M:static [p:bool] [ACAT.Lib.Core.Utility.XmlUtils, Core].XmlFileSave`1[[T]]([T] o, [p:string] filename)","IsEntryPoint":true,"Body":[{"$type":"[SST:Statements.VariableDeclaration]","Reference":{"$type":"[SST:References.VariableReference]","Identifier":"retVal"},"Type":"0T:p:bool"},{"$type":"[SST:Statements.Assignment]","Reference":{"$type":"[SST:References.VariableReference]","Identifier":"retVal"},"Expression":{"$type":"[SST:Expressions.Simple.ConstantValueExpression]","Value":"true"}},{"$type":"[SST:Blocks.TryBlock]","Body":[{"$type":"[SST:Statements.VariableDeclaration]","Reference":{"$type":"[SST:References.VariableReference]","Identifier":"outputStream"},"Type":"0T:System.IO.TextWriter, mscorlib, 4.0.0.0"},{"$type":"[SST:Statements.Assignment]","Reference":{"$type":"[SST:References.VariableReference]","Identifier":"outputStream"},"Expression":{"$type":"[SST:Expressions.Assignable.InvocationExpression]","Reference":{"$type":"[SST:References.VariableReference]","Identifier":""},"MethodName":"0M:[p:void] [System.IO.StreamWriter, mscorlib, 4.0.0.0]..ctor([p:string] path)","Parameters":[{"$type":"[SST:Expressions.Simple.ReferenceExpression]","Reference":{"$type":"[SST:References.VariableReference]","Identifier":"filename"}}]}},{"$type":"[SST:Blocks.UsingBlock]","Reference":{"$type":"[SST:References.VariableReference]","Identifier":"outputStream"},"Body":[{"$type":"[SST:Statements.VariableDeclaration]","Reference":{"$type":"[SST:References.VariableReference]","Identifier":"xml"},"Type":"0T:System.Xml.Serialization.XmlSerializer, System.Xml, 4.0.0.0"},{"$type":"[SST:Statements.Assignment]","Reference":{"$type":"[SST:References.VariableReference]","Identifier":"xml"},"Expression":{"$type":"[SST:Expressions.Assignable.InvocationExpression]","Reference":{"$type":"[SST:References.VariableReference]","Identifier":""},"MethodName":"0M:[p:void] [System.Xml.Serialization.XmlSerializer, System.Xml, 4.0.0.0]..ctor([System.Type, mscorlib, 4.0.0.0] type)","Parameters":[{"$type":"[SST:Expressions.Simple.ConstantValueExpression]","Value":"typeof"}]}},{"$type":"[SST:Statements.ExpressionStatement]","Expression":{"$type":"[SST:Expressions.Assignable.InvocationExpression]","Reference":{"$type":"[SST:References.VariableReference]","Identifier":"xml"},"MethodName":"0M:[p:void] [System.Xml.Serialization.XmlSerializer, System.Xml, 4.0.0.0].Serialize([System.IO.TextWriter, mscorlib, 4.0.0.0] textWriter, [p:object] o)","Parameters":[{"$type":"[SST:Expressions.Simple.ReferenceExpression]","Reference":{"$type":"[SST:References.VariableReference]","Identifier":"outputStream"}},{"$type":"[SST:Expressions.Simple.ReferenceExpression]","Reference":{"$type":"[SST:References.VariableReference]","Identifier":"o"}}]}}]}],"CatchBlocks":[{"$type":"[SST:Blocks.CatchBlock]","Kind":0,"Parameter":"0Param:[System.Exception, mscorlib, 4.0.0.0] e","Body":[{"$type":"[SST:Statements.Assignment]","Reference":{"$type":"[SST:References.VariableReference]","Identifier":"retVal"},"Expression":{"$type":"[SST:Expressions.Simple.ConstantValueExpression]","Value":"false"}},{"$type":"[SST:Statements.VariableDeclaration]","Reference":{"$type":"[SST:References.VariableReference]","Identifier":"$0"},"Type":"0T:p:string"},{"$type":"[SST:Statements.Assignment]","Reference":{"$type":"[SST:References.VariableReference]","Identifier":"$0"},"Expression":{"$type":"[SST:Expressions.Assignable.BinaryExpression]","LeftOperand":{"$type":"[SST:Expressions.Simple.ConstantValueExpression]"},"Operator":9,"RightOperand":{"$type":"[SST:Expressions.Simple.ReferenceExpression]","Reference":{"$type":"[SST:References.VariableReference]","Identifier":"filename"}}}},{"$type":"[SST:Statements.VariableDeclaration]","Reference":{"$type":"[SST:References.VariableReference]","Identifier":"$1"},"Type":"0T:p:string"},{"$type":"[SST:Statements.Assignment]","Reference":{"$type":"[SST:References.VariableReference]","Identifier":"$1"},"Expression":{"$type":"[SST:Expressions.Assignable.BinaryExpression]","LeftOperand":{"$type":"[SST:Expressions.Simple.ReferenceExpression]","Reference":{"$type":"[SST:References.VariableReference]","Identifier":"$0"}},"Operator":9,"RightOperand":{"$type":"[SST:Expressions.Simple.ConstantValueExpression]"}}},{"$type":"[SST:Statements.VariableDeclaration]","Reference":{"$type":"[SST:References.VariableReference]","Identifier":"$2"},"Type":"0T:p:string"},{"$type":"[SST:Statements.Assignment]","Reference":{"$type":"[SST:References.VariableReference]","Identifier":"$2"},"Expression":{"$type":"[SST:Expressions.Assignable.InvocationExpression]","Reference":{"$type":"[SST:References.VariableReference]","Identifier":"e"},"MethodName":"0M:[p:string] [System.Exception, mscorlib, 4.0.0.0].ToString()","Parameters":[]}},{"$type":"[SST:Statements.VariableDeclaration]","Reference":{"$type":"[SST:References.VariableReference]","Identifier":"$3"},"Type":"0T:p:string"},{"$type":"[SST:Statements.Assignment]","Reference":{"$type":"[SST:References.VariableReference]","Identifier":"$3"},"Expression":{"$type":"[SST:Expressions.Assignable.BinaryExpression]","LeftOperand":{"$type":"[SST:Expressions.Simple.ReferenceExpression]","Reference":{"$type":"[SST:References.VariableReference]","Identifier":"$1"}},"Operator":9,"RightOperand":{"$type":"[SST:Expressions.Simple.ReferenceExpression]","Reference":{"$type":"[SST:References.VariableReference]","Identifier":"$2"}}}},{"$type":"[SST:Statements.ExpressionStatement]","Expression":{"$type":"[SST:Expressions.Assignable.InvocationExpression]","Reference":{"$type":"[SST:References.VariableReference]","Identifier":""},"MethodName":"0M:static [p:void] [ACAT.Lib.Core.Utility.Log, Core].Error([p:string] message)","Parameters":[{"$type":"[SST:Expressions.Simple.ReferenceExpression]","Reference":{"$type":"[SST:References.VariableReference]","Identifier":"$3"}}]}}]}],"Finally":[]},{"$type":"[SST:Statements.ReturnStatement]","Expression":{"$type":"[SST:Expressions.Simple.ReferenceExpression]","Reference":{"$type":"[SST:References.VariableReference]","Identifier":"retVal"}},"IsVoid":false}]},{"$type":"[SST:Declarations.MethodDeclaration]","Name":"0M:static [p:string] [ACAT.Lib.Core.Utility.XmlUtils, Core].XmlSerializeToString`1[[T]]([T] obj)","IsEntryPoint":true,"Body":[{"$type":"[SST:Statements.VariableDeclaration]","Reference":{"$type":"[SST:References.VariableReference]","Identifier":"serializer"},"Type":"0T:System.Xml.Serialization.XmlSerializer, System.Xml, 4.0.0.0"},{"$type":"[SST:Statements.Assignment]","Reference":{"$type":"[SST:References.VariableReference]","Identifier":"serializer"},"Expression":{"$type":"[SST:Expressions.Assignable.InvocationExpression]","Reference":{"$type":"[SST:References.VariableReference]","Identifier":""},"MethodName":"0M:[p:void] [System.Xml.Serialization.XmlSerializer, System.Xml, 4.0.0.0]..ctor([System.Type, mscorlib, 4.0.0.0] type)","Parameters":[{"$type":"[SST:Expressions.Simple.ConstantValueExpression]","Value":"typeof"}]}},{"$type":"[SST:Statements.VariableDeclaration]","Reference":{"$type":"[SST:References.VariableReference]","Identifier":"sb"},"Type":"0T:System.Text.StringBuilder, mscorlib, 4.0.0.0"},{"$type":"[SST:Statements.Assignment]","Reference":{"$type":"[SST:References.VariableReference]","Identifier":"sb"},"Expression":{"$type":"[SST:Expressions.Assignable.InvocationExpression]","Reference":{"$type":"[SST:References.VariableReference]","Identifier":""},"MethodName":"0M:[p:void] [System.Text.StringBuilder, mscorlib, 4.0.0.0]..ctor()","Parameters":[]}},{"$type":"[SST:Statements.VariableDeclaration]","Reference":{"$type":"[SST:References.VariableReference]","Identifier":"writer"},"Type":"0T:System.IO.TextWriter, mscorlib, 4.0.0.0"},{"$type":"[SST:Statements.Assignment]","Reference":{"$type":"[SST:References.VariableReference]","Identifier":"writer"},"Expression":{"$type":"[SST:Expressions.Assignable.InvocationExpression]","Reference":{"$type":"[SST:References.VariableReference]","Identifier":""},"MethodName":"0M:[p:void] [System.IO.StringWriter, mscorlib, 4.0.0.0]..ctor([System.Text.StringBuilder, mscorlib, 4.0.0.0] sb)","Parameters":[{"$type":"[SST:Expressions.Simple.ReferenceExpression]","Reference":{"$type":"[SST:References.VariableReference]","Identifier":"sb"}}]}},{"$type":"[SST:Blocks.UsingBlock]","Reference":{"$type":"[SST:References.VariableReference]","Identifier":"writer"},"Body":[{"$type":"[SST:Statements.ExpressionStatement]","Expression":{"$type":"[SST:Expressions.Assignable.InvocationExpression]","Reference":{"$type":"[SST:References.VariableReference]","Identifier":"serializer"},"MethodName":"0M:[p:void] [System.Xml.Serialization.XmlSerializer, System.Xml, 4.0.0.0].Serialize([System.IO.TextWriter, mscorlib, 4.0.0.0] textWriter, [p:object] o)","Parameters":[{"$type":"[SST:Expressions.Simple.ReferenceExpression]","Reference":{"$type":"[SST:References.VariableReference]","Identifier":"writer"}},{"$type":"[SST:Expressions.Simple.ReferenceExpression]","Reference":{"$type":"[SST:References.VariableReference]","Identifier":"obj"}}]}}]},{"$type":"[SST:Statements.VariableDeclaration]","Reference":{"$type":"[SST:References.VariableReference]","Identifier":"$0"},"Type":"0T:p:string"},{"$type":"[SST:Statements.Assignment]","Reference":{"$type":"[SST:References.VariableReference]","Identifier":"$0"},"Expression":{"$type":"[SST:Expressions.Assignable.InvocationExpression]","Reference":{"$type":"[SST:References.VariableReference]","Identifier":"sb"},"MethodName":"0M:[p:string] [System.Text.StringBuilder, mscorlib, 4.0.0.0].ToString()","Parameters":[]}},{"$type":"[SST:Statements.ReturnStatement]","Expression":{"$type":"[SST:Expressions.Simple.ReferenceExpression]","Reference":{"$type":"[SST:References.VariableReference]","Identifier":"$0"}},"IsVoid":false}]}],"Events":[],"Delegates":[]}}