{"$type":"KaVE.Commons.Model.Events.CompletionEvents.Context, KaVE.Commons","TypeShape":{"$type":"KaVE.Commons.Model.TypeShapes.TypeShape, KaVE.Commons","TypeHierarchy":{"$type":"KaVE.Commons.Model.TypeShapes.TypeHierarchy, KaVE.Commons","Element":"0T:ACAT.Lib.Core.Utility.DirectoryWalker, Core","Implements":[]},"NestedTypes":[],"Delegates":[],"EventHierarchies":[],"Fields":["0F:[d:[p:void] [ACAT.Lib.Core.Utility.OnDirectoryFoundDelegate, Core].([p:string] dirName)] [ACAT.Lib.Core.Utility.DirectoryWalker, Core]._dirFoundDelegate","0F:[d:[p:void] [ACAT.Lib.Core.Utility.OnFileFoundDelegate, Core].([p:string] fileName)] [ACAT.Lib.Core.Utility.DirectoryWalker, Core]._fileFoundDelegate","0F:[p:string] [ACAT.Lib.Core.Utility.DirectoryWalker, Core]._rootDir","0F:[p:string] [ACAT.Lib.Core.Utility.DirectoryWalker, Core]._wildCard"],"MethodHierarchies":[{"$type":"KaVE.Commons.Model.TypeShapes.MethodHierarchy, KaVE.Commons","Element":"0M:[p:void] [ACAT.Lib.Core.Utility.DirectoryWalker, Core]..ctor([p:string] rootDir)"},{"$type":"KaVE.Commons.Model.TypeShapes.MethodHierarchy, KaVE.Commons","Element":"0M:[p:void] [ACAT.Lib.Core.Utility.DirectoryWalker, Core]..ctor([p:string] rootDir, [p:string] fileWildCard)"},{"$type":"KaVE.Commons.Model.TypeShapes.MethodHierarchy, KaVE.Commons","Element":"0M:[p:void] [ACAT.Lib.Core.Utility.DirectoryWalker, Core].Walk([d:[p:void] [ACAT.Lib.Core.Utility.OnDirectoryFoundDelegate, Core].([p:string] dirName)] dirFoundDelegate, opt [p:bool] recursive)"},{"$type":"KaVE.Commons.Model.TypeShapes.MethodHierarchy, KaVE.Commons","Element":"0M:[p:void] [ACAT.Lib.Core.Utility.DirectoryWalker, Core].Walk([d:[p:void] [ACAT.Lib.Core.Utility.OnFileFoundDelegate, Core].([p:string] fileName)] fileFoundDelegate, opt [p:bool] recursive)"},{"$type":"KaVE.Commons.Model.TypeShapes.MethodHierarchy, KaVE.Commons","Element":"0M:[p:void] [ACAT.Lib.Core.Utility.DirectoryWalker, Core].Walk([d:[p:void] [ACAT.Lib.Core.Utility.OnDirectoryFoundDelegate, Core].([p:string] dirName)] dirFoundDelegate, [d:[p:void] [ACAT.Lib.Core.Utility.OnFileFoundDelegate, Core].([p:string] fileName)] fileFoundDelegate, opt [p:bool] recursive)"},{"$type":"KaVE.Commons.Model.TypeShapes.MethodHierarchy, KaVE.Commons","Element":"0M:[p:void] [ACAT.Lib.Core.Utility.DirectoryWalker, Core].listDirs([p:string] dirPath, [p:bool] recursive)"},{"$type":"KaVE.Commons.Model.TypeShapes.MethodHierarchy, KaVE.Commons","Element":"0M:[p:void] [ACAT.Lib.Core.Utility.DirectoryWalker, Core].listFiles([p:string] dirPath)"}],"PropertyHierarchies":[]},"SST":{"$type":"[SST:SST]","EnclosingType":"0T:ACAT.Lib.Core.Utility.DirectoryWalker, Core","Fields":[{"$type":"[SST:Declarations.FieldDeclaration]","Name":"0F:[d:[p:void] [ACAT.Lib.Core.Utility.OnDirectoryFoundDelegate, Core].([p:string] dirName)] [ACAT.Lib.Core.Utility.DirectoryWalker, Core]._dirFoundDelegate"},{"$type":"[SST:Declarations.FieldDeclaration]","Name":"0F:[d:[p:void] [ACAT.Lib.Core.Utility.OnFileFoundDelegate, Core].([p:string] fileName)] [ACAT.Lib.Core.Utility.DirectoryWalker, Core]._fileFoundDelegate"},{"$type":"[SST:Declarations.FieldDeclaration]","Name":"0F:[p:string] [ACAT.Lib.Core.Utility.DirectoryWalker, Core]._rootDir"},{"$type":"[SST:Declarations.FieldDeclaration]","Name":"0F:[p:string] [ACAT.Lib.Core.Utility.DirectoryWalker, Core]._wildCard"}],"Properties":[],"Methods":[{"$type":"[SST:Declarations.MethodDeclaration]","Name":"0M:[p:void] [ACAT.Lib.Core.Utility.DirectoryWalker, Core]..init()","IsEntryPoint":false,"Body":[{"$type":"[SST:Statements.Assignment]","Reference":{"$type":"[SST:References.FieldReference]","Reference":{"$type":"[SST:References.VariableReference]","Identifier":"this"},"FieldName":"0F:[p:string] [ACAT.Lib.Core.Utility.DirectoryWalker, Core]._rootDir"},"Expression":{"$type":"[SST:Expressions.Simple.ReferenceExpression]","Reference":{"$type":"[SST:References.FieldReference]","Reference":{"$type":"[SST:References.VariableReference]","Identifier":""},"FieldName":"0F:static [p:string] [p:string].Empty"}}},{"$type":"[SST:Statements.Assignment]","Reference":{"$type":"[SST:References.FieldReference]","Reference":{"$type":"[SST:References.VariableReference]","Identifier":"this"},"FieldName":"0F:[p:string] [ACAT.Lib.Core.Utility.DirectoryWalker, Core]._wildCard"},"Expression":{"$type":"[SST:Expressions.Simple.ReferenceExpression]","Reference":{"$type":"[SST:References.FieldReference]","Reference":{"$type":"[SST:References.VariableReference]","Identifier":""},"FieldName":"0F:static [p:string] [p:string].Empty"}}}]},{"$type":"[SST:Declarations.MethodDeclaration]","Name":"0M:[p:void] [ACAT.Lib.Core.Utility.DirectoryWalker, Core]..ctor([p:string] rootDir)","IsEntryPoint":true,"Body":[{"$type":"[SST:Statements.Assignment]","Reference":{"$type":"[SST:References.FieldReference]","Reference":{"$type":"[SST:References.VariableReference]","Identifier":"this"},"FieldName":"0F:[p:string] [ACAT.Lib.Core.Utility.DirectoryWalker, Core]._rootDir"},"Expression":{"$type":"[SST:Expressions.Simple.ReferenceExpression]","Reference":{"$type":"[SST:References.VariableReference]","Identifier":"rootDir"}}},{"$type":"[SST:Statements.Assignment]","Reference":{"$type":"[SST:References.FieldReference]","Reference":{"$type":"[SST:References.VariableReference]","Identifier":"this"},"FieldName":"0F:[p:string] [ACAT.Lib.Core.Utility.DirectoryWalker, Core]._wildCard"},"Expression":{"$type":"[SST:Expressions.Simple.ReferenceExpression]","Reference":{"$type":"[SST:References.FieldReference]","Reference":{"$type":"[SST:References.VariableReference]","Identifier":""},"FieldName":"0F:static [p:string] [p:string].Empty"}}},{"$type":"[SST:Statements.Assignment]","Reference":{"$type":"[SST:References.FieldReference]","Reference":{"$type":"[SST:References.VariableReference]","Identifier":"this"},"FieldName":"0F:[d:[p:void] [ACAT.Lib.Core.Utility.OnFileFoundDelegate, Core].([p:string] fileName)] [ACAT.Lib.Core.Utility.DirectoryWalker, Core]._fileFoundDelegate"},"Expression":{"$type":"[SST:Expressions.Simple.ConstantValueExpression]","Value":"null"}},{"$type":"[SST:Statements.Assignment]","Reference":{"$type":"[SST:References.FieldReference]","Reference":{"$type":"[SST:References.VariableReference]","Identifier":"this"},"FieldName":"0F:[d:[p:void] [ACAT.Lib.Core.Utility.OnDirectoryFoundDelegate, Core].([p:string] dirName)] [ACAT.Lib.Core.Utility.DirectoryWalker, Core]._dirFoundDelegate"},"Expression":{"$type":"[SST:Expressions.Simple.ConstantValueExpression]","Value":"null"}}]},{"$type":"[SST:Declarations.MethodDeclaration]","Name":"0M:[p:void] [ACAT.Lib.Core.Utility.DirectoryWalker, Core]..ctor([p:string] rootDir, [p:string] fileWildCard)","IsEntryPoint":true,"Body":[{"$type":"[SST:Statements.Assignment]","Reference":{"$type":"[SST:References.FieldReference]","Reference":{"$type":"[SST:References.VariableReference]","Identifier":"this"},"FieldName":"0F:[p:string] [ACAT.Lib.Core.Utility.DirectoryWalker, Core]._rootDir"},"Expression":{"$type":"[SST:Expressions.Simple.ReferenceExpression]","Reference":{"$type":"[SST:References.VariableReference]","Identifier":"rootDir"}}},{"$type":"[SST:Statements.Assignment]","Reference":{"$type":"[SST:References.FieldReference]","Reference":{"$type":"[SST:References.VariableReference]","Identifier":"this"},"FieldName":"0F:[p:string] [ACAT.Lib.Core.Utility.DirectoryWalker, Core]._wildCard"},"Expression":{"$type":"[SST:Expressions.Simple.ReferenceExpression]","Reference":{"$type":"[SST:References.VariableReference]","Identifier":"fileWildCard"}}},{"$type":"[SST:Statements.Assignment]","Reference":{"$type":"[SST:References.FieldReference]","Reference":{"$type":"[SST:References.VariableReference]","Identifier":"this"},"FieldName":"0F:[d:[p:void] [ACAT.Lib.Core.Utility.OnFileFoundDelegate, Core].([p:string] fileName)] [ACAT.Lib.Core.Utility.DirectoryWalker, Core]._fileFoundDelegate"},"Expression":{"$type":"[SST:Expressions.Simple.ConstantValueExpression]","Value":"null"}},{"$type":"[SST:Statements.Assignment]","Reference":{"$type":"[SST:References.FieldReference]","Reference":{"$type":"[SST:References.VariableReference]","Identifier":"this"},"FieldName":"0F:[d:[p:void] [ACAT.Lib.Core.Utility.OnDirectoryFoundDelegate, Core].([p:string] dirName)] [ACAT.Lib.Core.Utility.DirectoryWalker, Core]._dirFoundDelegate"},"Expression":{"$type":"[SST:Expressions.Simple.ConstantValueExpression]","Value":"null"}}]},{"$type":"[SST:Declarations.MethodDeclaration]","Name":"0M:[p:void] [ACAT.Lib.Core.Utility.DirectoryWalker, Core].Walk([d:[p:void] [ACAT.Lib.Core.Utility.OnDirectoryFoundDelegate, Core].([p:string] dirName)] dirFoundDelegate, opt [p:bool] recursive)","IsEntryPoint":true,"Body":[{"$type":"[SST:Statements.ExpressionStatement]","Expression":{"$type":"[SST:Expressions.Assignable.InvocationExpression]","Reference":{"$type":"[SST:References.VariableReference]","Identifier":"this"},"MethodName":"0M:[p:void] [ACAT.Lib.Core.Utility.DirectoryWalker, Core].Walk([d:[p:void] [ACAT.Lib.Core.Utility.OnDirectoryFoundDelegate, Core].([p:string] dirName)] dirFoundDelegate, [d:[p:void] [ACAT.Lib.Core.Utility.OnFileFoundDelegate, Core].([p:string] fileName)] fileFoundDelegate, opt [p:bool] recursive)","Parameters":[{"$type":"[SST:Expressions.Simple.ReferenceExpression]","Reference":{"$type":"[SST:References.VariableReference]","Identifier":"dirFoundDelegate"}},{"$type":"[SST:Expressions.Simple.ConstantValueExpression]","Value":"null"}]}}]},{"$type":"[SST:Declarations.MethodDeclaration]","Name":"0M:[p:void] [ACAT.Lib.Core.Utility.DirectoryWalker, Core].Walk([d:[p:void] [ACAT.Lib.Core.Utility.OnFileFoundDelegate, Core].([p:string] fileName)] fileFoundDelegate, opt [p:bool] recursive)","IsEntryPoint":true,"Body":[{"$type":"[SST:Statements.ExpressionStatement]","Expression":{"$type":"[SST:Expressions.Assignable.InvocationExpression]","Reference":{"$type":"[SST:References.VariableReference]","Identifier":"this"},"MethodName":"0M:[p:void] [ACAT.Lib.Core.Utility.DirectoryWalker, Core].Walk([d:[p:void] [ACAT.Lib.Core.Utility.OnDirectoryFoundDelegate, Core].([p:string] dirName)] dirFoundDelegate, [d:[p:void] [ACAT.Lib.Core.Utility.OnFileFoundDelegate, Core].([p:string] fileName)] fileFoundDelegate, opt [p:bool] recursive)","Parameters":[{"$type":"[SST:Expressions.Simple.ConstantValueExpression]","Value":"null"},{"$type":"[SST:Expressions.Simple.ReferenceExpression]","Reference":{"$type":"[SST:References.VariableReference]","Identifier":"fileFoundDelegate"}}]}}]},{"$type":"[SST:Declarations.MethodDeclaration]","Name":"0M:[p:void] [ACAT.Lib.Core.Utility.DirectoryWalker, Core].Walk([d:[p:void] [ACAT.Lib.Core.Utility.OnDirectoryFoundDelegate, Core].([p:string] dirName)] dirFoundDelegate, [d:[p:void] [ACAT.Lib.Core.Utility.OnFileFoundDelegate, Core].([p:string] fileName)] fileFoundDelegate, opt [p:bool] recursive)","IsEntryPoint":false,"Body":[{"$type":"[SST:Statements.VariableDeclaration]","Reference":{"$type":"[SST:References.VariableReference]","Identifier":"$0"},"Type":"0T:p:bool"},{"$type":"[SST:Statements.Assignment]","Reference":{"$type":"[SST:References.VariableReference]","Identifier":"$0"},"Expression":{"$type":"[SST:Expressions.Assignable.InvocationExpression]","Reference":{"$type":"[SST:References.VariableReference]","Identifier":""},"MethodName":"0M:static [p:bool] [System.IO.Directory, mscorlib, 4.0.0.0].Exists([p:string] path)","Parameters":[{"$type":"[SST:Expressions.Simple.ReferenceExpression]","Reference":{"$type":"[SST:References.FieldReference]","Reference":{"$type":"[SST:References.VariableReference]","Identifier":"this"},"FieldName":"0F:[p:string] [ACAT.Lib.Core.Utility.DirectoryWalker, Core]._rootDir"}}]}},{"$type":"[SST:Statements.VariableDeclaration]","Reference":{"$type":"[SST:References.VariableReference]","Identifier":"$1"},"Type":"0T:p:bool"},{"$type":"[SST:Statements.Assignment]","Reference":{"$type":"[SST:References.VariableReference]","Identifier":"$1"},"Expression":{"$type":"[SST:Expressions.Assignable.ComposedExpression]","References":[{"$type":"[SST:References.VariableReference]","Identifier":"dirFoundDelegate"},{"$type":"[SST:References.VariableReference]","Identifier":"fileFoundDelegate"}]}},{"$type":"[SST:Statements.VariableDeclaration]","Reference":{"$type":"[SST:References.VariableReference]","Identifier":"$2"},"Type":"0T:p:bool"},{"$type":"[SST:Statements.Assignment]","Reference":{"$type":"[SST:References.VariableReference]","Identifier":"$2"},"Expression":{"$type":"[SST:Expressions.Assignable.BinaryExpression]","LeftOperand":{"$type":"[SST:Expressions.Simple.ReferenceExpression]","Reference":{"$type":"[SST:References.VariableReference]","Identifier":"$0"}},"Operator":7,"RightOperand":{"$type":"[SST:Expressions.Simple.ReferenceExpression]","Reference":{"$type":"[SST:References.VariableReference]","Identifier":"$1"}}}},{"$type":"[SST:Blocks.IfElseBlock]","Condition":{"$type":"[SST:Expressions.Simple.ReferenceExpression]","Reference":{"$type":"[SST:References.VariableReference]","Identifier":"$2"}},"Then":[{"$type":"[SST:Statements.Assignment]","Reference":{"$type":"[SST:References.FieldReference]","Reference":{"$type":"[SST:References.VariableReference]","Identifier":"this"},"FieldName":"0F:[d:[p:void] [ACAT.Lib.Core.Utility.OnDirectoryFoundDelegate, Core].([p:string] dirName)] [ACAT.Lib.Core.Utility.DirectoryWalker, Core]._dirFoundDelegate"},"Expression":{"$type":"[SST:Expressions.Simple.ReferenceExpression]","Reference":{"$type":"[SST:References.VariableReference]","Identifier":"dirFoundDelegate"}}},{"$type":"[SST:Statements.Assignment]","Reference":{"$type":"[SST:References.FieldReference]","Reference":{"$type":"[SST:References.VariableReference]","Identifier":"this"},"FieldName":"0F:[d:[p:void] [ACAT.Lib.Core.Utility.OnFileFoundDelegate, Core].([p:string] fileName)] [ACAT.Lib.Core.Utility.DirectoryWalker, Core]._fileFoundDelegate"},"Expression":{"$type":"[SST:Expressions.Simple.ReferenceExpression]","Reference":{"$type":"[SST:References.VariableReference]","Identifier":"fileFoundDelegate"}}},{"$type":"[SST:Statements.VariableDeclaration]","Reference":{"$type":"[SST:References.VariableReference]","Identifier":"$3"},"Type":"0T:p:bool"},{"$type":"[SST:Statements.Assignment]","Reference":{"$type":"[SST:References.VariableReference]","Identifier":"$3"},"Expression":{"$type":"[SST:Expressions.Assignable.BinaryExpression]","LeftOperand":{"$type":"[SST:Expressions.Simple.ReferenceExpression]","Reference":{"$type":"[SST:References.FieldReference]","Reference":{"$type":"[SST:References.VariableReference]","Identifier":"this"},"FieldName":"0F:[d:[p:void] [ACAT.Lib.Core.Utility.OnFileFoundDelegate, Core].([p:string] fileName)] [ACAT.Lib.Core.Utility.DirectoryWalker, Core]._fileFoundDelegate"}},"Operator":6,"RightOperand":{"$type":"[SST:Expressions.Simple.ConstantValueExpression]","Value":"null"}}},{"$type":"[SST:Statements.VariableDeclaration]","Reference":{"$type":"[SST:References.VariableReference]","Identifier":"$4"},"Type":"0T:p:bool"},{"$type":"[SST:Statements.Assignment]","Reference":{"$type":"[SST:References.VariableReference]","Identifier":"$4"},"Expression":{"$type":"[SST:Expressions.Assignable.InvocationExpression]","Reference":{"$type":"[SST:References.VariableReference]","Identifier":""},"MethodName":"0M:static [p:bool] [p:string].IsNullOrEmpty([p:string] value)","Parameters":[{"$type":"[SST:Expressions.Simple.ReferenceExpression]","Reference":{"$type":"[SST:References.FieldReference]","Reference":{"$type":"[SST:References.VariableReference]","Identifier":"this"},"FieldName":"0F:[p:string] [ACAT.Lib.Core.Utility.DirectoryWalker, Core]._wildCard"}}]}},{"$type":"[SST:Statements.VariableDeclaration]","Reference":{"$type":"[SST:References.VariableReference]","Identifier":"$5"},"Type":"0T:p:bool"},{"$type":"[SST:Statements.Assignment]","Reference":{"$type":"[SST:References.VariableReference]","Identifier":"$5"},"Expression":{"$type":"[SST:Expressions.Assignable.BinaryExpression]","LeftOperand":{"$type":"[SST:Expressions.Simple.ReferenceExpression]","Reference":{"$type":"[SST:References.VariableReference]","Identifier":"$3"}},"Operator":7,"RightOperand":{"$type":"[SST:Expressions.Simple.ReferenceExpression]","Reference":{"$type":"[SST:References.VariableReference]","Identifier":"$4"}}}},{"$type":"[SST:Blocks.IfElseBlock]","Condition":{"$type":"[SST:Expressions.Simple.ReferenceExpression]","Reference":{"$type":"[SST:References.VariableReference]","Identifier":"$5"}},"Then":[{"$type":"[SST:Statements.Assignment]","Reference":{"$type":"[SST:References.FieldReference]","Reference":{"$type":"[SST:References.VariableReference]","Identifier":"this"},"FieldName":"0F:[p:string] [ACAT.Lib.Core.Utility.DirectoryWalker, Core]._wildCard"},"Expression":{"$type":"[SST:Expressions.Simple.ConstantValueExpression]"}}],"Else":[]},{"$type":"[SST:Statements.VariableDeclaration]","Reference":{"$type":"[SST:References.VariableReference]","Identifier":"$6"},"Type":"0T:p:bool"},{"$type":"[SST:Statements.Assignment]","Reference":{"$type":"[SST:References.VariableReference]","Identifier":"$6"},"Expression":{"$type":"[SST:Expressions.Assignable.BinaryExpression]","LeftOperand":{"$type":"[SST:Expressions.Simple.ReferenceExpression]","Reference":{"$type":"[SST:References.VariableReference]","Identifier":"fileFoundDelegate"}},"Operator":6,"RightOperand":{"$type":"[SST:Expressions.Simple.ConstantValueExpression]","Value":"null"}}},{"$type":"[SST:Blocks.IfElseBlock]","Condition":{"$type":"[SST:Expressions.Simple.ReferenceExpression]","Reference":{"$type":"[SST:References.VariableReference]","Identifier":"$6"}},"Then":[{"$type":"[SST:Statements.ExpressionStatement]","Expression":{"$type":"[SST:Expressions.Assignable.InvocationExpression]","Reference":{"$type":"[SST:References.VariableReference]","Identifier":"this"},"MethodName":"0M:[p:void] [ACAT.Lib.Core.Utility.DirectoryWalker, Core].listFiles([p:string] dirPath)","Parameters":[{"$type":"[SST:Expressions.Simple.ReferenceExpression]","Reference":{"$type":"[SST:References.FieldReference]","Reference":{"$type":"[SST:References.VariableReference]","Identifier":"this"},"FieldName":"0F:[p:string] [ACAT.Lib.Core.Utility.DirectoryWalker, Core]._rootDir"}}]}}],"Else":[]},{"$type":"[SST:Statements.ExpressionStatement]","Expression":{"$type":"[SST:Expressions.Assignable.InvocationExpression]","Reference":{"$type":"[SST:References.VariableReference]","Identifier":"this"},"MethodName":"0M:[p:void] [ACAT.Lib.Core.Utility.DirectoryWalker, Core].listDirs([p:string] dirPath, [p:bool] recursive)","Parameters":[{"$type":"[SST:Expressions.Simple.ReferenceExpression]","Reference":{"$type":"[SST:References.FieldReference]","Reference":{"$type":"[SST:References.VariableReference]","Identifier":"this"},"FieldName":"0F:[p:string] [ACAT.Lib.Core.Utility.DirectoryWalker, Core]._rootDir"}},{"$type":"[SST:Expressions.Simple.ReferenceExpression]","Reference":{"$type":"[SST:References.VariableReference]","Identifier":"recursive"}}]}}],"Else":[]}]},{"$type":"[SST:Declarations.MethodDeclaration]","Name":"0M:[p:void] [ACAT.Lib.Core.Utility.DirectoryWalker, Core].listDirs([p:string] dirPath, [p:bool] recursive)","IsEntryPoint":false,"Body":[{"$type":"[SST:Blocks.TryBlock]","Body":[{"$type":"[SST:Statements.VariableDeclaration]","Reference":{"$type":"[SST:References.VariableReference]","Identifier":"dirs"},"Type":"0T:System.Collections.Generic.List`1[[T -> p:string]], mscorlib, 4.0.0.0"},{"$type":"[SST:Statements.VariableDeclaration]","Reference":{"$type":"[SST:References.VariableReference]","Identifier":"$0"},"Type":"0T:i:System.Collections.Generic.IEnumerable`1[[T -> p:string]], mscorlib, 4.0.0.0"},{"$type":"[SST:Statements.Assignment]","Reference":{"$type":"[SST:References.VariableReference]","Identifier":"$0"},"Expression":{"$type":"[SST:Expressions.Assignable.InvocationExpression]","Reference":{"$type":"[SST:References.VariableReference]","Identifier":""},"MethodName":"0M:static [i:System.Collections.Generic.IEnumerable`1[[T -> p:string]], mscorlib, 4.0.0.0] [System.IO.Directory, mscorlib, 4.0.0.0].EnumerateDirectories([p:string] path)","Parameters":[{"$type":"[SST:Expressions.Simple.ReferenceExpression]","Reference":{"$type":"[SST:References.VariableReference]","Identifier":"dirPath"}}]}},{"$type":"[SST:Statements.Assignment]","Reference":{"$type":"[SST:References.VariableReference]","Identifier":"dirs"},"Expression":{"$type":"[SST:Expressions.Assignable.InvocationExpression]","Reference":{"$type":"[SST:References.VariableReference]","Identifier":""},"MethodName":"0M:[p:void] [System.Collections.Generic.List`1[[T -> p:string]], mscorlib, 4.0.0.0]..ctor([i:System.Collections.Generic.IEnumerable`1[[T -> T]], mscorlib, 4.0.0.0] collection)","Parameters":[{"$type":"[SST:Expressions.Simple.ReferenceExpression]","Reference":{"$type":"[SST:References.VariableReference]","Identifier":"$0"}}]}},{"$type":"[SST:Blocks.ForEachLoop]","Declaration":{"$type":"[SST:Statements.VariableDeclaration]","Reference":{"$type":"[SST:References.VariableReference]","Identifier":"dir"},"Type":"0T:p:string"},"LoopedReference":{"$type":"[SST:References.VariableReference]","Identifier":"dirs"},"Body":[{"$type":"[SST:Statements.VariableDeclaration]","Reference":{"$type":"[SST:References.VariableReference]","Identifier":"$1"},"Type":"0T:p:bool"},{"$type":"[SST:Statements.Assignment]","Reference":{"$type":"[SST:References.VariableReference]","Identifier":"$1"},"Expression":{"$type":"[SST:Expressions.Assignable.BinaryExpression]","LeftOperand":{"$type":"[SST:Expressions.Simple.ReferenceExpression]","Reference":{"$type":"[SST:References.FieldReference]","Reference":{"$type":"[SST:References.VariableReference]","Identifier":"this"},"FieldName":"0F:[d:[p:void] [ACAT.Lib.Core.Utility.OnDirectoryFoundDelegate, Core].([p:string] dirName)] [ACAT.Lib.Core.Utility.DirectoryWalker, Core]._dirFoundDelegate"}},"Operator":6,"RightOperand":{"$type":"[SST:Expressions.Simple.ConstantValueExpression]","Value":"null"}}},{"$type":"[SST:Blocks.IfElseBlock]","Condition":{"$type":"[SST:Expressions.Simple.ReferenceExpression]","Reference":{"$type":"[SST:References.VariableReference]","Identifier":"$1"}},"Then":[{"$type":"[SST:Statements.VariableDeclaration]","Reference":{"$type":"[SST:References.VariableReference]","Identifier":"$2"},"Type":"0T:d:[p:void] [ACAT.Lib.Core.Utility.OnDirectoryFoundDelegate, Core].([p:string] dirName)"},{"$type":"[SST:Statements.Assignment]","Reference":{"$type":"[SST:References.VariableReference]","Identifier":"$2"},"Expression":{"$type":"[SST:Expressions.Simple.ReferenceExpression]","Reference":{"$type":"[SST:References.FieldReference]","Reference":{"$type":"[SST:References.VariableReference]","Identifier":"this"},"FieldName":"0F:[d:[p:void] [ACAT.Lib.Core.Utility.OnDirectoryFoundDelegate, Core].([p:string] dirName)] [ACAT.Lib.Core.Utility.DirectoryWalker, Core]._dirFoundDelegate"}}},{"$type":"[SST:Statements.ExpressionStatement]","Expression":{"$type":"[SST:Expressions.Assignable.InvocationExpression]","Reference":{"$type":"[SST:References.VariableReference]","Identifier":"$2"},"MethodName":"0M:[p:void] [d:[p:void] [ACAT.Lib.Core.Utility.OnDirectoryFoundDelegate, Core].([p:string] dirName)].Invoke([p:string] dirName)","Parameters":[{"$type":"[SST:Expressions.Simple.ReferenceExpression]","Reference":{"$type":"[SST:References.VariableReference]","Identifier":"dir"}}]}}],"Else":[]},{"$type":"[SST:Statements.VariableDeclaration]","Reference":{"$type":"[SST:References.VariableReference]","Identifier":"$3"},"Type":"0T:p:bool"},{"$type":"[SST:Statements.Assignment]","Reference":{"$type":"[SST:References.VariableReference]","Identifier":"$3"},"Expression":{"$type":"[SST:Expressions.Assignable.BinaryExpression]","LeftOperand":{"$type":"[SST:Expressions.Simple.ReferenceExpression]","Reference":{"$type":"[SST:References.FieldReference]","Reference":{"$type":"[SST:References.VariableReference]","Identifier":"this"},"FieldName":"0F:[d:[p:void] [ACAT.Lib.Core.Utility.OnFileFoundDelegate, Core].([p:string] fileName)] [ACAT.Lib.Core.Utility.DirectoryWalker, Core]._fileFoundDelegate"}},"Operator":6,"RightOperand":{"$type":"[SST:Expressions.Simple.ConstantValueExpression]","Value":"null"}}},{"$type":"[SST:Blocks.IfElseBlock]","Condition":{"$type":"[SST:Expressions.Simple.ReferenceExpression]","Reference":{"$type":"[SST:References.VariableReference]","Identifier":"$3"}},"Then":[{"$type":"[SST:Statements.ExpressionStatement]","Expression":{"$type":"[SST:Expressions.Assignable.InvocationExpression]","Reference":{"$type":"[SST:References.VariableReference]","Identifier":"this"},"MethodName":"0M:[p:void] [ACAT.Lib.Core.Utility.DirectoryWalker, Core].listFiles([p:string] dirPath)","Parameters":[{"$type":"[SST:Expressions.Simple.ReferenceExpression]","Reference":{"$type":"[SST:References.VariableReference]","Identifier":"dir"}}]}}],"Else":[]},{"$type":"[SST:Blocks.IfElseBlock]","Condition":{"$type":"[SST:Expressions.Simple.ReferenceExpression]","Reference":{"$type":"[SST:References.VariableReference]","Identifier":"recursive"}},"Then":[{"$type":"[SST:Statements.ExpressionStatement]","Expression":{"$type":"[SST:Expressions.Assignable.InvocationExpression]","Reference":{"$type":"[SST:References.VariableReference]","Identifier":"this"},"MethodName":"0M:[p:void] [ACAT.Lib.Core.Utility.DirectoryWalker, Core].listDirs([p:string] dirPath, [p:bool] recursive)","Parameters":[{"$type":"[SST:Expressions.Simple.ReferenceExpression]","Reference":{"$type":"[SST:References.VariableReference]","Identifier":"dir"}},{"$type":"[SST:Expressions.Simple.ReferenceExpression]","Reference":{"$type":"[SST:References.VariableReference]","Identifier":"recursive"}}]}}],"Else":[]}]}],"CatchBlocks":[{"$type":"[SST:Blocks.CatchBlock]","Kind":0,"Parameter":"0Param:[System.UnauthorizedAccessException, mscorlib, 4.0.0.0] uaex","Body":[{"$type":"[SST:Statements.ExpressionStatement]","Expression":{"$type":"[SST:Expressions.Assignable.InvocationExpression]","Reference":{"$type":"[SST:References.VariableReference]","Identifier":""},"MethodName":"0M:static [p:void] [System.Console, mscorlib, 4.0.0.0].WriteLine([p:string] value)","Parameters":[{"$type":"[SST:Expressions.Simple.ReferenceExpression]","Reference":{"$type":"[SST:References.PropertyReference]","Reference":{"$type":"[SST:References.VariableReference]","Identifier":"uaex"},"PropertyName":"0P:get [p:string] [System.Exception, mscorlib, 4.0.0.0].Message()"}}]}}]},{"$type":"[SST:Blocks.CatchBlock]","Kind":0,"Parameter":"0Param:[System.IO.PathTooLongException, mscorlib, 4.0.0.0] pathex","Body":[{"$type":"[SST:Statements.ExpressionStatement]","Expression":{"$type":"[SST:Expressions.Assignable.InvocationExpression]","Reference":{"$type":"[SST:References.VariableReference]","Identifier":""},"MethodName":"0M:static [p:void] [System.Console, mscorlib, 4.0.0.0].WriteLine([p:string] value)","Parameters":[{"$type":"[SST:Expressions.Simple.ReferenceExpression]","Reference":{"$type":"[SST:References.PropertyReference]","Reference":{"$type":"[SST:References.VariableReference]","Identifier":"pathex"},"PropertyName":"0P:get [p:string] [System.Exception, mscorlib, 4.0.0.0].Message()"}}]}}]}],"Finally":[]}]},{"$type":"[SST:Declarations.MethodDeclaration]","Name":"0M:[p:void] [ACAT.Lib.Core.Utility.DirectoryWalker, Core].listFiles([p:string] dirPath)","IsEntryPoint":false,"Body":[{"$type":"[SST:Statements.VariableDeclaration]","Reference":{"$type":"[SST:References.VariableReference]","Identifier":"filePaths"},"Type":"0T:p:string[]"},{"$type":"[SST:Statements.Assignment]","Reference":{"$type":"[SST:References.VariableReference]","Identifier":"filePaths"},"Expression":{"$type":"[SST:Expressions.Assignable.InvocationExpression]","Reference":{"$type":"[SST:References.VariableReference]","Identifier":""},"MethodName":"0M:static [p:string[]] [System.IO.Directory, mscorlib, 4.0.0.0].GetFiles([p:string] path, [p:string] searchPattern)","Parameters":[{"$type":"[SST:Expressions.Simple.ReferenceExpression]","Reference":{"$type":"[SST:References.VariableReference]","Identifier":"dirPath"}},{"$type":"[SST:Expressions.Simple.ReferenceExpression]","Reference":{"$type":"[SST:References.FieldReference]","Reference":{"$type":"[SST:References.VariableReference]","Identifier":"this"},"FieldName":"0F:[p:string] [ACAT.Lib.Core.Utility.DirectoryWalker, Core]._wildCard"}}]}},{"$type":"[SST:Statements.VariableDeclaration]","Reference":{"$type":"[SST:References.VariableReference]","Identifier":"$0"},"Type":"0T:p:bool"},{"$type":"[SST:Statements.Assignment]","Reference":{"$type":"[SST:References.VariableReference]","Identifier":"$0"},"Expression":{"$type":"[SST:Expressions.Assignable.BinaryExpression]","LeftOperand":{"$type":"[SST:Expressions.Simple.ReferenceExpression]","Reference":{"$type":"[SST:References.PropertyReference]","Reference":{"$type":"[SST:References.VariableReference]","Identifier":"filePaths"},"PropertyName":"0P:get [p:int] [System.Array, mscorlib, 4.0.0.0].Length()"}},"Operator":5,"RightOperand":{"$type":"[SST:Expressions.Simple.ConstantValueExpression]","Value":"0"}}},{"$type":"[SST:Blocks.IfElseBlock]","Condition":{"$type":"[SST:Expressions.Simple.ReferenceExpression]","Reference":{"$type":"[SST:References.VariableReference]","Identifier":"$0"}},"Then":[{"$type":"[SST:Blocks.ForEachLoop]","Declaration":{"$type":"[SST:Statements.VariableDeclaration]","Reference":{"$type":"[SST:References.VariableReference]","Identifier":"str"},"Type":"0T:p:string"},"LoopedReference":{"$type":"[SST:References.VariableReference]","Identifier":"filePaths"},"Body":[{"$type":"[SST:Statements.VariableDeclaration]","Reference":{"$type":"[SST:References.VariableReference]","Identifier":"$1"},"Type":"0T:d:[p:void] [ACAT.Lib.Core.Utility.OnFileFoundDelegate, Core].([p:string] fileName)"},{"$type":"[SST:Statements.Assignment]","Reference":{"$type":"[SST:References.VariableReference]","Identifier":"$1"},"Expression":{"$type":"[SST:Expressions.Simple.ReferenceExpression]","Reference":{"$type":"[SST:References.FieldReference]","Reference":{"$type":"[SST:References.VariableReference]","Identifier":"this"},"FieldName":"0F:[d:[p:void] [ACAT.Lib.Core.Utility.OnFileFoundDelegate, Core].([p:string] fileName)] [ACAT.Lib.Core.Utility.DirectoryWalker, Core]._fileFoundDelegate"}}},{"$type":"[SST:Statements.ExpressionStatement]","Expression":{"$type":"[SST:Expressions.Assignable.InvocationExpression]","Reference":{"$type":"[SST:References.VariableReference]","Identifier":"$1"},"MethodName":"0M:[p:void] [d:[p:void] [ACAT.Lib.Core.Utility.OnFileFoundDelegate, Core].([p:string] fileName)].Invoke([p:string] fileName)","Parameters":[{"$type":"[SST:Expressions.Simple.ReferenceExpression]","Reference":{"$type":"[SST:References.VariableReference]","Identifier":"str"}}]}}]}],"Else":[]}]}],"Events":[],"Delegates":[]}}