{"$type":"KaVE.Commons.Model.Events.CompletionEvents.Context, KaVE.Commons","TypeShape":{"$type":"KaVE.Commons.Model.TypeShapes.TypeShape, KaVE.Commons","TypeHierarchy":{"$type":"KaVE.Commons.Model.TypeShapes.TypeHierarchy, KaVE.Commons","Element":"0T:i:ACAT.Lib.Core.Utility.IDescriptor, Core","Implements":[]},"NestedTypes":[],"Delegates":[],"EventHierarchies":[],"Fields":[],"MethodHierarchies":[],"PropertyHierarchies":[{"$type":"KaVE.Commons.Model.TypeShapes.PropertyHierarchy, KaVE.Commons","Element":"0P:get [p:string] [i:ACAT.Lib.Core.Utility.IDescriptor, Core].Description()"},{"$type":"KaVE.Commons.Model.TypeShapes.PropertyHierarchy, KaVE.Commons","Element":"0P:get [s:System.Guid, mscorlib, 4.0.0.0] [i:ACAT.Lib.Core.Utility.IDescriptor, Core].Id()"},{"$type":"KaVE.Commons.Model.TypeShapes.PropertyHierarchy, KaVE.Commons","Element":"0P:get [p:string] [i:ACAT.Lib.Core.Utility.IDescriptor, Core].Name()"}]},"SST":{"$type":"[SST:SST]","EnclosingType":"0T:i:ACAT.Lib.Core.Utility.IDescriptor, Core","Fields":[],"Properties":[{"$type":"[SST:Declarations.PropertyDeclaration]","Name":"0P:get [p:string] [i:ACAT.Lib.Core.Utility.IDescriptor, Core].Description()","Get":[],"Set":[]},{"$type":"[SST:Declarations.PropertyDeclaration]","Name":"0P:get [s:System.Guid, mscorlib, 4.0.0.0] [i:ACAT.Lib.Core.Utility.IDescriptor, Core].Id()","Get":[],"Set":[]},{"$type":"[SST:Declarations.PropertyDeclaration]","Name":"0P:get [p:string] [i:ACAT.Lib.Core.Utility.IDescriptor, Core].Name()","Get":[],"Set":[]}],"Methods":[],"Events":[],"Delegates":[]}}