{"$type":"KaVE.Commons.Model.Events.CompletionEvents.Context, KaVE.Commons","TypeShape":{"$type":"KaVE.Commons.Model.TypeShapes.TypeShape, KaVE.Commons","TypeHierarchy":{"$type":"KaVE.Commons.Model.TypeShapes.TypeHierarchy, KaVE.Commons","Element":"0T:ACAT.Lib.Core.Utility.Preferences, Core","Extends":{"$type":"KaVE.Commons.Model.TypeShapes.TypeHierarchy, KaVE.Commons","Element":"0T:ACAT.Lib.Core.Utility.PreferencesBase, Core","Implements":[]},"Implements":[]},"NestedTypes":[],"Delegates":[],"EventHierarchies":[],"Fields":["0F:static [System.Reflection.Assembly, mscorlib, 4.0.0.0] [ACAT.Lib.Core.Utility.Preferences, Core].ApplicationAssembly","0F:[p:int] [ACAT.Lib.Core.Utility.Preferences, Core].TabScanTime","0F:[p:int] [ACAT.Lib.Core.Utility.Preferences, Core].FirstRepeatTime","0F:[p:int] [ACAT.Lib.Core.Utility.Preferences, Core].SteppingTime","0F:[p:int] [ACAT.Lib.Core.Utility.Preferences, Core].HesitateTime","0F:[p:bool] [ACAT.Lib.Core.Utility.Preferences, Core].SelectClick","0F:[p:float] [ACAT.Lib.Core.Utility.Preferences, Core].ScannerScaleFactor","0F:[p:string] [ACAT.Lib.Core.Utility.Preferences, Core].FontName","0F:[p:int] [ACAT.Lib.Core.Utility.Preferences, Core].FontSize","0F:[p:string] [ACAT.Lib.Core.Utility.Preferences, Core].Skin","0F:[p:bool] [ACAT.Lib.Core.Utility.Preferences, Core].AutoSaveScannerLastPosition","0F:[p:bool] [ACAT.Lib.Core.Utility.Preferences, Core].AutoSaveScannerScaleFactor","0F:[p:bool] [ACAT.Lib.Core.Utility.Preferences, Core].ScanDisabledElements","0F:[e:ACAT.Lib.Core.Utility.Windows+WindowPosition, Core] [ACAT.Lib.Core.Utility.Preferences, Core].ScannerPosition","0F:[p:string] [ACAT.Lib.Core.Utility.Preferences, Core].PreferredPanelConfigNames","0F:[p:int] [ACAT.Lib.Core.Utility.Preferences, Core].AcceptTime","0F:[p:bool] [ACAT.Lib.Core.Utility.Preferences, Core].EnableGlass","0F:[p:float] [ACAT.Lib.Core.Utility.Preferences, Core].GlassOpacity","0F:[p:bool] [ACAT.Lib.Core.Utility.Preferences, Core].GlassFadeIn","0F:[p:int] [ACAT.Lib.Core.Utility.Preferences, Core].SpacesAfterPunctuation","0F:[p:bool] [ACAT.Lib.Core.Utility.Preferences, Core].HideWindowsTaskBar","0F:[p:bool] [ACAT.Lib.Core.Utility.Preferences, Core].HideScannerOnIdle","0F:[p:int] [ACAT.Lib.Core.Utility.Preferences, Core].HideOnIdleTimeout","0F:[p:bool] [ACAT.Lib.Core.Utility.Preferences, Core].ExpandAbbreviationsOnSeparator","0F:[p:bool] [ACAT.Lib.Core.Utility.Preferences, Core].DebugLogMessagesToFile","0F:[p:bool] [ACAT.Lib.Core.Utility.Preferences, Core].DebugMessagesEnable","0F:[p:bool] [ACAT.Lib.Core.Utility.Preferences, Core].DebugAssertOnError","0F:[p:bool] [ACAT.Lib.Core.Utility.Preferences, Core].AuditLogEnable","0F:[p:string] [ACAT.Lib.Core.Utility.Preferences, Core].AuditLogFilter","0F:[p:bool] [ACAT.Lib.Core.Utility.Preferences, Core].RetainTalkWindowContentsOnHide","0F:[p:float] [ACAT.Lib.Core.Utility.Preferences, Core].TalkWindowFontSize","0F:[p:bool] [ACAT.Lib.Core.Utility.Preferences, Core].EnableTextToSpeech","0F:[p:string] [ACAT.Lib.Core.Utility.Preferences, Core].Extensions","0F:[p:string] [ACAT.Lib.Core.Utility.Preferences, Core].PreferredTTSEngines","0F:[p:string] [ACAT.Lib.Core.Utility.Preferences, Core].PreferredWordPredictor","0F:[p:string] [ACAT.Lib.Core.Utility.Preferences, Core].PreferredSpellChecker"],"MethodHierarchies":[{"$type":"KaVE.Commons.Model.TypeShapes.MethodHierarchy, KaVE.Commons","Element":"0M:[p:string] [ACAT.Lib.Core.Utility.Preferences, Core].toString()","Super":"0M:[p:string] [ACAT.Lib.Core.Utility.PreferencesBase, Core].toString()"},{"$type":"KaVE.Commons.Model.TypeShapes.MethodHierarchy, KaVE.Commons","Element":"0M:[p:int] [ACAT.Lib.Core.Utility.Preferences, Core].ResolveVariableInt([p:string] value, [p:int] defaultIfNull, [p:int] defaultValue)"},{"$type":"KaVE.Commons.Model.TypeShapes.MethodHierarchy, KaVE.Commons","Element":"0M:[p:int] [ACAT.Lib.Core.Utility.Preferences, Core].resolveVariableInt([p:string] variableName, [p:int] defaultValue)"}],"PropertyHierarchies":[]},"SST":{"$type":"[SST:SST]","EnclosingType":"0T:ACAT.Lib.Core.Utility.Preferences, Core","Fields":[{"$type":"[SST:Declarations.FieldDeclaration]","Name":"0F:static [System.Reflection.Assembly, mscorlib, 4.0.0.0] [ACAT.Lib.Core.Utility.Preferences, Core].ApplicationAssembly"},{"$type":"[SST:Declarations.FieldDeclaration]","Name":"0F:[p:int] [ACAT.Lib.Core.Utility.Preferences, Core].TabScanTime"},{"$type":"[SST:Declarations.FieldDeclaration]","Name":"0F:[p:int] [ACAT.Lib.Core.Utility.Preferences, Core].FirstRepeatTime"},{"$type":"[SST:Declarations.FieldDeclaration]","Name":"0F:[p:int] [ACAT.Lib.Core.Utility.Preferences, Core].SteppingTime"},{"$type":"[SST:Declarations.FieldDeclaration]","Name":"0F:[p:int] [ACAT.Lib.Core.Utility.Preferences, Core].HesitateTime"},{"$type":"[SST:Declarations.FieldDeclaration]","Name":"0F:[p:bool] [ACAT.Lib.Core.Utility.Preferences, Core].SelectClick"},{"$type":"[SST:Declarations.FieldDeclaration]","Name":"0F:[p:float] [ACAT.Lib.Core.Utility.Preferences, Core].ScannerScaleFactor"},{"$type":"[SST:Declarations.FieldDeclaration]","Name":"0F:[p:string] [ACAT.Lib.Core.Utility.Preferences, Core].FontName"},{"$type":"[SST:Declarations.FieldDeclaration]","Name":"0F:[p:int] [ACAT.Lib.Core.Utility.Preferences, Core].FontSize"},{"$type":"[SST:Declarations.FieldDeclaration]","Name":"0F:[p:string] [ACAT.Lib.Core.Utility.Preferences, Core].Skin"},{"$type":"[SST:Declarations.FieldDeclaration]","Name":"0F:[p:bool] [ACAT.Lib.Core.Utility.Preferences, Core].AutoSaveScannerLastPosition"},{"$type":"[SST:Declarations.FieldDeclaration]","Name":"0F:[p:bool] [ACAT.Lib.Core.Utility.Preferences, Core].AutoSaveScannerScaleFactor"},{"$type":"[SST:Declarations.FieldDeclaration]","Name":"0F:[p:bool] [ACAT.Lib.Core.Utility.Preferences, Core].ScanDisabledElements"},{"$type":"[SST:Declarations.FieldDeclaration]","Name":"0F:[e:ACAT.Lib.Core.Utility.Windows+WindowPosition, Core] [ACAT.Lib.Core.Utility.Preferences, Core].ScannerPosition"},{"$type":"[SST:Declarations.FieldDeclaration]","Name":"0F:[p:string] [ACAT.Lib.Core.Utility.Preferences, Core].PreferredPanelConfigNames"},{"$type":"[SST:Declarations.FieldDeclaration]","Name":"0F:[p:int] [ACAT.Lib.Core.Utility.Preferences, Core].AcceptTime"},{"$type":"[SST:Declarations.FieldDeclaration]","Name":"0F:[p:bool] [ACAT.Lib.Core.Utility.Preferences, Core].EnableGlass"},{"$type":"[SST:Declarations.FieldDeclaration]","Name":"0F:[p:float] [ACAT.Lib.Core.Utility.Preferences, Core].GlassOpacity"},{"$type":"[SST:Declarations.FieldDeclaration]","Name":"0F:[p:bool] [ACAT.Lib.Core.Utility.Preferences, Core].GlassFadeIn"},{"$type":"[SST:Declarations.FieldDeclaration]","Name":"0F:[p:int] [ACAT.Lib.Core.Utility.Preferences, Core].SpacesAfterPunctuation"},{"$type":"[SST:Declarations.FieldDeclaration]","Name":"0F:[p:bool] [ACAT.Lib.Core.Utility.Preferences, Core].HideWindowsTaskBar"},{"$type":"[SST:Declarations.FieldDeclaration]","Name":"0F:[p:bool] [ACAT.Lib.Core.Utility.Preferences, Core].HideScannerOnIdle"},{"$type":"[SST:Declarations.FieldDeclaration]","Name":"0F:[p:int] [ACAT.Lib.Core.Utility.Preferences, Core].HideOnIdleTimeout"},{"$type":"[SST:Declarations.FieldDeclaration]","Name":"0F:[p:bool] [ACAT.Lib.Core.Utility.Preferences, Core].ExpandAbbreviationsOnSeparator"},{"$type":"[SST:Declarations.FieldDeclaration]","Name":"0F:[p:bool] [ACAT.Lib.Core.Utility.Preferences, Core].DebugLogMessagesToFile"},{"$type":"[SST:Declarations.FieldDeclaration]","Name":"0F:[p:bool] [ACAT.Lib.Core.Utility.Preferences, Core].DebugMessagesEnable"},{"$type":"[SST:Declarations.FieldDeclaration]","Name":"0F:[p:bool] [ACAT.Lib.Core.Utility.Preferences, Core].DebugAssertOnError"},{"$type":"[SST:Declarations.FieldDeclaration]","Name":"0F:[p:bool] [ACAT.Lib.Core.Utility.Preferences, Core].AuditLogEnable"},{"$type":"[SST:Declarations.FieldDeclaration]","Name":"0F:[p:string] [ACAT.Lib.Core.Utility.Preferences, Core].AuditLogFilter"},{"$type":"[SST:Declarations.FieldDeclaration]","Name":"0F:[p:bool] [ACAT.Lib.Core.Utility.Preferences, Core].RetainTalkWindowContentsOnHide"},{"$type":"[SST:Declarations.FieldDeclaration]","Name":"0F:[p:float] [ACAT.Lib.Core.Utility.Preferences, Core].TalkWindowFontSize"},{"$type":"[SST:Declarations.FieldDeclaration]","Name":"0F:[p:bool] [ACAT.Lib.Core.Utility.Preferences, Core].EnableTextToSpeech"},{"$type":"[SST:Declarations.FieldDeclaration]","Name":"0F:[p:string] [ACAT.Lib.Core.Utility.Preferences, Core].Extensions"},{"$type":"[SST:Declarations.FieldDeclaration]","Name":"0F:[p:string] [ACAT.Lib.Core.Utility.Preferences, Core].PreferredTTSEngines"},{"$type":"[SST:Declarations.FieldDeclaration]","Name":"0F:[p:string] [ACAT.Lib.Core.Utility.Preferences, Core].PreferredWordPredictor"},{"$type":"[SST:Declarations.FieldDeclaration]","Name":"0F:[p:string] [ACAT.Lib.Core.Utility.Preferences, Core].PreferredSpellChecker"}],"Properties":[],"Methods":[{"$type":"[SST:Declarations.MethodDeclaration]","Name":"0M:[p:void] [ACAT.Lib.Core.Utility.Preferences, Core]..init()","IsEntryPoint":false,"Body":[{"$type":"[SST:Statements.Assignment]","Reference":{"$type":"[SST:References.FieldReference]","Reference":{"$type":"[SST:References.VariableReference]","Identifier":"this"},"FieldName":"0F:[p:int] [ACAT.Lib.Core.Utility.Preferences, Core].TabScanTime"},"Expression":{"$type":"[SST:Expressions.Simple.ConstantValueExpression]"}},{"$type":"[SST:Statements.Assignment]","Reference":{"$type":"[SST:References.FieldReference]","Reference":{"$type":"[SST:References.VariableReference]","Identifier":"this"},"FieldName":"0F:[p:int] [ACAT.Lib.Core.Utility.Preferences, Core].FirstRepeatTime"},"Expression":{"$type":"[SST:Expressions.Simple.ConstantValueExpression]"}},{"$type":"[SST:Statements.Assignment]","Reference":{"$type":"[SST:References.FieldReference]","Reference":{"$type":"[SST:References.VariableReference]","Identifier":"this"},"FieldName":"0F:[p:int] [ACAT.Lib.Core.Utility.Preferences, Core].SteppingTime"},"Expression":{"$type":"[SST:Expressions.Simple.ConstantValueExpression]"}},{"$type":"[SST:Statements.Assignment]","Reference":{"$type":"[SST:References.FieldReference]","Reference":{"$type":"[SST:References.VariableReference]","Identifier":"this"},"FieldName":"0F:[p:int] [ACAT.Lib.Core.Utility.Preferences, Core].HesitateTime"},"Expression":{"$type":"[SST:Expressions.Simple.ConstantValueExpression]"}},{"$type":"[SST:Statements.Assignment]","Reference":{"$type":"[SST:References.FieldReference]","Reference":{"$type":"[SST:References.VariableReference]","Identifier":"this"},"FieldName":"0F:[p:bool] [ACAT.Lib.Core.Utility.Preferences, Core].SelectClick"},"Expression":{"$type":"[SST:Expressions.Simple.ConstantValueExpression]","Value":"false"}},{"$type":"[SST:Statements.Assignment]","Reference":{"$type":"[SST:References.FieldReference]","Reference":{"$type":"[SST:References.VariableReference]","Identifier":"this"},"FieldName":"0F:[p:float] [ACAT.Lib.Core.Utility.Preferences, Core].ScannerScaleFactor"},"Expression":{"$type":"[SST:Expressions.Simple.ConstantValueExpression]"}},{"$type":"[SST:Statements.Assignment]","Reference":{"$type":"[SST:References.FieldReference]","Reference":{"$type":"[SST:References.VariableReference]","Identifier":"this"},"FieldName":"0F:[p:string] [ACAT.Lib.Core.Utility.Preferences, Core].FontName"},"Expression":{"$type":"[SST:Expressions.Simple.ConstantValueExpression]"}},{"$type":"[SST:Statements.Assignment]","Reference":{"$type":"[SST:References.FieldReference]","Reference":{"$type":"[SST:References.VariableReference]","Identifier":"this"},"FieldName":"0F:[p:int] [ACAT.Lib.Core.Utility.Preferences, Core].FontSize"},"Expression":{"$type":"[SST:Expressions.Simple.ConstantValueExpression]"}},{"$type":"[SST:Statements.Assignment]","Reference":{"$type":"[SST:References.FieldReference]","Reference":{"$type":"[SST:References.VariableReference]","Identifier":"this"},"FieldName":"0F:[p:string] [ACAT.Lib.Core.Utility.Preferences, Core].Skin"},"Expression":{"$type":"[SST:Expressions.Simple.ConstantValueExpression]"}},{"$type":"[SST:Statements.Assignment]","Reference":{"$type":"[SST:References.FieldReference]","Reference":{"$type":"[SST:References.VariableReference]","Identifier":"this"},"FieldName":"0F:[p:bool] [ACAT.Lib.Core.Utility.Preferences, Core].AutoSaveScannerLastPosition"},"Expression":{"$type":"[SST:Expressions.Simple.ConstantValueExpression]","Value":"false"}},{"$type":"[SST:Statements.Assignment]","Reference":{"$type":"[SST:References.FieldReference]","Reference":{"$type":"[SST:References.VariableReference]","Identifier":"this"},"FieldName":"0F:[p:bool] [ACAT.Lib.Core.Utility.Preferences, Core].AutoSaveScannerScaleFactor"},"Expression":{"$type":"[SST:Expressions.Simple.ConstantValueExpression]","Value":"true"}},{"$type":"[SST:Statements.Assignment]","Reference":{"$type":"[SST:References.FieldReference]","Reference":{"$type":"[SST:References.VariableReference]","Identifier":"this"},"FieldName":"0F:[p:bool] [ACAT.Lib.Core.Utility.Preferences, Core].ScanDisabledElements"},"Expression":{"$type":"[SST:Expressions.Simple.ConstantValueExpression]","Value":"true"}},{"$type":"[SST:Statements.Assignment]","Reference":{"$type":"[SST:References.FieldReference]","Reference":{"$type":"[SST:References.VariableReference]","Identifier":"this"},"FieldName":"0F:[e:ACAT.Lib.Core.Utility.Windows+WindowPosition, Core] [ACAT.Lib.Core.Utility.Preferences, Core].ScannerPosition"},"Expression":{"$type":"[SST:Expressions.Simple.ReferenceExpression]","Reference":{"$type":"[SST:References.FieldReference]","Reference":{"$type":"[SST:References.VariableReference]","Identifier":""},"FieldName":"0F:static [e:ACAT.Lib.Core.Utility.Windows+WindowPosition, Core] [e:ACAT.Lib.Core.Utility.Windows+WindowPosition, Core].MiddleRight"}}},{"$type":"[SST:Statements.Assignment]","Reference":{"$type":"[SST:References.FieldReference]","Reference":{"$type":"[SST:References.VariableReference]","Identifier":"this"},"FieldName":"0F:[p:string] [ACAT.Lib.Core.Utility.Preferences, Core].PreferredPanelConfigNames"},"Expression":{"$type":"[SST:Expressions.Simple.ConstantValueExpression]"}},{"$type":"[SST:Statements.Assignment]","Reference":{"$type":"[SST:References.FieldReference]","Reference":{"$type":"[SST:References.VariableReference]","Identifier":"this"},"FieldName":"0F:[p:int] [ACAT.Lib.Core.Utility.Preferences, Core].AcceptTime"},"Expression":{"$type":"[SST:Expressions.Simple.ConstantValueExpression]"}},{"$type":"[SST:Statements.Assignment]","Reference":{"$type":"[SST:References.FieldReference]","Reference":{"$type":"[SST:References.VariableReference]","Identifier":"this"},"FieldName":"0F:[p:bool] [ACAT.Lib.Core.Utility.Preferences, Core].EnableGlass"},"Expression":{"$type":"[SST:Expressions.Simple.ConstantValueExpression]","Value":"true"}},{"$type":"[SST:Statements.Assignment]","Reference":{"$type":"[SST:References.FieldReference]","Reference":{"$type":"[SST:References.VariableReference]","Identifier":"this"},"FieldName":"0F:[p:float] [ACAT.Lib.Core.Utility.Preferences, Core].GlassOpacity"},"Expression":{"$type":"[SST:Expressions.Simple.ConstantValueExpression]"}},{"$type":"[SST:Statements.Assignment]","Reference":{"$type":"[SST:References.FieldReference]","Reference":{"$type":"[SST:References.VariableReference]","Identifier":"this"},"FieldName":"0F:[p:bool] [ACAT.Lib.Core.Utility.Preferences, Core].GlassFadeIn"},"Expression":{"$type":"[SST:Expressions.Simple.ConstantValueExpression]","Value":"false"}},{"$type":"[SST:Statements.Assignment]","Reference":{"$type":"[SST:References.FieldReference]","Reference":{"$type":"[SST:References.VariableReference]","Identifier":"this"},"FieldName":"0F:[p:int] [ACAT.Lib.Core.Utility.Preferences, Core].SpacesAfterPunctuation"},"Expression":{"$type":"[SST:Expressions.Simple.ConstantValueExpression]","Value":"1"}},{"$type":"[SST:Statements.Assignment]","Reference":{"$type":"[SST:References.FieldReference]","Reference":{"$type":"[SST:References.VariableReference]","Identifier":"this"},"FieldName":"0F:[p:bool] [ACAT.Lib.Core.Utility.Preferences, Core].HideWindowsTaskBar"},"Expression":{"$type":"[SST:Expressions.Simple.ConstantValueExpression]","Value":"false"}},{"$type":"[SST:Statements.Assignment]","Reference":{"$type":"[SST:References.FieldReference]","Reference":{"$type":"[SST:References.VariableReference]","Identifier":"this"},"FieldName":"0F:[p:bool] [ACAT.Lib.Core.Utility.Preferences, Core].HideScannerOnIdle"},"Expression":{"$type":"[SST:Expressions.Simple.ConstantValueExpression]","Value":"false"}},{"$type":"[SST:Statements.Assignment]","Reference":{"$type":"[SST:References.FieldReference]","Reference":{"$type":"[SST:References.VariableReference]","Identifier":"this"},"FieldName":"0F:[p:int] [ACAT.Lib.Core.Utility.Preferences, Core].HideOnIdleTimeout"},"Expression":{"$type":"[SST:Expressions.Simple.ConstantValueExpression]"}},{"$type":"[SST:Statements.Assignment]","Reference":{"$type":"[SST:References.FieldReference]","Reference":{"$type":"[SST:References.VariableReference]","Identifier":"this"},"FieldName":"0F:[p:bool] [ACAT.Lib.Core.Utility.Preferences, Core].ExpandAbbreviationsOnSeparator"},"Expression":{"$type":"[SST:Expressions.Simple.ConstantValueExpression]","Value":"false"}},{"$type":"[SST:Statements.Assignment]","Reference":{"$type":"[SST:References.FieldReference]","Reference":{"$type":"[SST:References.VariableReference]","Identifier":"this"},"FieldName":"0F:[p:bool] [ACAT.Lib.Core.Utility.Preferences, Core].DebugLogMessagesToFile"},"Expression":{"$type":"[SST:Expressions.Simple.ConstantValueExpression]","Value":"false"}},{"$type":"[SST:Statements.Assignment]","Reference":{"$type":"[SST:References.FieldReference]","Reference":{"$type":"[SST:References.VariableReference]","Identifier":"this"},"FieldName":"0F:[p:bool] [ACAT.Lib.Core.Utility.Preferences, Core].DebugMessagesEnable"},"Expression":{"$type":"[SST:Expressions.Simple.ConstantValueExpression]","Value":"false"}},{"$type":"[SST:Statements.Assignment]","Reference":{"$type":"[SST:References.FieldReference]","Reference":{"$type":"[SST:References.VariableReference]","Identifier":"this"},"FieldName":"0F:[p:bool] [ACAT.Lib.Core.Utility.Preferences, Core].DebugAssertOnError"},"Expression":{"$type":"[SST:Expressions.Simple.ConstantValueExpression]","Value":"false"}},{"$type":"[SST:Statements.Assignment]","Reference":{"$type":"[SST:References.FieldReference]","Reference":{"$type":"[SST:References.VariableReference]","Identifier":"this"},"FieldName":"0F:[p:bool] [ACAT.Lib.Core.Utility.Preferences, Core].AuditLogEnable"},"Expression":{"$type":"[SST:Expressions.Simple.ConstantValueExpression]","Value":"false"}},{"$type":"[SST:Statements.Assignment]","Reference":{"$type":"[SST:References.FieldReference]","Reference":{"$type":"[SST:References.VariableReference]","Identifier":"this"},"FieldName":"0F:[p:string] [ACAT.Lib.Core.Utility.Preferences, Core].AuditLogFilter"},"Expression":{"$type":"[SST:Expressions.Simple.ConstantValueExpression]"}},{"$type":"[SST:Statements.Assignment]","Reference":{"$type":"[SST:References.FieldReference]","Reference":{"$type":"[SST:References.VariableReference]","Identifier":"this"},"FieldName":"0F:[p:bool] [ACAT.Lib.Core.Utility.Preferences, Core].RetainTalkWindowContentsOnHide"},"Expression":{"$type":"[SST:Expressions.Simple.ConstantValueExpression]","Value":"true"}},{"$type":"[SST:Statements.Assignment]","Reference":{"$type":"[SST:References.FieldReference]","Reference":{"$type":"[SST:References.VariableReference]","Identifier":"this"},"FieldName":"0F:[p:float] [ACAT.Lib.Core.Utility.Preferences, Core].TalkWindowFontSize"},"Expression":{"$type":"[SST:Expressions.Simple.ConstantValueExpression]"}},{"$type":"[SST:Statements.Assignment]","Reference":{"$type":"[SST:References.FieldReference]","Reference":{"$type":"[SST:References.VariableReference]","Identifier":"this"},"FieldName":"0F:[p:bool] [ACAT.Lib.Core.Utility.Preferences, Core].EnableTextToSpeech"},"Expression":{"$type":"[SST:Expressions.Simple.ConstantValueExpression]","Value":"true"}},{"$type":"[SST:Statements.Assignment]","Reference":{"$type":"[SST:References.FieldReference]","Reference":{"$type":"[SST:References.VariableReference]","Identifier":"this"},"FieldName":"0F:[p:string] [ACAT.Lib.Core.Utility.Preferences, Core].Extensions"},"Expression":{"$type":"[SST:Expressions.Simple.ConstantValueExpression]"}},{"$type":"[SST:Statements.Assignment]","Reference":{"$type":"[SST:References.FieldReference]","Reference":{"$type":"[SST:References.VariableReference]","Identifier":"this"},"FieldName":"0F:[p:string] [ACAT.Lib.Core.Utility.Preferences, Core].PreferredTTSEngines"},"Expression":{"$type":"[SST:Expressions.Simple.ConstantValueExpression]"}},{"$type":"[SST:Statements.Assignment]","Reference":{"$type":"[SST:References.FieldReference]","Reference":{"$type":"[SST:References.VariableReference]","Identifier":"this"},"FieldName":"0F:[p:string] [ACAT.Lib.Core.Utility.Preferences, Core].PreferredWordPredictor"},"Expression":{"$type":"[SST:Expressions.Simple.ConstantValueExpression]"}},{"$type":"[SST:Statements.Assignment]","Reference":{"$type":"[SST:References.FieldReference]","Reference":{"$type":"[SST:References.VariableReference]","Identifier":"this"},"FieldName":"0F:[p:string] [ACAT.Lib.Core.Utility.Preferences, Core].PreferredSpellChecker"},"Expression":{"$type":"[SST:Expressions.Simple.ConstantValueExpression]"}}]},{"$type":"[SST:Declarations.MethodDeclaration]","Name":"0M:[p:string] [ACAT.Lib.Core.Utility.Preferences, Core].toString()","IsEntryPoint":true,"Body":[{"$type":"[SST:Statements.VariableDeclaration]","Reference":{"$type":"[SST:References.VariableReference]","Identifier":"sb"},"Type":"0T:System.Text.StringBuilder, mscorlib, 4.0.0.0"},{"$type":"[SST:Statements.Assignment]","Reference":{"$type":"[SST:References.VariableReference]","Identifier":"sb"},"Expression":{"$type":"[SST:Expressions.Assignable.InvocationExpression]","Reference":{"$type":"[SST:References.VariableReference]","Identifier":""},"MethodName":"0M:[p:void] [System.Text.StringBuilder, mscorlib, 4.0.0.0]..ctor()","Parameters":[]}},{"$type":"[SST:Statements.ExpressionStatement]","Expression":{"$type":"[SST:Expressions.Assignable.InvocationExpression]","Reference":{"$type":"[SST:References.VariableReference]","Identifier":"sb"},"MethodName":"0M:[System.Text.StringBuilder, mscorlib, 4.0.0.0] [System.Text.StringBuilder, mscorlib, 4.0.0.0].Append([p:string] value)","Parameters":[{"$type":"[SST:Expressions.Simple.ConstantValueExpression]"}]}},{"$type":"[SST:Statements.VariableDeclaration]","Reference":{"$type":"[SST:References.VariableReference]","Identifier":"$0"},"Type":"0T:p:string"},{"$type":"[SST:Statements.Assignment]","Reference":{"$type":"[SST:References.VariableReference]","Identifier":"$0"},"Expression":{"$type":"[SST:Expressions.Assignable.InvocationExpression]","Reference":{"$type":"[SST:References.VariableReference]","Identifier":""},"MethodName":"0M:static [p:string] [ACAT.Lib.Core.Utility.XmlUtils, Core].XmlSerializeToString`1[[T -> ACAT.Lib.Core.Utility.Preferences, Core]]([T] obj)","Parameters":[{"$type":"[SST:Expressions.Simple.ReferenceExpression]","Reference":{"$type":"[SST:References.VariableReference]","Identifier":"this"}}]}},{"$type":"[SST:Statements.ExpressionStatement]","Expression":{"$type":"[SST:Expressions.Assignable.InvocationExpression]","Reference":{"$type":"[SST:References.VariableReference]","Identifier":"sb"},"MethodName":"0M:[System.Text.StringBuilder, mscorlib, 4.0.0.0] [System.Text.StringBuilder, mscorlib, 4.0.0.0].Append([p:string] value)","Parameters":[{"$type":"[SST:Expressions.Simple.ReferenceExpression]","Reference":{"$type":"[SST:References.VariableReference]","Identifier":"$0"}}]}},{"$type":"[SST:Statements.VariableDeclaration]","Reference":{"$type":"[SST:References.VariableReference]","Identifier":"$1"},"Type":"0T:p:string"},{"$type":"[SST:Statements.Assignment]","Reference":{"$type":"[SST:References.VariableReference]","Identifier":"$1"},"Expression":{"$type":"[SST:Expressions.Assignable.InvocationExpression]","Reference":{"$type":"[SST:References.VariableReference]","Identifier":"sb"},"MethodName":"0M:[p:string] [System.Text.StringBuilder, mscorlib, 4.0.0.0].ToString()","Parameters":[]}},{"$type":"[SST:Statements.ReturnStatement]","Expression":{"$type":"[SST:Expressions.Simple.ReferenceExpression]","Reference":{"$type":"[SST:References.VariableReference]","Identifier":"$1"}},"IsVoid":false}]},{"$type":"[SST:Declarations.MethodDeclaration]","Name":"0M:[p:int] [ACAT.Lib.Core.Utility.Preferences, Core].ResolveVariableInt([p:string] value, [p:int] defaultIfNull, [p:int] defaultValue)","IsEntryPoint":true,"Body":[{"$type":"[SST:Statements.VariableDeclaration]","Reference":{"$type":"[SST:References.VariableReference]","Identifier":"retVal"},"Type":"0T:p:int"},{"$type":"[SST:Statements.Assignment]","Reference":{"$type":"[SST:References.VariableReference]","Identifier":"retVal"},"Expression":{"$type":"[SST:Expressions.Simple.ReferenceExpression]","Reference":{"$type":"[SST:References.VariableReference]","Identifier":"defaultValue"}}},{"$type":"[SST:Statements.VariableDeclaration]","Reference":{"$type":"[SST:References.VariableReference]","Identifier":"$0"},"Type":"0T:p:bool"},{"$type":"[SST:Statements.Assignment]","Reference":{"$type":"[SST:References.VariableReference]","Identifier":"$0"},"Expression":{"$type":"[SST:Expressions.Assignable.InvocationExpression]","Reference":{"$type":"[SST:References.VariableReference]","Identifier":""},"MethodName":"0M:static [p:bool] [p:string].IsNullOrEmpty([p:string] value)","Parameters":[{"$type":"[SST:Expressions.Simple.ReferenceExpression]","Reference":{"$type":"[SST:References.VariableReference]","Identifier":"value"}}]}},{"$type":"[SST:Blocks.IfElseBlock]","Condition":{"$type":"[SST:Expressions.Simple.ReferenceExpression]","Reference":{"$type":"[SST:References.VariableReference]","Identifier":"$0"}},"Then":[{"$type":"[SST:Statements.ReturnStatement]","Expression":{"$type":"[SST:Expressions.Simple.ReferenceExpression]","Reference":{"$type":"[SST:References.VariableReference]","Identifier":"defaultIfNull"}},"IsVoid":false}],"Else":[]},{"$type":"[SST:Statements.VariableDeclaration]","Reference":{"$type":"[SST:References.VariableReference]","Identifier":"$1"},"Type":"0T:p:char"},{"$type":"[SST:Statements.Assignment]","Reference":{"$type":"[SST:References.VariableReference]","Identifier":"$1"},"Expression":{"$type":"[SST:Expressions.Assignable.IndexAccessExpression]","Reference":{"$type":"[SST:References.VariableReference]","Identifier":"value"},"Indices":[{"$type":"[SST:Expressions.Simple.ConstantValueExpression]","Value":"0"}]}},{"$type":"[SST:Statements.VariableDeclaration]","Reference":{"$type":"[SST:References.VariableReference]","Identifier":"$2"},"Type":"0T:p:bool"},{"$type":"[SST:Statements.Assignment]","Reference":{"$type":"[SST:References.VariableReference]","Identifier":"$2"},"Expression":{"$type":"[SST:Expressions.Assignable.BinaryExpression]","LeftOperand":{"$type":"[SST:Expressions.Simple.ReferenceExpression]","Reference":{"$type":"[SST:References.VariableReference]","Identifier":"$1"}},"Operator":6,"RightOperand":{"$type":"[SST:Expressions.Simple.ConstantValueExpression]"}}},{"$type":"[SST:Blocks.IfElseBlock]","Condition":{"$type":"[SST:Expressions.Simple.ReferenceExpression]","Reference":{"$type":"[SST:References.VariableReference]","Identifier":"$2"}},"Then":[{"$type":"[SST:Blocks.TryBlock]","Body":[{"$type":"[SST:Statements.Assignment]","Reference":{"$type":"[SST:References.VariableReference]","Identifier":"retVal"},"Expression":{"$type":"[SST:Expressions.Assignable.InvocationExpression]","Reference":{"$type":"[SST:References.VariableReference]","Identifier":""},"MethodName":"0M:static [p:int] [System.Convert, mscorlib, 4.0.0.0].ToInt32([p:string] value)","Parameters":[{"$type":"[SST:Expressions.Simple.ReferenceExpression]","Reference":{"$type":"[SST:References.VariableReference]","Identifier":"value"}}]}}],"CatchBlocks":[{"$type":"[SST:Blocks.CatchBlock]","Kind":2,"Parameter":"0Param:[?] ???","Body":[{"$type":"[SST:Statements.Assignment]","Reference":{"$type":"[SST:References.VariableReference]","Identifier":"retVal"},"Expression":{"$type":"[SST:Expressions.Simple.ReferenceExpression]","Reference":{"$type":"[SST:References.VariableReference]","Identifier":"defaultValue"}}}]}],"Finally":[]},{"$type":"[SST:Statements.ReturnStatement]","Expression":{"$type":"[SST:Expressions.Simple.ReferenceExpression]","Reference":{"$type":"[SST:References.VariableReference]","Identifier":"retVal"}},"IsVoid":false}],"Else":[]},{"$type":"[SST:Statements.VariableDeclaration]","Reference":{"$type":"[SST:References.VariableReference]","Identifier":"$3"},"Type":"0T:p:int"},{"$type":"[SST:Statements.Assignment]","Reference":{"$type":"[SST:References.VariableReference]","Identifier":"$3"},"Expression":{"$type":"[SST:Expressions.Assignable.InvocationExpression]","Reference":{"$type":"[SST:References.VariableReference]","Identifier":"this"},"MethodName":"0M:[p:int] [ACAT.Lib.Core.Utility.Preferences, Core].resolveVariableInt([p:string] variableName, [p:int] defaultValue)","Parameters":[{"$type":"[SST:Expressions.Simple.ReferenceExpression]","Reference":{"$type":"[SST:References.VariableReference]","Identifier":"value"}},{"$type":"[SST:Expressions.Simple.ReferenceExpression]","Reference":{"$type":"[SST:References.VariableReference]","Identifier":"defaultValue"}}]}},{"$type":"[SST:Statements.ReturnStatement]","Expression":{"$type":"[SST:Expressions.Simple.ReferenceExpression]","Reference":{"$type":"[SST:References.VariableReference]","Identifier":"$3"}},"IsVoid":false}]},{"$type":"[SST:Declarations.MethodDeclaration]","Name":"0M:[p:int] [ACAT.Lib.Core.Utility.Preferences, Core].resolveVariableInt([p:string] variableName, [p:int] defaultValue)","IsEntryPoint":false,"Body":[{"$type":"[SST:Statements.VariableDeclaration]","Reference":{"$type":"[SST:References.VariableReference]","Identifier":"retVal"},"Type":"0T:p:int"},{"$type":"[SST:Statements.Assignment]","Reference":{"$type":"[SST:References.VariableReference]","Identifier":"retVal"},"Expression":{"$type":"[SST:Expressions.Simple.ReferenceExpression]","Reference":{"$type":"[SST:References.VariableReference]","Identifier":"defaultValue"}}},{"$type":"[SST:Blocks.SwitchBlock]","Reference":{"$type":"[SST:References.VariableReference]","Identifier":"variableName"},"Sections":[{"$type":"[SST:Blocks.CaseBlock]","Label":{"$type":"[SST:Expressions.Simple.ConstantValueExpression]"},"Body":[{"$type":"[SST:Statements.Assignment]","Reference":{"$type":"[SST:References.VariableReference]","Identifier":"retVal"},"Expression":{"$type":"[SST:Expressions.Simple.ReferenceExpression]","Reference":{"$type":"[SST:References.FieldReference]","Reference":{"$type":"[SST:References.VariableReference]","Identifier":"this"},"FieldName":"0F:[p:int] [ACAT.Lib.Core.Utility.Preferences, Core].AcceptTime"}}},{"$type":"[SST:Statements.BreakStatement]"}]},{"$type":"[SST:Blocks.CaseBlock]","Label":{"$type":"[SST:Expressions.Simple.ConstantValueExpression]"},"Body":[{"$type":"[SST:Statements.Assignment]","Reference":{"$type":"[SST:References.VariableReference]","Identifier":"retVal"},"Expression":{"$type":"[SST:Expressions.Simple.ReferenceExpression]","Reference":{"$type":"[SST:References.FieldReference]","Reference":{"$type":"[SST:References.VariableReference]","Identifier":"this"},"FieldName":"0F:[p:int] [ACAT.Lib.Core.Utility.Preferences, Core].AcceptTime"}}},{"$type":"[SST:Statements.BreakStatement]"}]},{"$type":"[SST:Blocks.CaseBlock]","Label":{"$type":"[SST:Expressions.Simple.ConstantValueExpression]"},"Body":[{"$type":"[SST:Statements.Assignment]","Reference":{"$type":"[SST:References.VariableReference]","Identifier":"retVal"},"Expression":{"$type":"[SST:Expressions.Simple.ReferenceExpression]","Reference":{"$type":"[SST:References.FieldReference]","Reference":{"$type":"[SST:References.VariableReference]","Identifier":"this"},"FieldName":"0F:[p:int] [ACAT.Lib.Core.Utility.Preferences, Core].FontSize"}}},{"$type":"[SST:Statements.BreakStatement]"}]}],"DefaultSection":[]},{"$type":"[SST:Statements.ReturnStatement]","Expression":{"$type":"[SST:Expressions.Simple.ReferenceExpression]","Reference":{"$type":"[SST:References.VariableReference]","Identifier":"retVal"}},"IsVoid":false}]}],"Events":[],"Delegates":[]}}