{"$type":"KaVE.Commons.Model.Events.CompletionEvents.Context, KaVE.Commons","TypeShape":{"$type":"KaVE.Commons.Model.TypeShapes.TypeShape, KaVE.Commons","TypeHierarchy":{"$type":"KaVE.Commons.Model.TypeShapes.TypeHierarchy, KaVE.Commons","Element":"0T:e:ACAT.Lib.Core.Utility.SyncLock+StatusValues, Core","Implements":[]},"NestedTypes":[],"Delegates":[],"EventHierarchies":[],"Fields":["0F:[e:ACAT.Lib.Core.Utility.SyncLock+StatusValues, Core] [e:ACAT.Lib.Core.Utility.SyncLock+StatusValues, Core].None","0F:[e:ACAT.Lib.Core.Utility.SyncLock+StatusValues, Core] [e:ACAT.Lib.Core.Utility.SyncLock+StatusValues, Core].Closing","0F:[e:ACAT.Lib.Core.Utility.SyncLock+StatusValues, Core] [e:ACAT.Lib.Core.Utility.SyncLock+StatusValues, Core].Closed"],"MethodHierarchies":[],"PropertyHierarchies":[]},"SST":{"$type":"[SST:SST]","EnclosingType":"0T:e:ACAT.Lib.Core.Utility.SyncLock+StatusValues, Core","Fields":[{"$type":"[SST:Declarations.FieldDeclaration]","Name":"0F:[e:ACAT.Lib.Core.Utility.SyncLock+StatusValues, Core] [e:ACAT.Lib.Core.Utility.SyncLock+StatusValues, Core].None"},{"$type":"[SST:Declarations.FieldDeclaration]","Name":"0F:[e:ACAT.Lib.Core.Utility.SyncLock+StatusValues, Core] [e:ACAT.Lib.Core.Utility.SyncLock+StatusValues, Core].Closing"},{"$type":"[SST:Declarations.FieldDeclaration]","Name":"0F:[e:ACAT.Lib.Core.Utility.SyncLock+StatusValues, Core] [e:ACAT.Lib.Core.Utility.SyncLock+StatusValues, Core].Closed"}],"Properties":[],"Methods":[],"Events":[],"Delegates":[]}}