{"$type":"KaVE.Commons.Model.Events.CompletionEvents.Context, KaVE.Commons","TypeShape":{"$type":"KaVE.Commons.Model.TypeShapes.TypeShape, KaVE.Commons","TypeHierarchy":{"$type":"KaVE.Commons.Model.TypeShapes.TypeHierarchy, KaVE.Commons","Element":"0T:e:ACAT.Lib.Core.Utility.TimerQueue+Flag, Core","Implements":[]},"NestedTypes":[],"Delegates":[],"EventHierarchies":[],"Fields":["0F:[e:ACAT.Lib.Core.Utility.TimerQueue+Flag, Core] [e:ACAT.Lib.Core.Utility.TimerQueue+Flag, Core].WT_EXECUTEDEFAULT","0F:[e:ACAT.Lib.Core.Utility.TimerQueue+Flag, Core] [e:ACAT.Lib.Core.Utility.TimerQueue+Flag, Core].WT_EXECUTEINIOTHREAD","0F:[e:ACAT.Lib.Core.Utility.TimerQueue+Flag, Core] [e:ACAT.Lib.Core.Utility.TimerQueue+Flag, Core].WT_EXECUTEONLYONCE","0F:[e:ACAT.Lib.Core.Utility.TimerQueue+Flag, Core] [e:ACAT.Lib.Core.Utility.TimerQueue+Flag, Core].WT_EXECUTELONGFUNCTION","0F:[e:ACAT.Lib.Core.Utility.TimerQueue+Flag, Core] [e:ACAT.Lib.Core.Utility.TimerQueue+Flag, Core].WT_EXECUTEINTIMERTHREAD","0F:[e:ACAT.Lib.Core.Utility.TimerQueue+Flag, Core] [e:ACAT.Lib.Core.Utility.TimerQueue+Flag, Core].WT_EXECUTEINPERSISTENTTHREAD"],"MethodHierarchies":[],"PropertyHierarchies":[]},"SST":{"$type":"[SST:SST]","EnclosingType":"0T:e:ACAT.Lib.Core.Utility.TimerQueue+Flag, Core","Fields":[{"$type":"[SST:Declarations.FieldDeclaration]","Name":"0F:[e:ACAT.Lib.Core.Utility.TimerQueue+Flag, Core] [e:ACAT.Lib.Core.Utility.TimerQueue+Flag, Core].WT_EXECUTEDEFAULT"},{"$type":"[SST:Declarations.FieldDeclaration]","Name":"0F:[e:ACAT.Lib.Core.Utility.TimerQueue+Flag, Core] [e:ACAT.Lib.Core.Utility.TimerQueue+Flag, Core].WT_EXECUTEINIOTHREAD"},{"$type":"[SST:Declarations.FieldDeclaration]","Name":"0F:[e:ACAT.Lib.Core.Utility.TimerQueue+Flag, Core] [e:ACAT.Lib.Core.Utility.TimerQueue+Flag, Core].WT_EXECUTEONLYONCE"},{"$type":"[SST:Declarations.FieldDeclaration]","Name":"0F:[e:ACAT.Lib.Core.Utility.TimerQueue+Flag, Core] [e:ACAT.Lib.Core.Utility.TimerQueue+Flag, Core].WT_EXECUTELONGFUNCTION"},{"$type":"[SST:Declarations.FieldDeclaration]","Name":"0F:[e:ACAT.Lib.Core.Utility.TimerQueue+Flag, Core] [e:ACAT.Lib.Core.Utility.TimerQueue+Flag, Core].WT_EXECUTEINTIMERTHREAD"},{"$type":"[SST:Declarations.FieldDeclaration]","Name":"0F:[e:ACAT.Lib.Core.Utility.TimerQueue+Flag, Core] [e:ACAT.Lib.Core.Utility.TimerQueue+Flag, Core].WT_EXECUTEINPERSISTENTTHREAD"}],"Properties":[],"Methods":[],"Events":[],"Delegates":[]}}