{"$type":"KaVE.Commons.Model.Events.CompletionEvents.Context, KaVE.Commons","TypeShape":{"$type":"KaVE.Commons.Model.TypeShapes.TypeShape, KaVE.Commons","TypeHierarchy":{"$type":"KaVE.Commons.Model.TypeShapes.TypeHierarchy, KaVE.Commons","Element":"0T:e:ACAT.Lib.Core.Utility.User32Interop+MouseEventFlags, Core","Implements":[]},"NestedTypes":[],"Delegates":[],"EventHierarchies":[],"Fields":["0F:[e:ACAT.Lib.Core.Utility.User32Interop+MouseEventFlags, Core] [e:ACAT.Lib.Core.Utility.User32Interop+MouseEventFlags, Core].MOUSEEVENTF_MOVE","0F:[e:ACAT.Lib.Core.Utility.User32Interop+MouseEventFlags, Core] [e:ACAT.Lib.Core.Utility.User32Interop+MouseEventFlags, Core].MOUSEEVENTF_LEFTDOWN","0F:[e:ACAT.Lib.Core.Utility.User32Interop+MouseEventFlags, Core] [e:ACAT.Lib.Core.Utility.User32Interop+MouseEventFlags, Core].MOUSEEVENTF_LEFTUP","0F:[e:ACAT.Lib.Core.Utility.User32Interop+MouseEventFlags, Core] [e:ACAT.Lib.Core.Utility.User32Interop+MouseEventFlags, Core].MOUSEEVENTF_RIGHTDOWN","0F:[e:ACAT.Lib.Core.Utility.User32Interop+MouseEventFlags, Core] [e:ACAT.Lib.Core.Utility.User32Interop+MouseEventFlags, Core].MOUSEEVENTF_RIGHTUP","0F:[e:ACAT.Lib.Core.Utility.User32Interop+MouseEventFlags, Core] [e:ACAT.Lib.Core.Utility.User32Interop+MouseEventFlags, Core].MOUSEEVENTF_MIDDLEDOWN","0F:[e:ACAT.Lib.Core.Utility.User32Interop+MouseEventFlags, Core] [e:ACAT.Lib.Core.Utility.User32Interop+MouseEventFlags, Core].MOUSEEVENTF_MIDDLEUP","0F:[e:ACAT.Lib.Core.Utility.User32Interop+MouseEventFlags, Core] [e:ACAT.Lib.Core.Utility.User32Interop+MouseEventFlags, Core].MOUSEEVENTF_XDOWN","0F:[e:ACAT.Lib.Core.Utility.User32Interop+MouseEventFlags, Core] [e:ACAT.Lib.Core.Utility.User32Interop+MouseEventFlags, Core].MOUSEEVENTF_XUP","0F:[e:ACAT.Lib.Core.Utility.User32Interop+MouseEventFlags, Core] [e:ACAT.Lib.Core.Utility.User32Interop+MouseEventFlags, Core].MOUSEEVENTF_WHEEL","0F:[e:ACAT.Lib.Core.Utility.User32Interop+MouseEventFlags, Core] [e:ACAT.Lib.Core.Utility.User32Interop+MouseEventFlags, Core].MOUSEEVENTF_VIRTUALDESK","0F:[e:ACAT.Lib.Core.Utility.User32Interop+MouseEventFlags, Core] [e:ACAT.Lib.Core.Utility.User32Interop+MouseEventFlags, Core].MOUSEEVENTF_ABSOLUTE"],"MethodHierarchies":[],"PropertyHierarchies":[]},"SST":{"$type":"[SST:SST]","EnclosingType":"0T:e:ACAT.Lib.Core.Utility.User32Interop+MouseEventFlags, Core","Fields":[{"$type":"[SST:Declarations.FieldDeclaration]","Name":"0F:[e:ACAT.Lib.Core.Utility.User32Interop+MouseEventFlags, Core] [e:ACAT.Lib.Core.Utility.User32Interop+MouseEventFlags, Core].MOUSEEVENTF_MOVE"},{"$type":"[SST:Declarations.FieldDeclaration]","Name":"0F:[e:ACAT.Lib.Core.Utility.User32Interop+MouseEventFlags, Core] [e:ACAT.Lib.Core.Utility.User32Interop+MouseEventFlags, Core].MOUSEEVENTF_LEFTDOWN"},{"$type":"[SST:Declarations.FieldDeclaration]","Name":"0F:[e:ACAT.Lib.Core.Utility.User32Interop+MouseEventFlags, Core] [e:ACAT.Lib.Core.Utility.User32Interop+MouseEventFlags, Core].MOUSEEVENTF_LEFTUP"},{"$type":"[SST:Declarations.FieldDeclaration]","Name":"0F:[e:ACAT.Lib.Core.Utility.User32Interop+MouseEventFlags, Core] [e:ACAT.Lib.Core.Utility.User32Interop+MouseEventFlags, Core].MOUSEEVENTF_RIGHTDOWN"},{"$type":"[SST:Declarations.FieldDeclaration]","Name":"0F:[e:ACAT.Lib.Core.Utility.User32Interop+MouseEventFlags, Core] [e:ACAT.Lib.Core.Utility.User32Interop+MouseEventFlags, Core].MOUSEEVENTF_RIGHTUP"},{"$type":"[SST:Declarations.FieldDeclaration]","Name":"0F:[e:ACAT.Lib.Core.Utility.User32Interop+MouseEventFlags, Core] [e:ACAT.Lib.Core.Utility.User32Interop+MouseEventFlags, Core].MOUSEEVENTF_MIDDLEDOWN"},{"$type":"[SST:Declarations.FieldDeclaration]","Name":"0F:[e:ACAT.Lib.Core.Utility.User32Interop+MouseEventFlags, Core] [e:ACAT.Lib.Core.Utility.User32Interop+MouseEventFlags, Core].MOUSEEVENTF_MIDDLEUP"},{"$type":"[SST:Declarations.FieldDeclaration]","Name":"0F:[e:ACAT.Lib.Core.Utility.User32Interop+MouseEventFlags, Core] [e:ACAT.Lib.Core.Utility.User32Interop+MouseEventFlags, Core].MOUSEEVENTF_XDOWN"},{"$type":"[SST:Declarations.FieldDeclaration]","Name":"0F:[e:ACAT.Lib.Core.Utility.User32Interop+MouseEventFlags, Core] [e:ACAT.Lib.Core.Utility.User32Interop+MouseEventFlags, Core].MOUSEEVENTF_XUP"},{"$type":"[SST:Declarations.FieldDeclaration]","Name":"0F:[e:ACAT.Lib.Core.Utility.User32Interop+MouseEventFlags, Core] [e:ACAT.Lib.Core.Utility.User32Interop+MouseEventFlags, Core].MOUSEEVENTF_WHEEL"},{"$type":"[SST:Declarations.FieldDeclaration]","Name":"0F:[e:ACAT.Lib.Core.Utility.User32Interop+MouseEventFlags, Core] [e:ACAT.Lib.Core.Utility.User32Interop+MouseEventFlags, Core].MOUSEEVENTF_VIRTUALDESK"},{"$type":"[SST:Declarations.FieldDeclaration]","Name":"0F:[e:ACAT.Lib.Core.Utility.User32Interop+MouseEventFlags, Core] [e:ACAT.Lib.Core.Utility.User32Interop+MouseEventFlags, Core].MOUSEEVENTF_ABSOLUTE"}],"Properties":[],"Methods":[],"Events":[],"Delegates":[]}}