{"$type":"KaVE.Commons.Model.Events.CompletionEvents.Context, KaVE.Commons","TypeShape":{"$type":"KaVE.Commons.Model.TypeShapes.TypeShape, KaVE.Commons","TypeHierarchy":{"$type":"KaVE.Commons.Model.TypeShapes.TypeHierarchy, KaVE.Commons","Element":"0T:s:ACAT.Lib.Core.Utility.User32Interop+INPUT, Core","Implements":[]},"NestedTypes":[],"Delegates":[],"EventHierarchies":[],"Fields":["0F:[e:ACAT.Lib.Core.Utility.User32Interop+SendInputEventType, Core] [s:ACAT.Lib.Core.Utility.User32Interop+INPUT, Core].type","0F:[s:ACAT.Lib.Core.Utility.User32Interop+MouseKeybdhardwareInputUnion, Core] [s:ACAT.Lib.Core.Utility.User32Interop+INPUT, Core].mkhi"],"MethodHierarchies":[],"PropertyHierarchies":[]},"SST":{"$type":"[SST:SST]","EnclosingType":"0T:s:ACAT.Lib.Core.Utility.User32Interop+INPUT, Core","Fields":[{"$type":"[SST:Declarations.FieldDeclaration]","Name":"0F:[e:ACAT.Lib.Core.Utility.User32Interop+SendInputEventType, Core] [s:ACAT.Lib.Core.Utility.User32Interop+INPUT, Core].type"},{"$type":"[SST:Declarations.FieldDeclaration]","Name":"0F:[s:ACAT.Lib.Core.Utility.User32Interop+MouseKeybdhardwareInputUnion, Core] [s:ACAT.Lib.Core.Utility.User32Interop+INPUT, Core].mkhi"}],"Properties":[],"Methods":[],"Events":[],"Delegates":[]}}