{"$type":"KaVE.Commons.Model.Events.CompletionEvents.Context, KaVE.Commons","TypeShape":{"$type":"KaVE.Commons.Model.TypeShapes.TypeShape, KaVE.Commons","TypeHierarchy":{"$type":"KaVE.Commons.Model.TypeShapes.TypeHierarchy, KaVE.Commons","Element":"0T:s:ACAT.Lib.Core.Utility.User32Interop+KEYBDINPUT, Core","Implements":[]},"NestedTypes":[],"Delegates":[],"EventHierarchies":[],"Fields":["0F:[p:ushort] [s:ACAT.Lib.Core.Utility.User32Interop+KEYBDINPUT, Core].wVk","0F:[p:ushort] [s:ACAT.Lib.Core.Utility.User32Interop+KEYBDINPUT, Core].wScan","0F:[p:uint] [s:ACAT.Lib.Core.Utility.User32Interop+KEYBDINPUT, Core].dwFlags","0F:[p:uint] [s:ACAT.Lib.Core.Utility.User32Interop+KEYBDINPUT, Core].time","0F:[s:System.IntPtr, mscorlib, 4.0.0.0] [s:ACAT.Lib.Core.Utility.User32Interop+KEYBDINPUT, Core].dwExtraInfo"],"MethodHierarchies":[],"PropertyHierarchies":[]},"SST":{"$type":"[SST:SST]","EnclosingType":"0T:s:ACAT.Lib.Core.Utility.User32Interop+KEYBDINPUT, Core","Fields":[{"$type":"[SST:Declarations.FieldDeclaration]","Name":"0F:[p:ushort] [s:ACAT.Lib.Core.Utility.User32Interop+KEYBDINPUT, Core].wVk"},{"$type":"[SST:Declarations.FieldDeclaration]","Name":"0F:[p:ushort] [s:ACAT.Lib.Core.Utility.User32Interop+KEYBDINPUT, Core].wScan"},{"$type":"[SST:Declarations.FieldDeclaration]","Name":"0F:[p:uint] [s:ACAT.Lib.Core.Utility.User32Interop+KEYBDINPUT, Core].dwFlags"},{"$type":"[SST:Declarations.FieldDeclaration]","Name":"0F:[p:uint] [s:ACAT.Lib.Core.Utility.User32Interop+KEYBDINPUT, Core].time"},{"$type":"[SST:Declarations.FieldDeclaration]","Name":"0F:[s:System.IntPtr, mscorlib, 4.0.0.0] [s:ACAT.Lib.Core.Utility.User32Interop+KEYBDINPUT, Core].dwExtraInfo"}],"Properties":[],"Methods":[],"Events":[],"Delegates":[]}}