{"$type":"KaVE.Commons.Model.Events.CompletionEvents.Context, KaVE.Commons","TypeShape":{"$type":"KaVE.Commons.Model.TypeShapes.TypeShape, KaVE.Commons","TypeHierarchy":{"$type":"KaVE.Commons.Model.TypeShapes.TypeHierarchy, KaVE.Commons","Element":"0T:s:ACAT.Lib.Core.Utility.User32Interop+HARDWAREINPUT, Core","Implements":[]},"NestedTypes":[],"Delegates":[],"EventHierarchies":[],"Fields":["0F:[p:int] [s:ACAT.Lib.Core.Utility.User32Interop+HARDWAREINPUT, Core].uMsg","0F:[p:short] [s:ACAT.Lib.Core.Utility.User32Interop+HARDWAREINPUT, Core].wParamL","0F:[p:short] [s:ACAT.Lib.Core.Utility.User32Interop+HARDWAREINPUT, Core].wParamH"],"MethodHierarchies":[],"PropertyHierarchies":[]},"SST":{"$type":"[SST:SST]","EnclosingType":"0T:s:ACAT.Lib.Core.Utility.User32Interop+HARDWAREINPUT, Core","Fields":[{"$type":"[SST:Declarations.FieldDeclaration]","Name":"0F:[p:int] [s:ACAT.Lib.Core.Utility.User32Interop+HARDWAREINPUT, Core].uMsg"},{"$type":"[SST:Declarations.FieldDeclaration]","Name":"0F:[p:short] [s:ACAT.Lib.Core.Utility.User32Interop+HARDWAREINPUT, Core].wParamL"},{"$type":"[SST:Declarations.FieldDeclaration]","Name":"0F:[p:short] [s:ACAT.Lib.Core.Utility.User32Interop+HARDWAREINPUT, Core].wParamH"}],"Properties":[],"Methods":[],"Events":[],"Delegates":[]}}