{"$type":"KaVE.Commons.Model.Events.CompletionEvents.Context, KaVE.Commons","TypeShape":{"$type":"KaVE.Commons.Model.TypeShapes.TypeShape, KaVE.Commons","TypeHierarchy":{"$type":"KaVE.Commons.Model.TypeShapes.TypeHierarchy, KaVE.Commons","Element":"0T:s:ACAT.Lib.Core.Utility.User32Interop+WINDOWPLACEMENT, Core","Implements":[]},"NestedTypes":[],"Delegates":[],"EventHierarchies":[],"Fields":["0F:[p:int] [s:ACAT.Lib.Core.Utility.User32Interop+WINDOWPLACEMENT, Core].length","0F:[p:int] [s:ACAT.Lib.Core.Utility.User32Interop+WINDOWPLACEMENT, Core].flags","0F:[p:int] [s:ACAT.Lib.Core.Utility.User32Interop+WINDOWPLACEMENT, Core].showCmd","0F:[s:System.Drawing.Point, System.Drawing, 4.0.0.0] [s:ACAT.Lib.Core.Utility.User32Interop+WINDOWPLACEMENT, Core].ptMinPosition","0F:[s:System.Drawing.Point, System.Drawing, 4.0.0.0] [s:ACAT.Lib.Core.Utility.User32Interop+WINDOWPLACEMENT, Core].ptMaxPosition","0F:[s:System.Drawing.Rectangle, System.Drawing, 4.0.0.0] [s:ACAT.Lib.Core.Utility.User32Interop+WINDOWPLACEMENT, Core].rcNormalPosition"],"MethodHierarchies":[],"PropertyHierarchies":[]},"SST":{"$type":"[SST:SST]","EnclosingType":"0T:s:ACAT.Lib.Core.Utility.User32Interop+WINDOWPLACEMENT, Core","Fields":[{"$type":"[SST:Declarations.FieldDeclaration]","Name":"0F:[p:int] [s:ACAT.Lib.Core.Utility.User32Interop+WINDOWPLACEMENT, Core].length"},{"$type":"[SST:Declarations.FieldDeclaration]","Name":"0F:[p:int] [s:ACAT.Lib.Core.Utility.User32Interop+WINDOWPLACEMENT, Core].flags"},{"$type":"[SST:Declarations.FieldDeclaration]","Name":"0F:[p:int] [s:ACAT.Lib.Core.Utility.User32Interop+WINDOWPLACEMENT, Core].showCmd"},{"$type":"[SST:Declarations.FieldDeclaration]","Name":"0F:[s:System.Drawing.Point, System.Drawing, 4.0.0.0] [s:ACAT.Lib.Core.Utility.User32Interop+WINDOWPLACEMENT, Core].ptMinPosition"},{"$type":"[SST:Declarations.FieldDeclaration]","Name":"0F:[s:System.Drawing.Point, System.Drawing, 4.0.0.0] [s:ACAT.Lib.Core.Utility.User32Interop+WINDOWPLACEMENT, Core].ptMaxPosition"},{"$type":"[SST:Declarations.FieldDeclaration]","Name":"0F:[s:System.Drawing.Rectangle, System.Drawing, 4.0.0.0] [s:ACAT.Lib.Core.Utility.User32Interop+WINDOWPLACEMENT, Core].rcNormalPosition"}],"Properties":[],"Methods":[],"Events":[],"Delegates":[]}}