{"$type":"KaVE.Commons.Model.Events.CompletionEvents.Context, KaVE.Commons","TypeShape":{"$type":"KaVE.Commons.Model.TypeShapes.TypeShape, KaVE.Commons","TypeHierarchy":{"$type":"KaVE.Commons.Model.TypeShapes.TypeHierarchy, KaVE.Commons","Element":"0T:d:[p:void] [ACAT.Lib.Core.Utility.WindowActivityMonitor+ActivityMonitorDelegate, Core].([ACAT.Lib.Core.Utility.WindowActivityMonitorInfo, Core] monitorInfo)","Extends":{"$type":"KaVE.Commons.Model.TypeShapes.TypeHierarchy, KaVE.Commons","Element":"0T:System.MulticastDelegate, mscorlib, 4.0.0.0","Extends":{"$type":"KaVE.Commons.Model.TypeShapes.TypeHierarchy, KaVE.Commons","Element":"0T:System.Delegate, mscorlib, 4.0.0.0","Implements":[{"$type":"KaVE.Commons.Model.TypeShapes.TypeHierarchy, KaVE.Commons","Element":"0T:i:System.ICloneable, mscorlib, 4.0.0.0","Implements":[]},{"$type":"KaVE.Commons.Model.TypeShapes.TypeHierarchy, KaVE.Commons","Element":"0T:i:System.Runtime.Serialization.ISerializable, mscorlib, 4.0.0.0","Implements":[]}]},"Implements":[]},"Implements":[]},"NestedTypes":[],"Delegates":[],"EventHierarchies":[],"Fields":[],"MethodHierarchies":[{"$type":"KaVE.Commons.Model.TypeShapes.MethodHierarchy, KaVE.Commons","Element":"0M:[i:System.IAsyncResult, mscorlib, 4.0.0.0] [d:[p:void] [ACAT.Lib.Core.Utility.WindowActivityMonitor+ActivityMonitorDelegate, Core].([ACAT.Lib.Core.Utility.WindowActivityMonitorInfo, Core] monitorInfo)].BeginInvoke([ACAT.Lib.Core.Utility.WindowActivityMonitorInfo, Core] monitorInfo, [d:[p:void] [System.AsyncCallback, mscorlib, 4.0.0.0].([i:System.IAsyncResult, mscorlib, 4.0.0.0] ar)] callback, [p:object] state)"},{"$type":"KaVE.Commons.Model.TypeShapes.MethodHierarchy, KaVE.Commons","Element":"0M:[p:void] [d:[p:void] [ACAT.Lib.Core.Utility.WindowActivityMonitor+ActivityMonitorDelegate, Core].([ACAT.Lib.Core.Utility.WindowActivityMonitorInfo, Core] monitorInfo)].Invoke([ACAT.Lib.Core.Utility.WindowActivityMonitorInfo, Core] monitorInfo)"},{"$type":"KaVE.Commons.Model.TypeShapes.MethodHierarchy, KaVE.Commons","Element":"0M:[p:void] [d:[p:void] [ACAT.Lib.Core.Utility.WindowActivityMonitor+ActivityMonitorDelegate, Core].([ACAT.Lib.Core.Utility.WindowActivityMonitorInfo, Core] monitorInfo)].EndInvoke([i:System.IAsyncResult, mscorlib, 4.0.0.0] result)"}],"PropertyHierarchies":[]},"SST":{"$type":"[SST:SST]","EnclosingType":"0T:d:[p:void] [ACAT.Lib.Core.Utility.WindowActivityMonitor+ActivityMonitorDelegate, Core].([ACAT.Lib.Core.Utility.WindowActivityMonitorInfo, Core] monitorInfo)","Fields":[],"Properties":[],"Methods":[],"Events":[],"Delegates":[{"$type":"[SST:Declarations.DelegateDeclaration]","Name":"0T:d:[p:void] [ACAT.Lib.Core.Utility.WindowActivityMonitor+ActivityMonitorDelegate, Core].([ACAT.Lib.Core.Utility.WindowActivityMonitorInfo, Core] monitorInfo)"}]}}