{"$type":"KaVE.Commons.Model.Events.CompletionEvents.Context, KaVE.Commons","TypeShape":{"$type":"KaVE.Commons.Model.TypeShapes.TypeShape, KaVE.Commons","TypeHierarchy":{"$type":"KaVE.Commons.Model.TypeShapes.TypeHierarchy, KaVE.Commons","Element":"0T:e:ACAT.Lib.Core.Utility.Windows+WindowPosition, Core","Implements":[]},"NestedTypes":[],"Delegates":[],"EventHierarchies":[],"Fields":["0F:[e:ACAT.Lib.Core.Utility.Windows+WindowPosition, Core] [e:ACAT.Lib.Core.Utility.Windows+WindowPosition, Core].TopRight","0F:[e:ACAT.Lib.Core.Utility.Windows+WindowPosition, Core] [e:ACAT.Lib.Core.Utility.Windows+WindowPosition, Core].TopLeft","0F:[e:ACAT.Lib.Core.Utility.Windows+WindowPosition, Core] [e:ACAT.Lib.Core.Utility.Windows+WindowPosition, Core].BottomRight","0F:[e:ACAT.Lib.Core.Utility.Windows+WindowPosition, Core] [e:ACAT.Lib.Core.Utility.Windows+WindowPosition, Core].BottomLeft","0F:[e:ACAT.Lib.Core.Utility.Windows+WindowPosition, Core] [e:ACAT.Lib.Core.Utility.Windows+WindowPosition, Core].CenterScreen","0F:[e:ACAT.Lib.Core.Utility.Windows+WindowPosition, Core] [e:ACAT.Lib.Core.Utility.Windows+WindowPosition, Core].MiddleRight","0F:[e:ACAT.Lib.Core.Utility.Windows+WindowPosition, Core] [e:ACAT.Lib.Core.Utility.Windows+WindowPosition, Core].MiddleLeft"],"MethodHierarchies":[],"PropertyHierarchies":[]},"SST":{"$type":"[SST:SST]","EnclosingType":"0T:e:ACAT.Lib.Core.Utility.Windows+WindowPosition, Core","Fields":[{"$type":"[SST:Declarations.FieldDeclaration]","Name":"0F:[e:ACAT.Lib.Core.Utility.Windows+WindowPosition, Core] [e:ACAT.Lib.Core.Utility.Windows+WindowPosition, Core].TopRight"},{"$type":"[SST:Declarations.FieldDeclaration]","Name":"0F:[e:ACAT.Lib.Core.Utility.Windows+WindowPosition, Core] [e:ACAT.Lib.Core.Utility.Windows+WindowPosition, Core].TopLeft"},{"$type":"[SST:Declarations.FieldDeclaration]","Name":"0F:[e:ACAT.Lib.Core.Utility.Windows+WindowPosition, Core] [e:ACAT.Lib.Core.Utility.Windows+WindowPosition, Core].BottomRight"},{"$type":"[SST:Declarations.FieldDeclaration]","Name":"0F:[e:ACAT.Lib.Core.Utility.Windows+WindowPosition, Core] [e:ACAT.Lib.Core.Utility.Windows+WindowPosition, Core].BottomLeft"},{"$type":"[SST:Declarations.FieldDeclaration]","Name":"0F:[e:ACAT.Lib.Core.Utility.Windows+WindowPosition, Core] [e:ACAT.Lib.Core.Utility.Windows+WindowPosition, Core].CenterScreen"},{"$type":"[SST:Declarations.FieldDeclaration]","Name":"0F:[e:ACAT.Lib.Core.Utility.Windows+WindowPosition, Core] [e:ACAT.Lib.Core.Utility.Windows+WindowPosition, Core].MiddleRight"},{"$type":"[SST:Declarations.FieldDeclaration]","Name":"0F:[e:ACAT.Lib.Core.Utility.Windows+WindowPosition, Core] [e:ACAT.Lib.Core.Utility.Windows+WindowPosition, Core].MiddleLeft"}],"Properties":[],"Methods":[],"Events":[],"Delegates":[]}}