{"$type":"KaVE.Commons.Model.Events.CompletionEvents.Context, KaVE.Commons","TypeShape":{"$type":"KaVE.Commons.Model.TypeShapes.TypeShape, KaVE.Commons","TypeHierarchy":{"$type":"KaVE.Commons.Model.TypeShapes.TypeHierarchy, KaVE.Commons","Element":"0T:e:ACAT.Lib.Core.Utility.Windows+WindowsVersion, Core","Implements":[]},"NestedTypes":[],"Delegates":[],"EventHierarchies":[],"Fields":["0F:[e:ACAT.Lib.Core.Utility.Windows+WindowsVersion, Core] [e:ACAT.Lib.Core.Utility.Windows+WindowsVersion, Core].Unknown","0F:[e:ACAT.Lib.Core.Utility.Windows+WindowsVersion, Core] [e:ACAT.Lib.Core.Utility.Windows+WindowsVersion, Core].Win7","0F:[e:ACAT.Lib.Core.Utility.Windows+WindowsVersion, Core] [e:ACAT.Lib.Core.Utility.Windows+WindowsVersion, Core].Win8","0F:[e:ACAT.Lib.Core.Utility.Windows+WindowsVersion, Core] [e:ACAT.Lib.Core.Utility.Windows+WindowsVersion, Core].Win10"],"MethodHierarchies":[],"PropertyHierarchies":[]},"SST":{"$type":"[SST:SST]","EnclosingType":"0T:e:ACAT.Lib.Core.Utility.Windows+WindowsVersion, Core","Fields":[{"$type":"[SST:Declarations.FieldDeclaration]","Name":"0F:[e:ACAT.Lib.Core.Utility.Windows+WindowsVersion, Core] [e:ACAT.Lib.Core.Utility.Windows+WindowsVersion, Core].Unknown"},{"$type":"[SST:Declarations.FieldDeclaration]","Name":"0F:[e:ACAT.Lib.Core.Utility.Windows+WindowsVersion, Core] [e:ACAT.Lib.Core.Utility.Windows+WindowsVersion, Core].Win7"},{"$type":"[SST:Declarations.FieldDeclaration]","Name":"0F:[e:ACAT.Lib.Core.Utility.Windows+WindowsVersion, Core] [e:ACAT.Lib.Core.Utility.Windows+WindowsVersion, Core].Win8"},{"$type":"[SST:Declarations.FieldDeclaration]","Name":"0F:[e:ACAT.Lib.Core.Utility.Windows+WindowsVersion, Core] [e:ACAT.Lib.Core.Utility.Windows+WindowsVersion, Core].Win10"}],"Properties":[],"Methods":[],"Events":[],"Delegates":[]}}