{"$type":"KaVE.Commons.Model.Events.CompletionEvents.Context, KaVE.Commons","TypeShape":{"$type":"KaVE.Commons.Model.TypeShapes.TypeShape, KaVE.Commons","TypeHierarchy":{"$type":"KaVE.Commons.Model.TypeShapes.TypeHierarchy, KaVE.Commons","Element":"0T:s:ACAT.Lib.Core.Utility.Windows+WindowStyleFlags, Core","Implements":[]},"NestedTypes":[],"Delegates":[],"EventHierarchies":[],"Fields":["0F:static [p:uint] [s:ACAT.Lib.Core.Utility.Windows+WindowStyleFlags, Core].WS_BORDER","0F:static [p:uint] [s:ACAT.Lib.Core.Utility.Windows+WindowStyleFlags, Core].WS_CAPTION","0F:static [p:uint] [s:ACAT.Lib.Core.Utility.Windows+WindowStyleFlags, Core].WS_CHILD","0F:static [p:uint] [s:ACAT.Lib.Core.Utility.Windows+WindowStyleFlags, Core].WS_CLIPCHILDREN","0F:static [p:uint] [s:ACAT.Lib.Core.Utility.Windows+WindowStyleFlags, Core].WS_CLIPSIBLINGS","0F:static [p:uint] [s:ACAT.Lib.Core.Utility.Windows+WindowStyleFlags, Core].WS_DISABLED","0F:static [p:uint] [s:ACAT.Lib.Core.Utility.Windows+WindowStyleFlags, Core].WS_DLGFRAME","0F:static [p:int] [s:ACAT.Lib.Core.Utility.Windows+WindowStyleFlags, Core].WS_EX_COMPOSITED","0F:static [p:int] [s:ACAT.Lib.Core.Utility.Windows+WindowStyleFlags, Core].WS_EX_NOACTIVATE","0F:static [p:uint] [s:ACAT.Lib.Core.Utility.Windows+WindowStyleFlags, Core].WS_GROUP","0F:static [p:uint] [s:ACAT.Lib.Core.Utility.Windows+WindowStyleFlags, Core].WS_HSCROLL","0F:static [p:uint] [s:ACAT.Lib.Core.Utility.Windows+WindowStyleFlags, Core].WS_MAXIMIZE","0F:static [p:uint] [s:ACAT.Lib.Core.Utility.Windows+WindowStyleFlags, Core].WS_MAXIMIZEBOX","0F:static [p:uint] [s:ACAT.Lib.Core.Utility.Windows+WindowStyleFlags, Core].WS_MINIMIZE","0F:static [p:uint] [s:ACAT.Lib.Core.Utility.Windows+WindowStyleFlags, Core].WS_MINIMIZEBOX","0F:static [p:uint] [s:ACAT.Lib.Core.Utility.Windows+WindowStyleFlags, Core].WS_OVERLAPPED","0F:static [p:uint] [s:ACAT.Lib.Core.Utility.Windows+WindowStyleFlags, Core].WS_POPUP","0F:static [p:uint] [s:ACAT.Lib.Core.Utility.Windows+WindowStyleFlags, Core].WS_SYSMENU","0F:static [p:uint] [s:ACAT.Lib.Core.Utility.Windows+WindowStyleFlags, Core].WS_TABSTOP","0F:static [p:uint] [s:ACAT.Lib.Core.Utility.Windows+WindowStyleFlags, Core].WS_THICKFRAME","0F:static [p:uint] [s:ACAT.Lib.Core.Utility.Windows+WindowStyleFlags, Core].WS_VISIBLE","0F:static [p:uint] [s:ACAT.Lib.Core.Utility.Windows+WindowStyleFlags, Core].WS_VSCROLL"],"MethodHierarchies":[],"PropertyHierarchies":[]},"SST":{"$type":"[SST:SST]","EnclosingType":"0T:s:ACAT.Lib.Core.Utility.Windows+WindowStyleFlags, Core","Fields":[{"$type":"[SST:Declarations.FieldDeclaration]","Name":"0F:static [p:uint] [s:ACAT.Lib.Core.Utility.Windows+WindowStyleFlags, Core].WS_BORDER"},{"$type":"[SST:Declarations.FieldDeclaration]","Name":"0F:static [p:uint] [s:ACAT.Lib.Core.Utility.Windows+WindowStyleFlags, Core].WS_CAPTION"},{"$type":"[SST:Declarations.FieldDeclaration]","Name":"0F:static [p:uint] [s:ACAT.Lib.Core.Utility.Windows+WindowStyleFlags, Core].WS_CHILD"},{"$type":"[SST:Declarations.FieldDeclaration]","Name":"0F:static [p:uint] [s:ACAT.Lib.Core.Utility.Windows+WindowStyleFlags, Core].WS_CLIPCHILDREN"},{"$type":"[SST:Declarations.FieldDeclaration]","Name":"0F:static [p:uint] [s:ACAT.Lib.Core.Utility.Windows+WindowStyleFlags, Core].WS_CLIPSIBLINGS"},{"$type":"[SST:Declarations.FieldDeclaration]","Name":"0F:static [p:uint] [s:ACAT.Lib.Core.Utility.Windows+WindowStyleFlags, Core].WS_DISABLED"},{"$type":"[SST:Declarations.FieldDeclaration]","Name":"0F:static [p:uint] [s:ACAT.Lib.Core.Utility.Windows+WindowStyleFlags, Core].WS_DLGFRAME"},{"$type":"[SST:Declarations.FieldDeclaration]","Name":"0F:static [p:int] [s:ACAT.Lib.Core.Utility.Windows+WindowStyleFlags, Core].WS_EX_COMPOSITED"},{"$type":"[SST:Declarations.FieldDeclaration]","Name":"0F:static [p:int] [s:ACAT.Lib.Core.Utility.Windows+WindowStyleFlags, Core].WS_EX_NOACTIVATE"},{"$type":"[SST:Declarations.FieldDeclaration]","Name":"0F:static [p:uint] [s:ACAT.Lib.Core.Utility.Windows+WindowStyleFlags, Core].WS_GROUP"},{"$type":"[SST:Declarations.FieldDeclaration]","Name":"0F:static [p:uint] [s:ACAT.Lib.Core.Utility.Windows+WindowStyleFlags, Core].WS_HSCROLL"},{"$type":"[SST:Declarations.FieldDeclaration]","Name":"0F:static [p:uint] [s:ACAT.Lib.Core.Utility.Windows+WindowStyleFlags, Core].WS_MAXIMIZE"},{"$type":"[SST:Declarations.FieldDeclaration]","Name":"0F:static [p:uint] [s:ACAT.Lib.Core.Utility.Windows+WindowStyleFlags, Core].WS_MAXIMIZEBOX"},{"$type":"[SST:Declarations.FieldDeclaration]","Name":"0F:static [p:uint] [s:ACAT.Lib.Core.Utility.Windows+WindowStyleFlags, Core].WS_MINIMIZE"},{"$type":"[SST:Declarations.FieldDeclaration]","Name":"0F:static [p:uint] [s:ACAT.Lib.Core.Utility.Windows+WindowStyleFlags, Core].WS_MINIMIZEBOX"},{"$type":"[SST:Declarations.FieldDeclaration]","Name":"0F:static [p:uint] [s:ACAT.Lib.Core.Utility.Windows+WindowStyleFlags, Core].WS_OVERLAPPED"},{"$type":"[SST:Declarations.FieldDeclaration]","Name":"0F:static [p:uint] [s:ACAT.Lib.Core.Utility.Windows+WindowStyleFlags, Core].WS_POPUP"},{"$type":"[SST:Declarations.FieldDeclaration]","Name":"0F:static [p:uint] [s:ACAT.Lib.Core.Utility.Windows+WindowStyleFlags, Core].WS_SYSMENU"},{"$type":"[SST:Declarations.FieldDeclaration]","Name":"0F:static [p:uint] [s:ACAT.Lib.Core.Utility.Windows+WindowStyleFlags, Core].WS_TABSTOP"},{"$type":"[SST:Declarations.FieldDeclaration]","Name":"0F:static [p:uint] [s:ACAT.Lib.Core.Utility.Windows+WindowStyleFlags, Core].WS_THICKFRAME"},{"$type":"[SST:Declarations.FieldDeclaration]","Name":"0F:static [p:uint] [s:ACAT.Lib.Core.Utility.Windows+WindowStyleFlags, Core].WS_VISIBLE"},{"$type":"[SST:Declarations.FieldDeclaration]","Name":"0F:static [p:uint] [s:ACAT.Lib.Core.Utility.Windows+WindowStyleFlags, Core].WS_VSCROLL"}],"Properties":[],"Methods":[],"Events":[],"Delegates":[]}}