{"$type":"KaVE.Commons.Model.Events.CompletionEvents.Context, KaVE.Commons","TypeShape":{"$type":"KaVE.Commons.Model.TypeShapes.TypeShape, KaVE.Commons","TypeHierarchy":{"$type":"KaVE.Commons.Model.TypeShapes.TypeHierarchy, KaVE.Commons","Element":"0T:i:ACAT.Lib.Core.WidgetManagement.IButtonWidget, Core","Implements":[]},"NestedTypes":[],"Delegates":[],"EventHierarchies":[],"Fields":[],"MethodHierarchies":[{"$type":"KaVE.Commons.Model.TypeShapes.MethodHierarchy, KaVE.Commons","Element":"0M:[ACAT.Lib.Core.WidgetManagement.WidgetAttribute, Core] [i:ACAT.Lib.Core.WidgetManagement.IButtonWidget, Core].GetWidgetAttribute()"},{"$type":"KaVE.Commons.Model.TypeShapes.MethodHierarchy, KaVE.Commons","Element":"0M:[p:void] [i:ACAT.Lib.Core.WidgetManagement.IButtonWidget, Core].SetWidgetAttribute([ACAT.Lib.Core.WidgetManagement.WidgetAttribute, Core] attr)"}],"PropertyHierarchies":[]},"SST":{"$type":"[SST:SST]","EnclosingType":"0T:i:ACAT.Lib.Core.WidgetManagement.IButtonWidget, Core","Fields":[],"Properties":[],"Methods":[{"$type":"[SST:Declarations.MethodDeclaration]","Name":"0M:[ACAT.Lib.Core.WidgetManagement.WidgetAttribute, Core] [i:ACAT.Lib.Core.WidgetManagement.IButtonWidget, Core].GetWidgetAttribute()","IsEntryPoint":false,"Body":[]},{"$type":"[SST:Declarations.MethodDeclaration]","Name":"0M:[p:void] [i:ACAT.Lib.Core.WidgetManagement.IButtonWidget, Core].SetWidgetAttribute([ACAT.Lib.Core.WidgetManagement.WidgetAttribute, Core] attr)","IsEntryPoint":false,"Body":[]}],"Events":[],"Delegates":[]}}