{"$type":"KaVE.Commons.Model.Events.CompletionEvents.Context, KaVE.Commons","TypeShape":{"$type":"KaVE.Commons.Model.TypeShapes.TypeShape, KaVE.Commons","TypeHierarchy":{"$type":"KaVE.Commons.Model.TypeShapes.TypeHierarchy, KaVE.Commons","Element":"0T:e:ACAT.Lib.Core.WidgetManagement.Widget+EnabledStates, Core","Implements":[]},"NestedTypes":[],"Delegates":[],"EventHierarchies":[],"Fields":["0F:[e:ACAT.Lib.Core.WidgetManagement.Widget+EnabledStates, Core] [e:ACAT.Lib.Core.WidgetManagement.Widget+EnabledStates, Core].Enabled","0F:[e:ACAT.Lib.Core.WidgetManagement.Widget+EnabledStates, Core] [e:ACAT.Lib.Core.WidgetManagement.Widget+EnabledStates, Core].Disabled","0F:[e:ACAT.Lib.Core.WidgetManagement.Widget+EnabledStates, Core] [e:ACAT.Lib.Core.WidgetManagement.Widget+EnabledStates, Core].Contextual"],"MethodHierarchies":[],"PropertyHierarchies":[]},"SST":{"$type":"[SST:SST]","EnclosingType":"0T:e:ACAT.Lib.Core.WidgetManagement.Widget+EnabledStates, Core","Fields":[{"$type":"[SST:Declarations.FieldDeclaration]","Name":"0F:[e:ACAT.Lib.Core.WidgetManagement.Widget+EnabledStates, Core] [e:ACAT.Lib.Core.WidgetManagement.Widget+EnabledStates, Core].Enabled"},{"$type":"[SST:Declarations.FieldDeclaration]","Name":"0F:[e:ACAT.Lib.Core.WidgetManagement.Widget+EnabledStates, Core] [e:ACAT.Lib.Core.WidgetManagement.Widget+EnabledStates, Core].Disabled"},{"$type":"[SST:Declarations.FieldDeclaration]","Name":"0F:[e:ACAT.Lib.Core.WidgetManagement.Widget+EnabledStates, Core] [e:ACAT.Lib.Core.WidgetManagement.Widget+EnabledStates, Core].Contextual"}],"Properties":[],"Methods":[],"Events":[],"Delegates":[]}}