{"$type":"KaVE.Commons.Model.Events.CompletionEvents.Context, KaVE.Commons","TypeShape":{"$type":"KaVE.Commons.Model.TypeShapes.TypeShape, KaVE.Commons","TypeHierarchy":{"$type":"KaVE.Commons.Model.TypeShapes.TypeHierarchy, KaVE.Commons","Element":"0T:ACAT.Lib.Core.Widgets.ButtonControlWidget, Core","Extends":{"$type":"KaVE.Commons.Model.TypeShapes.TypeHierarchy, KaVE.Commons","Element":"0T:ACAT.Lib.Core.Widgets.ButtonWidgetBase, Core","Extends":{"$type":"KaVE.Commons.Model.TypeShapes.TypeHierarchy, KaVE.Commons","Element":"0T:ACAT.Lib.Core.WidgetManagement.Widget, Core","Implements":[{"$type":"KaVE.Commons.Model.TypeShapes.TypeHierarchy, KaVE.Commons","Element":"0T:i:System.IDisposable, mscorlib, 4.0.0.0","Implements":[]}]},"Implements":[{"$type":"KaVE.Commons.Model.TypeShapes.TypeHierarchy, KaVE.Commons","Element":"0T:i:ACAT.Lib.Core.WidgetManagement.IButtonWidget, Core","Implements":[]}]},"Implements":[]},"NestedTypes":[],"Delegates":[],"EventHierarchies":[],"Fields":["0F:[p:bool] [ACAT.Lib.Core.Widgets.ButtonControlWidget, Core]._disposed","0F:[System.Drawing.Font, System.Drawing, 4.0.0.0] [ACAT.Lib.Core.Widgets.ButtonControlWidget, Core]._font"],"MethodHierarchies":[{"$type":"KaVE.Commons.Model.TypeShapes.MethodHierarchy, KaVE.Commons","Element":"0M:[p:void] [ACAT.Lib.Core.Widgets.ButtonControlWidget, Core]..ctor([System.Windows.Forms.Control, System.Windows.Forms, 4.0.0.0] uiControl)"},{"$type":"KaVE.Commons.Model.TypeShapes.MethodHierarchy, KaVE.Commons","Element":"0M:[p:void] [ACAT.Lib.Core.Widgets.ButtonControlWidget, Core].SetWidgetAttribute([ACAT.Lib.Core.WidgetManagement.WidgetAttribute, Core] attribute)","Super":"0M:[p:void] [ACAT.Lib.Core.Widgets.ButtonWidgetBase, Core].SetWidgetAttribute([ACAT.Lib.Core.WidgetManagement.WidgetAttribute, Core] attr)","First":"0M:[p:void] [i:ACAT.Lib.Core.WidgetManagement.IButtonWidget, Core].SetWidgetAttribute([ACAT.Lib.Core.WidgetManagement.WidgetAttribute, Core] attr)"},{"$type":"KaVE.Commons.Model.TypeShapes.MethodHierarchy, KaVE.Commons","Element":"0M:[p:void] [ACAT.Lib.Core.Widgets.ButtonControlWidget, Core].Dispose([p:bool] disposing)","Super":"0M:[p:void] [ACAT.Lib.Core.Widgets.ButtonWidgetBase, Core].Dispose([p:bool] disposing)","First":"0M:[p:void] [ACAT.Lib.Core.WidgetManagement.Widget, Core].Dispose([p:bool] disposing)"},{"$type":"KaVE.Commons.Model.TypeShapes.MethodHierarchy, KaVE.Commons","Element":"0M:[p:void] [ACAT.Lib.Core.Widgets.ButtonControlWidget, Core].button_KeyPress([p:object] sender, [System.Windows.Forms.KeyPressEventArgs, System.Windows.Forms, 4.0.0.0] e)"},{"$type":"KaVE.Commons.Model.TypeShapes.MethodHierarchy, KaVE.Commons","Element":"0M:[p:void] [ACAT.Lib.Core.Widgets.ButtonControlWidget, Core].unInit()"}],"PropertyHierarchies":[]},"SST":{"$type":"[SST:SST]","EnclosingType":"0T:ACAT.Lib.Core.Widgets.ButtonControlWidget, Core","Fields":[{"$type":"[SST:Declarations.FieldDeclaration]","Name":"0F:[p:bool] [ACAT.Lib.Core.Widgets.ButtonControlWidget, Core]._disposed"},{"$type":"[SST:Declarations.FieldDeclaration]","Name":"0F:[System.Drawing.Font, System.Drawing, 4.0.0.0] [ACAT.Lib.Core.Widgets.ButtonControlWidget, Core]._font"}],"Properties":[],"Methods":[{"$type":"[SST:Declarations.MethodDeclaration]","Name":"0M:[p:void] [ACAT.Lib.Core.Widgets.ButtonControlWidget, Core]..ctor([System.Windows.Forms.Control, System.Windows.Forms, 4.0.0.0] uiControl)","IsEntryPoint":true,"Body":[{"$type":"[SST:Statements.ExpressionStatement]","Expression":{"$type":"[SST:Expressions.Assignable.InvocationExpression]","Reference":{"$type":"[SST:References.VariableReference]","Identifier":"base"},"MethodName":"0M:[p:void] [ACAT.Lib.Core.Widgets.ButtonWidgetBase, Core]..ctor([System.Windows.Forms.Control, System.Windows.Forms, 4.0.0.0] uiControl)","Parameters":[{"$type":"[SST:Expressions.Simple.ReferenceExpression]","Reference":{"$type":"[SST:References.VariableReference]","Identifier":"uiControl"}}]}},{"$type":"[SST:Statements.VariableDeclaration]","Reference":{"$type":"[SST:References.VariableReference]","Identifier":"$0"},"Type":"0T:p:bool"},{"$type":"[SST:Statements.Assignment]","Reference":{"$type":"[SST:References.VariableReference]","Identifier":"$0"},"Expression":{"$type":"[SST:Expressions.Assignable.TypeCheckExpression]","Reference":{"$type":"[SST:References.VariableReference]","Identifier":"uiControl"},"Type":"0T:System.Windows.Forms.Button, System.Windows.Forms, 4.0.0.0"}},{"$type":"[SST:Blocks.IfElseBlock]","Condition":{"$type":"[SST:Expressions.Simple.ReferenceExpression]","Reference":{"$type":"[SST:References.VariableReference]","Identifier":"$0"}},"Then":[{"$type":"[SST:Statements.VariableDeclaration]","Reference":{"$type":"[SST:References.VariableReference]","Identifier":"$1"},"Type":"0T:ACAT.Lib.Core.ThemeManagement.ThemeManager, Core"},{"$type":"[SST:Statements.Assignment]","Reference":{"$type":"[SST:References.VariableReference]","Identifier":"$1"},"Expression":{"$type":"[SST:Expressions.Simple.ReferenceExpression]","Reference":{"$type":"[SST:References.PropertyReference]","Reference":{"$type":"[SST:References.VariableReference]","Identifier":""},"PropertyName":"0P:get static [ACAT.Lib.Core.ThemeManagement.ThemeManager, Core] [ACAT.Lib.Core.ThemeManagement.ThemeManager, Core].Instance()"}}},{"$type":"[SST:Statements.VariableDeclaration]","Reference":{"$type":"[SST:References.VariableReference]","Identifier":"$2"},"Type":"0T:ACAT.Lib.Core.ThemeManagement.Theme, Core"},{"$type":"[SST:Statements.Assignment]","Reference":{"$type":"[SST:References.VariableReference]","Identifier":"$2"},"Expression":{"$type":"[SST:Expressions.Simple.ReferenceExpression]","Reference":{"$type":"[SST:References.PropertyReference]","Reference":{"$type":"[SST:References.VariableReference]","Identifier":"$1"},"PropertyName":"0P:get [ACAT.Lib.Core.ThemeManagement.Theme, Core] [ACAT.Lib.Core.ThemeManagement.ThemeManager, Core].ActiveTheme()"}}},{"$type":"[SST:Statements.VariableDeclaration]","Reference":{"$type":"[SST:References.VariableReference]","Identifier":"$3"},"Type":"0T:ACAT.Lib.Core.ThemeManagement.ColorSchemes, Core"},{"$type":"[SST:Statements.Assignment]","Reference":{"$type":"[SST:References.VariableReference]","Identifier":"$3"},"Expression":{"$type":"[SST:Expressions.Simple.ReferenceExpression]","Reference":{"$type":"[SST:References.PropertyReference]","Reference":{"$type":"[SST:References.VariableReference]","Identifier":"$2"},"PropertyName":"0P:set get [ACAT.Lib.Core.ThemeManagement.ColorSchemes, Core] [ACAT.Lib.Core.ThemeManagement.Theme, Core].Colors()"}}},{"$type":"[SST:Statements.Assignment]","Reference":{"$type":"[SST:References.PropertyReference]","Reference":{"$type":"[SST:References.VariableReference]","Identifier":"this"},"PropertyName":"0P:set get [ACAT.Lib.Core.ThemeManagement.ColorScheme, Core] [ACAT.Lib.Core.WidgetManagement.Widget, Core].Colors()"},"Expression":{"$type":"[SST:Expressions.Assignable.InvocationExpression]","Reference":{"$type":"[SST:References.VariableReference]","Identifier":"$3"},"MethodName":"0M:[ACAT.Lib.Core.ThemeManagement.ColorScheme, Core] [ACAT.Lib.Core.ThemeManagement.ColorSchemes, Core].GetColorScheme([p:string] scheme)","Parameters":[{"$type":"[SST:Expressions.Simple.ReferenceExpression]","Reference":{"$type":"[SST:References.FieldReference]","Reference":{"$type":"[SST:References.VariableReference]","Identifier":""},"FieldName":"0F:static [p:string] [ACAT.Lib.Core.ThemeManagement.ColorSchemes, Core].ButtonSchemeName"}}]}},{"$type":"[SST:Statements.VariableDeclaration]","Reference":{"$type":"[SST:References.VariableReference]","Identifier":"button"},"Type":"0T:System.Windows.Forms.Button, System.Windows.Forms, 4.0.0.0"},{"$type":"[SST:Statements.VariableDeclaration]","Reference":{"$type":"[SST:References.VariableReference]","Identifier":"$4"},"Type":"0T:System.Windows.Forms.Control, System.Windows.Forms, 4.0.0.0"},{"$type":"[SST:Statements.Assignment]","Reference":{"$type":"[SST:References.VariableReference]","Identifier":"$4"},"Expression":{"$type":"[SST:Expressions.Simple.ReferenceExpression]","Reference":{"$type":"[SST:References.PropertyReference]","Reference":{"$type":"[SST:References.VariableReference]","Identifier":"this"},"PropertyName":"0P:set get [System.Windows.Forms.Control, System.Windows.Forms, 4.0.0.0] [ACAT.Lib.Core.WidgetManagement.Widget, Core].UIControl()"}}},{"$type":"[SST:Statements.Assignment]","Reference":{"$type":"[SST:References.VariableReference]","Identifier":"button"},"Expression":{"$type":"[SST:Expressions.Assignable.CastExpression]","TargetType":"0T:System.Windows.Forms.Button, System.Windows.Forms, 4.0.0.0","Operator":0,"Reference":{"$type":"[SST:References.VariableReference]","Identifier":"$4"}}},{"$type":"[SST:Statements.VariableDeclaration]","Reference":{"$type":"[SST:References.VariableReference]","Identifier":"$5"},"Type":"0T:p:bool"},{"$type":"[SST:Statements.Assignment]","Reference":{"$type":"[SST:References.VariableReference]","Identifier":"$5"},"Expression":{"$type":"[SST:Expressions.Assignable.BinaryExpression]","LeftOperand":{"$type":"[SST:Expressions.Simple.ReferenceExpression]","Reference":{"$type":"[SST:References.VariableReference]","Identifier":"button"}},"Operator":6,"RightOperand":{"$type":"[SST:Expressions.Simple.ConstantValueExpression]","Value":"null"}}},{"$type":"[SST:Blocks.IfElseBlock]","Condition":{"$type":"[SST:Expressions.Simple.ReferenceExpression]","Reference":{"$type":"[SST:References.VariableReference]","Identifier":"$5"}},"Then":[{"$type":"[SST:Statements.EventSubscriptionStatement]","Reference":{"$type":"[SST:References.EventReference]","Reference":{"$type":"[SST:References.VariableReference]","Identifier":"button"},"EventName":"0E:[d:[p:void] [System.Windows.Forms.KeyPressEventHandler, System.Windows.Forms, 4.0.0.0].([p:object] sender, [System.Windows.Forms.KeyPressEventArgs, System.Windows.Forms, 4.0.0.0] e)] [System.Windows.Forms.Control, System.Windows.Forms, 4.0.0.0].KeyPress"},"Operation":0,"Expression":{"$type":"[SST:Expressions.Simple.ReferenceExpression]","Reference":{"$type":"[SST:References.MethodReference]","Reference":{"$type":"[SST:References.VariableReference]","Identifier":"this"},"MethodName":"0M:[p:void] [ACAT.Lib.Core.Widgets.ButtonControlWidget, Core].button_KeyPress([p:object] sender, [System.Windows.Forms.KeyPressEventArgs, System.Windows.Forms, 4.0.0.0] e)"}}}],"Else":[]}],"Else":[]}]},{"$type":"[SST:Declarations.MethodDeclaration]","Name":"0M:[p:void] [ACAT.Lib.Core.Widgets.ButtonControlWidget, Core].SetWidgetAttribute([ACAT.Lib.Core.WidgetManagement.WidgetAttribute, Core] attribute)","IsEntryPoint":true,"Body":[{"$type":"[SST:Statements.ExpressionStatement]","Expression":{"$type":"[SST:Expressions.Assignable.InvocationExpression]","Reference":{"$type":"[SST:References.VariableReference]","Identifier":"base"},"MethodName":"0M:[p:void] [ACAT.Lib.Core.Widgets.ButtonWidgetBase, Core].SetWidgetAttribute([ACAT.Lib.Core.WidgetManagement.WidgetAttribute, Core] attr)","Parameters":[{"$type":"[SST:Expressions.Simple.ReferenceExpression]","Reference":{"$type":"[SST:References.VariableReference]","Identifier":"attribute"}}]}},{"$type":"[SST:Statements.VariableDeclaration]","Reference":{"$type":"[SST:References.VariableReference]","Identifier":"fontFamily"},"Type":"0T:System.Drawing.FontFamily, System.Drawing, 4.0.0.0"},{"$type":"[SST:Statements.VariableDeclaration]","Reference":{"$type":"[SST:References.VariableReference]","Identifier":"$0"},"Type":"0T:ACAT.Lib.Core.PanelManagement.Fonts, Core"},{"$type":"[SST:Statements.Assignment]","Reference":{"$type":"[SST:References.VariableReference]","Identifier":"$0"},"Expression":{"$type":"[SST:Expressions.Simple.ReferenceExpression]","Reference":{"$type":"[SST:References.PropertyReference]","Reference":{"$type":"[SST:References.VariableReference]","Identifier":""},"PropertyName":"0P:get static [ACAT.Lib.Core.PanelManagement.Fonts, Core] [ACAT.Lib.Core.PanelManagement.Fonts, Core].Instance()"}}},{"$type":"[SST:Statements.Assignment]","Reference":{"$type":"[SST:References.VariableReference]","Identifier":"fontFamily"},"Expression":{"$type":"[SST:Expressions.Assignable.InvocationExpression]","Reference":{"$type":"[SST:References.VariableReference]","Identifier":"$0"},"MethodName":"0M:[System.Drawing.FontFamily, System.Drawing, 4.0.0.0] [ACAT.Lib.Core.PanelManagement.Fonts, Core].GetFontFamily([p:string[]] fontNames)","Parameters":[{"$type":"[SST:Expressions.Simple.UnknownExpression]"}]}},{"$type":"[SST:Statements.VariableDeclaration]","Reference":{"$type":"[SST:References.VariableReference]","Identifier":"$1"},"Type":"0T:p:bool"},{"$type":"[SST:Statements.Assignment]","Reference":{"$type":"[SST:References.VariableReference]","Identifier":"$1"},"Expression":{"$type":"[SST:Expressions.Assignable.BinaryExpression]","LeftOperand":{"$type":"[SST:Expressions.Simple.ReferenceExpression]","Reference":{"$type":"[SST:References.VariableReference]","Identifier":"fontFamily"}},"Operator":6,"RightOperand":{"$type":"[SST:Expressions.Simple.ConstantValueExpression]","Value":"null"}}},{"$type":"[SST:Blocks.IfElseBlock]","Condition":{"$type":"[SST:Expressions.Simple.ReferenceExpression]","Reference":{"$type":"[SST:References.VariableReference]","Identifier":"$1"}},"Then":[{"$type":"[SST:Statements.VariableDeclaration]","Reference":{"$type":"[SST:References.VariableReference]","Identifier":"$2"},"Type":"0T:ACAT.Lib.Core.WidgetManagement.WidgetAttribute, Core"},{"$type":"[SST:Statements.Assignment]","Reference":{"$type":"[SST:References.VariableReference]","Identifier":"$2"},"Expression":{"$type":"[SST:Expressions.Simple.ReferenceExpression]","Reference":{"$type":"[SST:References.FieldReference]","Reference":{"$type":"[SST:References.VariableReference]","Identifier":"this"},"FieldName":"0F:[ACAT.Lib.Core.WidgetManagement.WidgetAttribute, Core] [ACAT.Lib.Core.Widgets.ButtonWidgetBase, Core].widgetAttribute"}}},{"$type":"[SST:Statements.VariableDeclaration]","Reference":{"$type":"[SST:References.VariableReference]","Identifier":"$3"},"Type":"0T:ACAT.Lib.Core.WidgetManagement.WidgetAttribute, Core"},{"$type":"[SST:Statements.Assignment]","Reference":{"$type":"[SST:References.VariableReference]","Identifier":"$3"},"Expression":{"$type":"[SST:Expressions.Simple.ReferenceExpression]","Reference":{"$type":"[SST:References.FieldReference]","Reference":{"$type":"[SST:References.VariableReference]","Identifier":"this"},"FieldName":"0F:[ACAT.Lib.Core.WidgetManagement.WidgetAttribute, Core] [ACAT.Lib.Core.Widgets.ButtonWidgetBase, Core].widgetAttribute"}}},{"$type":"[SST:Statements.VariableDeclaration]","Reference":{"$type":"[SST:References.VariableReference]","Identifier":"$4"},"Type":"0T:e:System.Drawing.FontStyle, System.Drawing, 4.0.0.0"},{"$type":"[SST:Statements.Assignment]","Reference":{"$type":"[SST:References.VariableReference]","Identifier":"$4"},"Expression":{"$type":"[SST:Expressions.Assignable.IfElseExpression]","Condition":{"$type":"[SST:Expressions.Simple.ReferenceExpression]","Reference":{"$type":"[SST:References.PropertyReference]","Reference":{"$type":"[SST:References.VariableReference]","Identifier":"$3"},"PropertyName":"0P:set get [p:bool] [ACAT.Lib.Core.WidgetManagement.WidgetAttribute, Core].FontBold()"}},"ThenExpression":{"$type":"[SST:Expressions.Simple.ReferenceExpression]","Reference":{"$type":"[SST:References.FieldReference]","Reference":{"$type":"[SST:References.VariableReference]","Identifier":""},"FieldName":"0F:static [e:System.Drawing.FontStyle, System.Drawing, 4.0.0.0] [e:System.Drawing.FontStyle, System.Drawing, 4.0.0.0].Bold"}},"ElseExpression":{"$type":"[SST:Expressions.Simple.ReferenceExpression]","Reference":{"$type":"[SST:References.FieldReference]","Reference":{"$type":"[SST:References.VariableReference]","Identifier":""},"FieldName":"0F:static [e:System.Drawing.FontStyle, System.Drawing, 4.0.0.0] [e:System.Drawing.FontStyle, System.Drawing, 4.0.0.0].Regular"}}}},{"$type":"[SST:Statements.Assignment]","Reference":{"$type":"[SST:References.FieldReference]","Reference":{"$type":"[SST:References.VariableReference]","Identifier":"this"},"FieldName":"0F:[System.Drawing.Font, System.Drawing, 4.0.0.0] [ACAT.Lib.Core.Widgets.ButtonControlWidget, Core]._font"},"Expression":{"$type":"[SST:Expressions.Assignable.InvocationExpression]","Reference":{"$type":"[SST:References.VariableReference]","Identifier":""},"MethodName":"0M:[p:void] [System.Drawing.Font, System.Drawing, 4.0.0.0]..ctor([System.Drawing.FontFamily, System.Drawing, 4.0.0.0] family, [p:float] emSize, [e:System.Drawing.FontStyle, System.Drawing, 4.0.0.0] style)","Parameters":[{"$type":"[SST:Expressions.Simple.ReferenceExpression]","Reference":{"$type":"[SST:References.VariableReference]","Identifier":"fontFamily"}},{"$type":"[SST:Expressions.Simple.ReferenceExpression]","Reference":{"$type":"[SST:References.PropertyReference]","Reference":{"$type":"[SST:References.VariableReference]","Identifier":"$2"},"PropertyName":"0P:set get [p:int] [ACAT.Lib.Core.WidgetManagement.WidgetAttribute, Core].FontSize()"}},{"$type":"[SST:Expressions.Simple.ReferenceExpression]","Reference":{"$type":"[SST:References.VariableReference]","Identifier":"$4"}}]}},{"$type":"[SST:Statements.VariableDeclaration]","Reference":{"$type":"[SST:References.VariableReference]","Identifier":"$5"},"Type":"0T:System.Windows.Forms.Control, System.Windows.Forms, 4.0.0.0"},{"$type":"[SST:Statements.Assignment]","Reference":{"$type":"[SST:References.VariableReference]","Identifier":"$5"},"Expression":{"$type":"[SST:Expressions.Simple.ReferenceExpression]","Reference":{"$type":"[SST:References.PropertyReference]","Reference":{"$type":"[SST:References.VariableReference]","Identifier":"this"},"PropertyName":"0P:set get [System.Windows.Forms.Control, System.Windows.Forms, 4.0.0.0] [ACAT.Lib.Core.WidgetManagement.Widget, Core].UIControl()"}}},{"$type":"[SST:Statements.Assignment]","Reference":{"$type":"[SST:References.PropertyReference]","Reference":{"$type":"[SST:References.VariableReference]","Identifier":"$5"},"PropertyName":"0P:set get [System.Drawing.Font, System.Drawing, 4.0.0.0] [System.Windows.Forms.Control, System.Windows.Forms, 4.0.0.0].Font()"},"Expression":{"$type":"[SST:Expressions.Simple.ReferenceExpression]","Reference":{"$type":"[SST:References.FieldReference]","Reference":{"$type":"[SST:References.VariableReference]","Identifier":"this"},"FieldName":"0F:[System.Drawing.Font, System.Drawing, 4.0.0.0] [ACAT.Lib.Core.Widgets.ButtonControlWidget, Core]._font"}}}],"Else":[]},{"$type":"[SST:Statements.VariableDeclaration]","Reference":{"$type":"[SST:References.VariableReference]","Identifier":"$6"},"Type":"0T:ACAT.Lib.Core.WidgetManagement.WidgetAttribute, Core"},{"$type":"[SST:Statements.Assignment]","Reference":{"$type":"[SST:References.VariableReference]","Identifier":"$6"},"Expression":{"$type":"[SST:Expressions.Simple.ReferenceExpression]","Reference":{"$type":"[SST:References.FieldReference]","Reference":{"$type":"[SST:References.VariableReference]","Identifier":"this"},"FieldName":"0F:[ACAT.Lib.Core.WidgetManagement.WidgetAttribute, Core] [ACAT.Lib.Core.Widgets.ButtonWidgetBase, Core].widgetAttribute"}}},{"$type":"[SST:Statements.ExpressionStatement]","Expression":{"$type":"[SST:Expressions.Assignable.InvocationExpression]","Reference":{"$type":"[SST:References.VariableReference]","Identifier":"this"},"MethodName":"0M:[p:void] [ACAT.Lib.Core.WidgetManagement.Widget, Core].SetText([p:string] text)","Parameters":[{"$type":"[SST:Expressions.Simple.ReferenceExpression]","Reference":{"$type":"[SST:References.PropertyReference]","Reference":{"$type":"[SST:References.VariableReference]","Identifier":"$6"},"PropertyName":"0P:set get [p:string] [ACAT.Lib.Core.WidgetManagement.WidgetAttribute, Core].Label()"}}]}}]},{"$type":"[SST:Declarations.MethodDeclaration]","Name":"0M:[p:void] [ACAT.Lib.Core.Widgets.ButtonControlWidget, Core].Dispose([p:bool] disposing)","IsEntryPoint":true,"Body":[{"$type":"[SST:Statements.VariableDeclaration]","Reference":{"$type":"[SST:References.VariableReference]","Identifier":"$0"},"Type":"0T:p:bool"},{"$type":"[SST:Statements.Assignment]","Reference":{"$type":"[SST:References.VariableReference]","Identifier":"$0"},"Expression":{"$type":"[SST:Expressions.Assignable.UnaryExpression]","Operator":1,"Operand":{"$type":"[SST:Expressions.Simple.ReferenceExpression]","Reference":{"$type":"[SST:References.FieldReference]","Reference":{"$type":"[SST:References.VariableReference]","Identifier":"this"},"FieldName":"0F:[p:bool] [ACAT.Lib.Core.Widgets.ButtonControlWidget, Core]._disposed"}}}},{"$type":"[SST:Blocks.IfElseBlock]","Condition":{"$type":"[SST:Expressions.Simple.ReferenceExpression]","Reference":{"$type":"[SST:References.VariableReference]","Identifier":"$0"}},"Then":[{"$type":"[SST:Blocks.TryBlock]","Body":[{"$type":"[SST:Statements.ExpressionStatement]","Expression":{"$type":"[SST:Expressions.Assignable.InvocationExpression]","Reference":{"$type":"[SST:References.VariableReference]","Identifier":""},"MethodName":"0M:static [p:void] [ACAT.Lib.Core.Utility.Log, Core].Debug()","Parameters":[]}},{"$type":"[SST:Blocks.IfElseBlock]","Condition":{"$type":"[SST:Expressions.Simple.ReferenceExpression]","Reference":{"$type":"[SST:References.VariableReference]","Identifier":"disposing"}},"Then":[{"$type":"[SST:Statements.ExpressionStatement]","Expression":{"$type":"[SST:Expressions.Assignable.InvocationExpression]","Reference":{"$type":"[SST:References.VariableReference]","Identifier":"this"},"MethodName":"0M:[p:void] [ACAT.Lib.Core.Widgets.ButtonControlWidget, Core].unInit()","Parameters":[]}}],"Else":[]},{"$type":"[SST:Statements.Assignment]","Reference":{"$type":"[SST:References.FieldReference]","Reference":{"$type":"[SST:References.VariableReference]","Identifier":"this"},"FieldName":"0F:[p:bool] [ACAT.Lib.Core.Widgets.ButtonControlWidget, Core]._disposed"},"Expression":{"$type":"[SST:Expressions.Simple.ConstantValueExpression]","Value":"true"}}],"CatchBlocks":[],"Finally":[{"$type":"[SST:Statements.ExpressionStatement]","Expression":{"$type":"[SST:Expressions.Assignable.InvocationExpression]","Reference":{"$type":"[SST:References.VariableReference]","Identifier":"base"},"MethodName":"0M:[p:void] [ACAT.Lib.Core.Widgets.ButtonWidgetBase, Core].Dispose([p:bool] disposing)","Parameters":[{"$type":"[SST:Expressions.Simple.ReferenceExpression]","Reference":{"$type":"[SST:References.VariableReference]","Identifier":"disposing"}}]}}]}],"Else":[]}]},{"$type":"[SST:Declarations.MethodDeclaration]","Name":"0M:[p:void] [ACAT.Lib.Core.Widgets.ButtonControlWidget, Core].button_KeyPress([p:object] sender, [System.Windows.Forms.KeyPressEventArgs, System.Windows.Forms, 4.0.0.0] e)","IsEntryPoint":false,"Body":[{"$type":"[SST:Statements.VariableDeclaration]","Reference":{"$type":"[SST:References.VariableReference]","Identifier":"$0"},"Type":"0T:p:bool"},{"$type":"[SST:Statements.Assignment]","Reference":{"$type":"[SST:References.VariableReference]","Identifier":"$0"},"Expression":{"$type":"[SST:Expressions.Assignable.BinaryExpression]","LeftOperand":{"$type":"[SST:Expressions.Simple.ReferenceExpression]","Reference":{"$type":"[SST:References.PropertyReference]","Reference":{"$type":"[SST:References.VariableReference]","Identifier":"e"},"PropertyName":"0P:set get [p:char] [System.Windows.Forms.KeyPressEventArgs, System.Windows.Forms, 4.0.0.0].KeyChar()"}},"Operator":3,"RightOperand":{"$type":"[SST:Expressions.Simple.ConstantValueExpression]"}}},{"$type":"[SST:Blocks.IfElseBlock]","Condition":{"$type":"[SST:Expressions.Simple.ReferenceExpression]","Reference":{"$type":"[SST:References.VariableReference]","Identifier":"$0"}},"Then":[{"$type":"[SST:Statements.ExpressionStatement]","Expression":{"$type":"[SST:Expressions.Assignable.InvocationExpression]","Reference":{"$type":"[SST:References.VariableReference]","Identifier":"this"},"MethodName":"0M:[p:void] [ACAT.Lib.Core.WidgetManagement.Widget, Core].Actuate()","Parameters":[]}}],"Else":[]}]},{"$type":"[SST:Declarations.MethodDeclaration]","Name":"0M:[p:void] [ACAT.Lib.Core.Widgets.ButtonControlWidget, Core].unInit()","IsEntryPoint":false,"Body":[{"$type":"[SST:Statements.VariableDeclaration]","Reference":{"$type":"[SST:References.VariableReference]","Identifier":"$0"},"Type":"0T:p:bool"},{"$type":"[SST:Statements.Assignment]","Reference":{"$type":"[SST:References.VariableReference]","Identifier":"$0"},"Expression":{"$type":"[SST:Expressions.Assignable.BinaryExpression]","LeftOperand":{"$type":"[SST:Expressions.Simple.ReferenceExpression]","Reference":{"$type":"[SST:References.FieldReference]","Reference":{"$type":"[SST:References.VariableReference]","Identifier":"this"},"FieldName":"0F:[System.Drawing.Font, System.Drawing, 4.0.0.0] [ACAT.Lib.Core.Widgets.ButtonControlWidget, Core]._font"}},"Operator":6,"RightOperand":{"$type":"[SST:Expressions.Simple.ConstantValueExpression]","Value":"null"}}},{"$type":"[SST:Blocks.IfElseBlock]","Condition":{"$type":"[SST:Expressions.Simple.ReferenceExpression]","Reference":{"$type":"[SST:References.VariableReference]","Identifier":"$0"}},"Then":[{"$type":"[SST:Statements.VariableDeclaration]","Reference":{"$type":"[SST:References.VariableReference]","Identifier":"$1"},"Type":"0T:System.Drawing.Font, System.Drawing, 4.0.0.0"},{"$type":"[SST:Statements.Assignment]","Reference":{"$type":"[SST:References.VariableReference]","Identifier":"$1"},"Expression":{"$type":"[SST:Expressions.Simple.ReferenceExpression]","Reference":{"$type":"[SST:References.FieldReference]","Reference":{"$type":"[SST:References.VariableReference]","Identifier":"this"},"FieldName":"0F:[System.Drawing.Font, System.Drawing, 4.0.0.0] [ACAT.Lib.Core.Widgets.ButtonControlWidget, Core]._font"}}},{"$type":"[SST:Statements.ExpressionStatement]","Expression":{"$type":"[SST:Expressions.Assignable.InvocationExpression]","Reference":{"$type":"[SST:References.VariableReference]","Identifier":"$1"},"MethodName":"0M:[p:void] [System.Drawing.Font, System.Drawing, 4.0.0.0].Dispose()","Parameters":[]}}],"Else":[]}]}],"Events":[],"Delegates":[]}}