{"$type":"KaVE.Commons.Model.Events.CompletionEvents.Context, KaVE.Commons","TypeShape":{"$type":"KaVE.Commons.Model.TypeShapes.TypeShape, KaVE.Commons","TypeHierarchy":{"$type":"KaVE.Commons.Model.TypeShapes.TypeHierarchy, KaVE.Commons","Element":"0T:ACAT.Lib.Core.Widgets.TabStopScannerButton, Core","Extends":{"$type":"KaVE.Commons.Model.TypeShapes.TypeHierarchy, KaVE.Commons","Element":"0T:ACAT.Lib.Core.Widgets.ScannerButtonBase, Core","Extends":{"$type":"KaVE.Commons.Model.TypeShapes.TypeHierarchy, KaVE.Commons","Element":"0T:ACAT.Lib.Core.Widgets.ButtonWidgetBase, Core","Extends":{"$type":"KaVE.Commons.Model.TypeShapes.TypeHierarchy, KaVE.Commons","Element":"0T:ACAT.Lib.Core.WidgetManagement.Widget, Core","Implements":[{"$type":"KaVE.Commons.Model.TypeShapes.TypeHierarchy, KaVE.Commons","Element":"0T:i:System.IDisposable, mscorlib, 4.0.0.0","Implements":[]}]},"Implements":[{"$type":"KaVE.Commons.Model.TypeShapes.TypeHierarchy, KaVE.Commons","Element":"0T:i:ACAT.Lib.Core.WidgetManagement.IButtonWidget, Core","Implements":[]}]},"Implements":[]},"Implements":[]},"NestedTypes":[],"Delegates":[],"EventHierarchies":[],"Fields":["0F:[p:float] [ACAT.Lib.Core.Widgets.TabStopScannerButton, Core]._originalFirstTab","0F:[p:float[]] [ACAT.Lib.Core.Widgets.TabStopScannerButton, Core]._originalTabStops","0F:[p:float] [ACAT.Lib.Core.Widgets.TabStopScannerButton, Core]._scaledFirstTab","0F:[p:float[]] [ACAT.Lib.Core.Widgets.TabStopScannerButton, Core]._scaledTabStops","0F:[p:float] [ACAT.Lib.Core.Widgets.TabStopScannerButton, Core]._scaleFactor","0F:[p:string] [ACAT.Lib.Core.Widgets.TabStopScannerButton, Core]._text"],"MethodHierarchies":[{"$type":"KaVE.Commons.Model.TypeShapes.MethodHierarchy, KaVE.Commons","Element":"0M:[p:void] [ACAT.Lib.Core.Widgets.TabStopScannerButton, Core]..ctor([System.Windows.Forms.Control, System.Windows.Forms, 4.0.0.0] uiControl)"},{"$type":"KaVE.Commons.Model.TypeShapes.MethodHierarchy, KaVE.Commons","Element":"0M:[p:bool] [ACAT.Lib.Core.Widgets.TabStopScannerButton, Core].CanAddForAnimation()","Super":"0M:[p:bool] [ACAT.Lib.Core.WidgetManagement.Widget, Core].CanAddForAnimation()"},{"$type":"KaVE.Commons.Model.TypeShapes.MethodHierarchy, KaVE.Commons","Element":"0M:[p:string] [ACAT.Lib.Core.Widgets.TabStopScannerButton, Core].GetText()","Super":"0M:[p:string] [ACAT.Lib.Core.WidgetManagement.Widget, Core].GetText()"},{"$type":"KaVE.Commons.Model.TypeShapes.MethodHierarchy, KaVE.Commons","Element":"0M:[p:void] [ACAT.Lib.Core.Widgets.TabStopScannerButton, Core].SetScaleFactor([p:float] newScaleFactor)","Super":"0M:[p:void] [ACAT.Lib.Core.Widgets.ScannerButtonBase, Core].SetScaleFactor([p:float] newScaleFactor)","First":"0M:[p:void] [ACAT.Lib.Core.WidgetManagement.Widget, Core].SetScaleFactor([p:float] newScaleFactor)"},{"$type":"KaVE.Commons.Model.TypeShapes.MethodHierarchy, KaVE.Commons","Element":"0M:[p:void] [ACAT.Lib.Core.Widgets.TabStopScannerButton, Core].SetTabStops([p:float] firstTab, [p:float[]] tabStops)"},{"$type":"KaVE.Commons.Model.TypeShapes.MethodHierarchy, KaVE.Commons","Element":"0M:[p:void] [ACAT.Lib.Core.Widgets.TabStopScannerButton, Core].SetText([p:string] text)","Super":"0M:[p:void] [ACAT.Lib.Core.WidgetManagement.Widget, Core].SetText([p:string] text)"},{"$type":"KaVE.Commons.Model.TypeShapes.MethodHierarchy, KaVE.Commons","Element":"0M:[p:void] [ACAT.Lib.Core.Widgets.TabStopScannerButton, Core].UIControl_Paint([p:object] sender, [System.Windows.Forms.PaintEventArgs, System.Windows.Forms, 4.0.0.0] e)","Super":"0M:[p:void] [ACAT.Lib.Core.Widgets.ButtonWidgetBase, Core].UIControl_Paint([p:object] sender, [System.Windows.Forms.PaintEventArgs, System.Windows.Forms, 4.0.0.0] e)"},{"$type":"KaVE.Commons.Model.TypeShapes.MethodHierarchy, KaVE.Commons","Element":"0M:[s:System.Drawing.Size, System.Drawing, 4.0.0.0] [ACAT.Lib.Core.Widgets.TabStopScannerButton, Core].measureDisplayStringSize([System.Drawing.Graphics, System.Drawing, 4.0.0.0] graphics, [p:string] text, [System.Drawing.Font, System.Drawing, 4.0.0.0] font)"}],"PropertyHierarchies":[]},"SST":{"$type":"[SST:SST]","EnclosingType":"0T:ACAT.Lib.Core.Widgets.TabStopScannerButton, Core","Fields":[{"$type":"[SST:Declarations.FieldDeclaration]","Name":"0F:[p:float] [ACAT.Lib.Core.Widgets.TabStopScannerButton, Core]._originalFirstTab"},{"$type":"[SST:Declarations.FieldDeclaration]","Name":"0F:[p:float[]] [ACAT.Lib.Core.Widgets.TabStopScannerButton, Core]._originalTabStops"},{"$type":"[SST:Declarations.FieldDeclaration]","Name":"0F:[p:float] [ACAT.Lib.Core.Widgets.TabStopScannerButton, Core]._scaledFirstTab"},{"$type":"[SST:Declarations.FieldDeclaration]","Name":"0F:[p:float[]] [ACAT.Lib.Core.Widgets.TabStopScannerButton, Core]._scaledTabStops"},{"$type":"[SST:Declarations.FieldDeclaration]","Name":"0F:[p:float] [ACAT.Lib.Core.Widgets.TabStopScannerButton, Core]._scaleFactor"},{"$type":"[SST:Declarations.FieldDeclaration]","Name":"0F:[p:string] [ACAT.Lib.Core.Widgets.TabStopScannerButton, Core]._text"}],"Properties":[],"Methods":[{"$type":"[SST:Declarations.MethodDeclaration]","Name":"0M:[p:void] [ACAT.Lib.Core.Widgets.TabStopScannerButton, Core]..ctor([System.Windows.Forms.Control, System.Windows.Forms, 4.0.0.0] uiControl)","IsEntryPoint":true,"Body":[{"$type":"[SST:Statements.ExpressionStatement]","Expression":{"$type":"[SST:Expressions.Assignable.InvocationExpression]","Reference":{"$type":"[SST:References.VariableReference]","Identifier":"base"},"MethodName":"0M:[p:void] [ACAT.Lib.Core.Widgets.ScannerButtonBase, Core]..ctor([System.Windows.Forms.Control, System.Windows.Forms, 4.0.0.0] uiControl)","Parameters":[{"$type":"[SST:Expressions.Simple.ReferenceExpression]","Reference":{"$type":"[SST:References.VariableReference]","Identifier":"uiControl"}}]}},{"$type":"[SST:Statements.Assignment]","Reference":{"$type":"[SST:References.FieldReference]","Reference":{"$type":"[SST:References.VariableReference]","Identifier":"this"},"FieldName":"0F:[p:string] [ACAT.Lib.Core.Widgets.TabStopScannerButton, Core]._text"},"Expression":{"$type":"[SST:Expressions.Simple.ReferenceExpression]","Reference":{"$type":"[SST:References.FieldReference]","Reference":{"$type":"[SST:References.VariableReference]","Identifier":""},"FieldName":"0F:static [p:string] [p:string].Empty"}}}]},{"$type":"[SST:Declarations.MethodDeclaration]","Name":"0M:[p:bool] [ACAT.Lib.Core.Widgets.TabStopScannerButton, Core].CanAddForAnimation()","IsEntryPoint":true,"Body":[{"$type":"[SST:Statements.VariableDeclaration]","Reference":{"$type":"[SST:References.VariableReference]","Identifier":"text"},"Type":"0T:p:string"},{"$type":"[SST:Statements.VariableDeclaration]","Reference":{"$type":"[SST:References.VariableReference]","Identifier":"$0"},"Type":"0T:p:string"},{"$type":"[SST:Statements.Assignment]","Reference":{"$type":"[SST:References.VariableReference]","Identifier":"$0"},"Expression":{"$type":"[SST:Expressions.Assignable.InvocationExpression]","Reference":{"$type":"[SST:References.VariableReference]","Identifier":"this"},"MethodName":"0M:[p:string] [ACAT.Lib.Core.Widgets.TabStopScannerButton, Core].GetText()","Parameters":[]}},{"$type":"[SST:Statements.Assignment]","Reference":{"$type":"[SST:References.VariableReference]","Identifier":"text"},"Expression":{"$type":"[SST:Expressions.Assignable.InvocationExpression]","Reference":{"$type":"[SST:References.VariableReference]","Identifier":"$0"},"MethodName":"0M:[p:string] [p:string].Trim()","Parameters":[]}},{"$type":"[SST:Statements.VariableDeclaration]","Reference":{"$type":"[SST:References.VariableReference]","Identifier":"$1"},"Type":"0T:p:bool"},{"$type":"[SST:Statements.Assignment]","Reference":{"$type":"[SST:References.VariableReference]","Identifier":"$1"},"Expression":{"$type":"[SST:Expressions.Assignable.InvocationExpression]","Reference":{"$type":"[SST:References.VariableReference]","Identifier":""},"MethodName":"0M:static [p:bool] [p:string].IsNullOrEmpty([p:string] value)","Parameters":[{"$type":"[SST:Expressions.Simple.ReferenceExpression]","Reference":{"$type":"[SST:References.VariableReference]","Identifier":"text"}}]}},{"$type":"[SST:Statements.Assignment]","Reference":{"$type":"[SST:References.PropertyReference]","Reference":{"$type":"[SST:References.VariableReference]","Identifier":"this"},"PropertyName":"0P:set get [p:bool] [ACAT.Lib.Core.WidgetManagement.Widget, Core].AddForAnimation()"},"Expression":{"$type":"[SST:Expressions.Assignable.UnaryExpression]","Operator":1,"Operand":{"$type":"[SST:Expressions.Simple.ReferenceExpression]","Reference":{"$type":"[SST:References.VariableReference]","Identifier":"$1"}}}},{"$type":"[SST:Statements.ReturnStatement]","Expression":{"$type":"[SST:Expressions.Simple.ReferenceExpression]","Reference":{"$type":"[SST:References.PropertyReference]","Reference":{"$type":"[SST:References.VariableReference]","Identifier":"this"},"PropertyName":"0P:set get [p:bool] [ACAT.Lib.Core.WidgetManagement.Widget, Core].AddForAnimation()"}},"IsVoid":false}]},{"$type":"[SST:Declarations.MethodDeclaration]","Name":"0M:[p:string] [ACAT.Lib.Core.Widgets.TabStopScannerButton, Core].GetText()","IsEntryPoint":false,"Body":[{"$type":"[SST:Statements.ReturnStatement]","Expression":{"$type":"[SST:Expressions.Simple.ReferenceExpression]","Reference":{"$type":"[SST:References.FieldReference]","Reference":{"$type":"[SST:References.VariableReference]","Identifier":"this"},"FieldName":"0F:[p:string] [ACAT.Lib.Core.Widgets.TabStopScannerButton, Core]._text"}},"IsVoid":false}]},{"$type":"[SST:Declarations.MethodDeclaration]","Name":"0M:[p:void] [ACAT.Lib.Core.Widgets.TabStopScannerButton, Core].SetScaleFactor([p:float] newScaleFactor)","IsEntryPoint":true,"Body":[{"$type":"[SST:Statements.ExpressionStatement]","Expression":{"$type":"[SST:Expressions.Assignable.InvocationExpression]","Reference":{"$type":"[SST:References.VariableReference]","Identifier":"base"},"MethodName":"0M:[p:void] [ACAT.Lib.Core.Widgets.ScannerButtonBase, Core].SetScaleFactor([p:float] newScaleFactor)","Parameters":[{"$type":"[SST:Expressions.Simple.ReferenceExpression]","Reference":{"$type":"[SST:References.VariableReference]","Identifier":"newScaleFactor"}}]}},{"$type":"[SST:Statements.Assignment]","Reference":{"$type":"[SST:References.FieldReference]","Reference":{"$type":"[SST:References.VariableReference]","Identifier":"this"},"FieldName":"0F:[p:float] [ACAT.Lib.Core.Widgets.TabStopScannerButton, Core]._scaleFactor"},"Expression":{"$type":"[SST:Expressions.Simple.ReferenceExpression]","Reference":{"$type":"[SST:References.VariableReference]","Identifier":"newScaleFactor"}}},{"$type":"[SST:Statements.VariableDeclaration]","Reference":{"$type":"[SST:References.VariableReference]","Identifier":"$0"},"Type":"0T:System.Windows.Forms.Control, System.Windows.Forms, 4.0.0.0"},{"$type":"[SST:Statements.Assignment]","Reference":{"$type":"[SST:References.VariableReference]","Identifier":"$0"},"Expression":{"$type":"[SST:Expressions.Simple.ReferenceExpression]","Reference":{"$type":"[SST:References.PropertyReference]","Reference":{"$type":"[SST:References.VariableReference]","Identifier":"this"},"PropertyName":"0P:set get [System.Windows.Forms.Control, System.Windows.Forms, 4.0.0.0] [ACAT.Lib.Core.WidgetManagement.Widget, Core].UIControl()"}}},{"$type":"[SST:Statements.ExpressionStatement]","Expression":{"$type":"[SST:Expressions.Assignable.InvocationExpression]","Reference":{"$type":"[SST:References.VariableReference]","Identifier":"$0"},"MethodName":"0M:[p:void] [System.Windows.Forms.Control, System.Windows.Forms, 4.0.0.0].Invalidate()","Parameters":[]}}]},{"$type":"[SST:Declarations.MethodDeclaration]","Name":"0M:[p:void] [ACAT.Lib.Core.Widgets.TabStopScannerButton, Core].SetTabStops([p:float] firstTab, [p:float[]] tabStops)","IsEntryPoint":true,"Body":[{"$type":"[SST:Statements.Assignment]","Reference":{"$type":"[SST:References.FieldReference]","Reference":{"$type":"[SST:References.VariableReference]","Identifier":"this"},"FieldName":"0F:[p:float] [ACAT.Lib.Core.Widgets.TabStopScannerButton, Core]._originalFirstTab"},"Expression":{"$type":"[SST:Expressions.Simple.ReferenceExpression]","Reference":{"$type":"[SST:References.VariableReference]","Identifier":"firstTab"}}},{"$type":"[SST:Statements.Assignment]","Reference":{"$type":"[SST:References.FieldReference]","Reference":{"$type":"[SST:References.VariableReference]","Identifier":"this"},"FieldName":"0F:[p:float[]] [ACAT.Lib.Core.Widgets.TabStopScannerButton, Core]._originalTabStops"},"Expression":{"$type":"[SST:Expressions.Simple.ReferenceExpression]","Reference":{"$type":"[SST:References.VariableReference]","Identifier":"tabStops"}}},{"$type":"[SST:Statements.Assignment]","Reference":{"$type":"[SST:References.FieldReference]","Reference":{"$type":"[SST:References.VariableReference]","Identifier":"this"},"FieldName":"0F:[p:float] [ACAT.Lib.Core.Widgets.TabStopScannerButton, Core]._scaledFirstTab"},"Expression":{"$type":"[SST:Expressions.Simple.ReferenceExpression]","Reference":{"$type":"[SST:References.VariableReference]","Identifier":"firstTab"}}},{"$type":"[SST:Statements.Assignment]","Reference":{"$type":"[SST:References.FieldReference]","Reference":{"$type":"[SST:References.VariableReference]","Identifier":"this"},"FieldName":"0F:[p:float[]] [ACAT.Lib.Core.Widgets.TabStopScannerButton, Core]._scaledTabStops"},"Expression":{"$type":"[SST:Expressions.Simple.UnknownExpression]"}},{"$type":"[SST:Blocks.ForLoop]","Init":[{"$type":"[SST:Statements.VariableDeclaration]","Reference":{"$type":"[SST:References.VariableReference]","Identifier":"ii"},"Type":"0T:p:int"},{"$type":"[SST:Statements.Assignment]","Reference":{"$type":"[SST:References.VariableReference]","Identifier":"ii"},"Expression":{"$type":"[SST:Expressions.Simple.ConstantValueExpression]","Value":"0"}}],"Condition":{"$type":"[SST:Expressions.LoopHeader.LoopHeaderBlockExpression]","Body":[{"$type":"[SST:Statements.VariableDeclaration]","Reference":{"$type":"[SST:References.VariableReference]","Identifier":"$0"},"Type":"0T:p:float[]"},{"$type":"[SST:Statements.Assignment]","Reference":{"$type":"[SST:References.VariableReference]","Identifier":"$0"},"Expression":{"$type":"[SST:Expressions.Simple.ReferenceExpression]","Reference":{"$type":"[SST:References.FieldReference]","Reference":{"$type":"[SST:References.VariableReference]","Identifier":"this"},"FieldName":"0F:[p:float[]] [ACAT.Lib.Core.Widgets.TabStopScannerButton, Core]._scaledTabStops"}}},{"$type":"[SST:Statements.VariableDeclaration]","Reference":{"$type":"[SST:References.VariableReference]","Identifier":"$1"},"Type":"0T:p:bool"},{"$type":"[SST:Statements.Assignment]","Reference":{"$type":"[SST:References.VariableReference]","Identifier":"$1"},"Expression":{"$type":"[SST:Expressions.Assignable.BinaryExpression]","LeftOperand":{"$type":"[SST:Expressions.Simple.ReferenceExpression]","Reference":{"$type":"[SST:References.VariableReference]","Identifier":"ii"}},"Operator":1,"RightOperand":{"$type":"[SST:Expressions.Simple.ReferenceExpression]","Reference":{"$type":"[SST:References.PropertyReference]","Reference":{"$type":"[SST:References.VariableReference]","Identifier":"$0"},"PropertyName":"0P:get [p:int] [System.Array, mscorlib, 4.0.0.0].Length()"}}}},{"$type":"[SST:Statements.ReturnStatement]","Expression":{"$type":"[SST:Expressions.Simple.ReferenceExpression]","Reference":{"$type":"[SST:References.VariableReference]","Identifier":"$1"}},"IsVoid":false}]},"Step":[{"$type":"[SST:Statements.Assignment]","Reference":{"$type":"[SST:References.VariableReference]","Identifier":"ii"},"Expression":{"$type":"[SST:Expressions.Assignable.ComposedExpression]","References":[{"$type":"[SST:References.VariableReference]","Identifier":"ii"}]}}],"Body":[{"$type":"[SST:Statements.VariableDeclaration]","Reference":{"$type":"[SST:References.VariableReference]","Identifier":"$2"},"Type":"0T:p:float[]"},{"$type":"[SST:Statements.Assignment]","Reference":{"$type":"[SST:References.VariableReference]","Identifier":"$2"},"Expression":{"$type":"[SST:Expressions.Simple.ReferenceExpression]","Reference":{"$type":"[SST:References.FieldReference]","Reference":{"$type":"[SST:References.VariableReference]","Identifier":"this"},"FieldName":"0F:[p:float[]] [ACAT.Lib.Core.Widgets.TabStopScannerButton, Core]._scaledTabStops"}}},{"$type":"[SST:Statements.VariableDeclaration]","Reference":{"$type":"[SST:References.VariableReference]","Identifier":"$3"},"Type":"0T:p:float[]"},{"$type":"[SST:Statements.Assignment]","Reference":{"$type":"[SST:References.VariableReference]","Identifier":"$3"},"Expression":{"$type":"[SST:Expressions.Simple.ReferenceExpression]","Reference":{"$type":"[SST:References.FieldReference]","Reference":{"$type":"[SST:References.VariableReference]","Identifier":"this"},"FieldName":"0F:[p:float[]] [ACAT.Lib.Core.Widgets.TabStopScannerButton, Core]._originalTabStops"}}},{"$type":"[SST:Statements.Assignment]","Reference":{"$type":"[SST:References.IndexAccessReference]","Expression":{"$type":"[SST:Expressions.Assignable.IndexAccessExpression]","Reference":{"$type":"[SST:References.VariableReference]","Identifier":"$2"},"Indices":[{"$type":"[SST:Expressions.Simple.ReferenceExpression]","Reference":{"$type":"[SST:References.VariableReference]","Identifier":"ii"}}]}},"Expression":{"$type":"[SST:Expressions.Assignable.IndexAccessExpression]","Reference":{"$type":"[SST:References.VariableReference]","Identifier":"$3"},"Indices":[{"$type":"[SST:Expressions.Simple.ReferenceExpression]","Reference":{"$type":"[SST:References.VariableReference]","Identifier":"ii"}}]}}]},{"$type":"[SST:Statements.VariableDeclaration]","Reference":{"$type":"[SST:References.VariableReference]","Identifier":"$4"},"Type":"0T:System.Windows.Forms.Control, System.Windows.Forms, 4.0.0.0"},{"$type":"[SST:Statements.Assignment]","Reference":{"$type":"[SST:References.VariableReference]","Identifier":"$4"},"Expression":{"$type":"[SST:Expressions.Simple.ReferenceExpression]","Reference":{"$type":"[SST:References.PropertyReference]","Reference":{"$type":"[SST:References.VariableReference]","Identifier":"this"},"PropertyName":"0P:set get [System.Windows.Forms.Control, System.Windows.Forms, 4.0.0.0] [ACAT.Lib.Core.WidgetManagement.Widget, Core].UIControl()"}}},{"$type":"[SST:Statements.ExpressionStatement]","Expression":{"$type":"[SST:Expressions.Assignable.InvocationExpression]","Reference":{"$type":"[SST:References.VariableReference]","Identifier":"$4"},"MethodName":"0M:[p:void] [System.Windows.Forms.Control, System.Windows.Forms, 4.0.0.0].Invalidate()","Parameters":[]}}]},{"$type":"[SST:Declarations.MethodDeclaration]","Name":"0M:[p:void] [ACAT.Lib.Core.Widgets.TabStopScannerButton, Core].SetText([p:string] text)","IsEntryPoint":true,"Body":[{"$type":"[SST:Statements.Assignment]","Reference":{"$type":"[SST:References.FieldReference]","Reference":{"$type":"[SST:References.VariableReference]","Identifier":"this"},"FieldName":"0F:[p:string] [ACAT.Lib.Core.Widgets.TabStopScannerButton, Core]._text"},"Expression":{"$type":"[SST:Expressions.Simple.ReferenceExpression]","Reference":{"$type":"[SST:References.VariableReference]","Identifier":"text"}}},{"$type":"[SST:Statements.VariableDeclaration]","Reference":{"$type":"[SST:References.VariableReference]","Identifier":"$0"},"Type":"0T:System.Windows.Forms.Control, System.Windows.Forms, 4.0.0.0"},{"$type":"[SST:Statements.Assignment]","Reference":{"$type":"[SST:References.VariableReference]","Identifier":"$0"},"Expression":{"$type":"[SST:Expressions.Simple.ReferenceExpression]","Reference":{"$type":"[SST:References.PropertyReference]","Reference":{"$type":"[SST:References.VariableReference]","Identifier":"this"},"PropertyName":"0P:set get [System.Windows.Forms.Control, System.Windows.Forms, 4.0.0.0] [ACAT.Lib.Core.WidgetManagement.Widget, Core].UIControl()"}}},{"$type":"[SST:Statements.ExpressionStatement]","Expression":{"$type":"[SST:Expressions.Assignable.InvocationExpression]","Reference":{"$type":"[SST:References.VariableReference]","Identifier":"$0"},"MethodName":"0M:[p:void] [System.Windows.Forms.Control, System.Windows.Forms, 4.0.0.0].Invalidate()","Parameters":[]}}]},{"$type":"[SST:Declarations.MethodDeclaration]","Name":"0M:[p:void] [ACAT.Lib.Core.Widgets.TabStopScannerButton, Core].UIControl_Paint([p:object] sender, [System.Windows.Forms.PaintEventArgs, System.Windows.Forms, 4.0.0.0] e)","IsEntryPoint":true,"Body":[{"$type":"[SST:Blocks.IfElseBlock]","Condition":{"$type":"[SST:Expressions.Simple.ReferenceExpression]","Reference":{"$type":"[SST:References.FieldReference]","Reference":{"$type":"[SST:References.VariableReference]","Identifier":"this"},"FieldName":"0F:[p:bool] [ACAT.Lib.Core.WidgetManagement.Widget, Core].isDisposing"}},"Then":[{"$type":"[SST:Statements.ReturnStatement]","Expression":{"$type":"[SST:Expressions.Simple.UnknownExpression]"},"IsVoid":true}],"Else":[]},{"$type":"[SST:Blocks.TryBlock]","Body":[{"$type":"[SST:Statements.VariableDeclaration]","Reference":{"$type":"[SST:References.VariableReference]","Identifier":"$0"},"Type":"0T:p:bool"},{"$type":"[SST:Statements.Assignment]","Reference":{"$type":"[SST:References.VariableReference]","Identifier":"$0"},"Expression":{"$type":"[SST:Expressions.Assignable.BinaryExpression]","LeftOperand":{"$type":"[SST:Expressions.Simple.ReferenceExpression]","Reference":{"$type":"[SST:References.FieldReference]","Reference":{"$type":"[SST:References.VariableReference]","Identifier":"this"},"FieldName":"0F:[p:float[]] [ACAT.Lib.Core.Widgets.TabStopScannerButton, Core]._originalTabStops"}},"Operator":3,"RightOperand":{"$type":"[SST:Expressions.Simple.ConstantValueExpression]","Value":"null"}}},{"$type":"[SST:Statements.VariableDeclaration]","Reference":{"$type":"[SST:References.VariableReference]","Identifier":"$1"},"Type":"0T:p:bool"},{"$type":"[SST:Statements.Assignment]","Reference":{"$type":"[SST:References.VariableReference]","Identifier":"$1"},"Expression":{"$type":"[SST:Expressions.Assignable.BinaryExpression]","LeftOperand":{"$type":"[SST:Expressions.Simple.ReferenceExpression]","Reference":{"$type":"[SST:References.FieldReference]","Reference":{"$type":"[SST:References.VariableReference]","Identifier":"this"},"FieldName":"0F:[p:float[]] [ACAT.Lib.Core.Widgets.TabStopScannerButton, Core]._scaledTabStops"}},"Operator":3,"RightOperand":{"$type":"[SST:Expressions.Simple.ConstantValueExpression]","Value":"null"}}},{"$type":"[SST:Statements.VariableDeclaration]","Reference":{"$type":"[SST:References.VariableReference]","Identifier":"$2"},"Type":"0T:p:bool"},{"$type":"[SST:Statements.Assignment]","Reference":{"$type":"[SST:References.VariableReference]","Identifier":"$2"},"Expression":{"$type":"[SST:Expressions.Assignable.BinaryExpression]","LeftOperand":{"$type":"[SST:Expressions.Simple.ReferenceExpression]","Reference":{"$type":"[SST:References.VariableReference]","Identifier":"$0"}},"Operator":8,"RightOperand":{"$type":"[SST:Expressions.Simple.ReferenceExpression]","Reference":{"$type":"[SST:References.VariableReference]","Identifier":"$1"}}}},{"$type":"[SST:Blocks.IfElseBlock]","Condition":{"$type":"[SST:Expressions.Simple.ReferenceExpression]","Reference":{"$type":"[SST:References.VariableReference]","Identifier":"$2"}},"Then":[{"$type":"[SST:Statements.ReturnStatement]","Expression":{"$type":"[SST:Expressions.Simple.UnknownExpression]"},"IsVoid":true}],"Else":[]},{"$type":"[SST:Statements.Assignment]","Reference":{"$type":"[SST:References.FieldReference]","Reference":{"$type":"[SST:References.VariableReference]","Identifier":"this"},"FieldName":"0F:[p:float] [ACAT.Lib.Core.Widgets.TabStopScannerButton, Core]._scaledFirstTab"},"Expression":{"$type":"[SST:Expressions.Assignable.BinaryExpression]","LeftOperand":{"$type":"[SST:Expressions.Simple.ReferenceExpression]","Reference":{"$type":"[SST:References.FieldReference]","Reference":{"$type":"[SST:References.VariableReference]","Identifier":"this"},"FieldName":"0F:[p:float] [ACAT.Lib.Core.Widgets.TabStopScannerButton, Core]._originalFirstTab"}},"Operator":11,"RightOperand":{"$type":"[SST:Expressions.Simple.ReferenceExpression]","Reference":{"$type":"[SST:References.FieldReference]","Reference":{"$type":"[SST:References.VariableReference]","Identifier":"this"},"FieldName":"0F:[p:float] [ACAT.Lib.Core.Widgets.TabStopScannerButton, Core]._scaleFactor"}}}},{"$type":"[SST:Statements.Assignment]","Reference":{"$type":"[SST:References.FieldReference]","Reference":{"$type":"[SST:References.VariableReference]","Identifier":"this"},"FieldName":"0F:[p:float[]] [ACAT.Lib.Core.Widgets.TabStopScannerButton, Core]._scaledTabStops"},"Expression":{"$type":"[SST:Expressions.Simple.UnknownExpression]"}},{"$type":"[SST:Blocks.ForLoop]","Init":[{"$type":"[SST:Statements.VariableDeclaration]","Reference":{"$type":"[SST:References.VariableReference]","Identifier":"ii"},"Type":"0T:p:int"},{"$type":"[SST:Statements.Assignment]","Reference":{"$type":"[SST:References.VariableReference]","Identifier":"ii"},"Expression":{"$type":"[SST:Expressions.Simple.ConstantValueExpression]","Value":"0"}}],"Condition":{"$type":"[SST:Expressions.LoopHeader.LoopHeaderBlockExpression]","Body":[{"$type":"[SST:Statements.VariableDeclaration]","Reference":{"$type":"[SST:References.VariableReference]","Identifier":"$3"},"Type":"0T:p:float[]"},{"$type":"[SST:Statements.Assignment]","Reference":{"$type":"[SST:References.VariableReference]","Identifier":"$3"},"Expression":{"$type":"[SST:Expressions.Simple.ReferenceExpression]","Reference":{"$type":"[SST:References.FieldReference]","Reference":{"$type":"[SST:References.VariableReference]","Identifier":"this"},"FieldName":"0F:[p:float[]] [ACAT.Lib.Core.Widgets.TabStopScannerButton, Core]._originalTabStops"}}},{"$type":"[SST:Statements.VariableDeclaration]","Reference":{"$type":"[SST:References.VariableReference]","Identifier":"$4"},"Type":"0T:p:bool"},{"$type":"[SST:Statements.Assignment]","Reference":{"$type":"[SST:References.VariableReference]","Identifier":"$4"},"Expression":{"$type":"[SST:Expressions.Assignable.BinaryExpression]","LeftOperand":{"$type":"[SST:Expressions.Simple.ReferenceExpression]","Reference":{"$type":"[SST:References.VariableReference]","Identifier":"ii"}},"Operator":1,"RightOperand":{"$type":"[SST:Expressions.Simple.ReferenceExpression]","Reference":{"$type":"[SST:References.PropertyReference]","Reference":{"$type":"[SST:References.VariableReference]","Identifier":"$3"},"PropertyName":"0P:get [p:int] [System.Array, mscorlib, 4.0.0.0].Length()"}}}},{"$type":"[SST:Statements.ReturnStatement]","Expression":{"$type":"[SST:Expressions.Simple.ReferenceExpression]","Reference":{"$type":"[SST:References.VariableReference]","Identifier":"$4"}},"IsVoid":false}]},"Step":[{"$type":"[SST:Statements.Assignment]","Reference":{"$type":"[SST:References.VariableReference]","Identifier":"ii"},"Expression":{"$type":"[SST:Expressions.Assignable.ComposedExpression]","References":[{"$type":"[SST:References.VariableReference]","Identifier":"ii"}]}}],"Body":[{"$type":"[SST:Statements.VariableDeclaration]","Reference":{"$type":"[SST:References.VariableReference]","Identifier":"$5"},"Type":"0T:p:float[]"},{"$type":"[SST:Statements.Assignment]","Reference":{"$type":"[SST:References.VariableReference]","Identifier":"$5"},"Expression":{"$type":"[SST:Expressions.Simple.ReferenceExpression]","Reference":{"$type":"[SST:References.FieldReference]","Reference":{"$type":"[SST:References.VariableReference]","Identifier":"this"},"FieldName":"0F:[p:float[]] [ACAT.Lib.Core.Widgets.TabStopScannerButton, Core]._scaledTabStops"}}},{"$type":"[SST:Statements.VariableDeclaration]","Reference":{"$type":"[SST:References.VariableReference]","Identifier":"$6"},"Type":"0T:p:float[]"},{"$type":"[SST:Statements.Assignment]","Reference":{"$type":"[SST:References.VariableReference]","Identifier":"$6"},"Expression":{"$type":"[SST:Expressions.Simple.ReferenceExpression]","Reference":{"$type":"[SST:References.FieldReference]","Reference":{"$type":"[SST:References.VariableReference]","Identifier":"this"},"FieldName":"0F:[p:float[]] [ACAT.Lib.Core.Widgets.TabStopScannerButton, Core]._originalTabStops"}}},{"$type":"[SST:Statements.VariableDeclaration]","Reference":{"$type":"[SST:References.VariableReference]","Identifier":"$7"},"Type":"0T:p:float"},{"$type":"[SST:Statements.Assignment]","Reference":{"$type":"[SST:References.VariableReference]","Identifier":"$7"},"Expression":{"$type":"[SST:Expressions.Assignable.IndexAccessExpression]","Reference":{"$type":"[SST:References.VariableReference]","Identifier":"$6"},"Indices":[{"$type":"[SST:Expressions.Simple.ReferenceExpression]","Reference":{"$type":"[SST:References.VariableReference]","Identifier":"ii"}}]}},{"$type":"[SST:Statements.Assignment]","Reference":{"$type":"[SST:References.IndexAccessReference]","Expression":{"$type":"[SST:Expressions.Assignable.IndexAccessExpression]","Reference":{"$type":"[SST:References.VariableReference]","Identifier":"$5"},"Indices":[{"$type":"[SST:Expressions.Simple.ReferenceExpression]","Reference":{"$type":"[SST:References.VariableReference]","Identifier":"ii"}}]}},"Expression":{"$type":"[SST:Expressions.Assignable.BinaryExpression]","LeftOperand":{"$type":"[SST:Expressions.Simple.ReferenceExpression]","Reference":{"$type":"[SST:References.VariableReference]","Identifier":"$7"}},"Operator":11,"RightOperand":{"$type":"[SST:Expressions.Simple.ReferenceExpression]","Reference":{"$type":"[SST:References.FieldReference]","Reference":{"$type":"[SST:References.VariableReference]","Identifier":"this"},"FieldName":"0F:[p:float] [ACAT.Lib.Core.Widgets.TabStopScannerButton, Core]._scaleFactor"}}}}]},{"$type":"[SST:Statements.VariableDeclaration]","Reference":{"$type":"[SST:References.VariableReference]","Identifier":"s"},"Type":"0T:s:System.Drawing.Size, System.Drawing, 4.0.0.0"},{"$type":"[SST:Statements.VariableDeclaration]","Reference":{"$type":"[SST:References.VariableReference]","Identifier":"$8"},"Type":"0T:p:string"},{"$type":"[SST:Statements.Assignment]","Reference":{"$type":"[SST:References.VariableReference]","Identifier":"$8"},"Expression":{"$type":"[SST:Expressions.Assignable.InvocationExpression]","Reference":{"$type":"[SST:References.VariableReference]","Identifier":"this"},"MethodName":"0M:[p:string] [ACAT.Lib.Core.Widgets.TabStopScannerButton, Core].GetText()","Parameters":[]}},{"$type":"[SST:Statements.VariableDeclaration]","Reference":{"$type":"[SST:References.VariableReference]","Identifier":"$9"},"Type":"0T:System.Windows.Forms.Control, System.Windows.Forms, 4.0.0.0"},{"$type":"[SST:Statements.Assignment]","Reference":{"$type":"[SST:References.VariableReference]","Identifier":"$9"},"Expression":{"$type":"[SST:Expressions.Simple.ReferenceExpression]","Reference":{"$type":"[SST:References.PropertyReference]","Reference":{"$type":"[SST:References.VariableReference]","Identifier":"this"},"PropertyName":"0P:set get [System.Windows.Forms.Control, System.Windows.Forms, 4.0.0.0] [ACAT.Lib.Core.WidgetManagement.Widget, Core].UIControl()"}}},{"$type":"[SST:Statements.Assignment]","Reference":{"$type":"[SST:References.VariableReference]","Identifier":"s"},"Expression":{"$type":"[SST:Expressions.Assignable.InvocationExpression]","Reference":{"$type":"[SST:References.VariableReference]","Identifier":"this"},"MethodName":"0M:[s:System.Drawing.Size, System.Drawing, 4.0.0.0] [ACAT.Lib.Core.Widgets.TabStopScannerButton, Core].measureDisplayStringSize([System.Drawing.Graphics, System.Drawing, 4.0.0.0] graphics, [p:string] text, [System.Drawing.Font, System.Drawing, 4.0.0.0] font)","Parameters":[{"$type":"[SST:Expressions.Simple.ReferenceExpression]","Reference":{"$type":"[SST:References.PropertyReference]","Reference":{"$type":"[SST:References.VariableReference]","Identifier":"e"},"PropertyName":"0P:get [System.Drawing.Graphics, System.Drawing, 4.0.0.0] [System.Windows.Forms.PaintEventArgs, System.Windows.Forms, 4.0.0.0].Graphics()"}},{"$type":"[SST:Expressions.Simple.ReferenceExpression]","Reference":{"$type":"[SST:References.VariableReference]","Identifier":"$8"}},{"$type":"[SST:Expressions.Simple.ReferenceExpression]","Reference":{"$type":"[SST:References.PropertyReference]","Reference":{"$type":"[SST:References.VariableReference]","Identifier":"$9"},"PropertyName":"0P:set get [System.Drawing.Font, System.Drawing, 4.0.0.0] [System.Windows.Forms.Control, System.Windows.Forms, 4.0.0.0].Font()"}}]}},{"$type":"[SST:Statements.VariableDeclaration]","Reference":{"$type":"[SST:References.VariableReference]","Identifier":"rect"},"Type":"0T:s:System.Drawing.Rectangle, System.Drawing, 4.0.0.0"},{"$type":"[SST:Statements.VariableDeclaration]","Reference":{"$type":"[SST:References.VariableReference]","Identifier":"$10"},"Type":"0T:p:int"},{"$type":"[SST:Statements.Assignment]","Reference":{"$type":"[SST:References.VariableReference]","Identifier":"$10"},"Expression":{"$type":"[SST:Expressions.Simple.ReferenceExpression]","Reference":{"$type":"[SST:References.PropertyReference]","Reference":{"$type":"[SST:References.VariableReference]","Identifier":"this"},"PropertyName":"0P:get [p:int] [ACAT.Lib.Core.WidgetManagement.Widget, Core].Height()"}}},{"$type":"[SST:Statements.VariableDeclaration]","Reference":{"$type":"[SST:References.VariableReference]","Identifier":"$11"},"Type":"0T:p:int"},{"$type":"[SST:Statements.Assignment]","Reference":{"$type":"[SST:References.VariableReference]","Identifier":"$11"},"Expression":{"$type":"[SST:Expressions.Simple.ReferenceExpression]","Reference":{"$type":"[SST:References.PropertyReference]","Reference":{"$type":"[SST:References.VariableReference]","Identifier":"s"},"PropertyName":"0P:set get [p:int] [s:System.Drawing.Size, System.Drawing, 4.0.0.0].Height()"}}},{"$type":"[SST:Statements.VariableDeclaration]","Reference":{"$type":"[SST:References.VariableReference]","Identifier":"$12"},"Type":"0T:p:int"},{"$type":"[SST:Statements.Assignment]","Reference":{"$type":"[SST:References.VariableReference]","Identifier":"$12"},"Expression":{"$type":"[SST:Expressions.Assignable.ComposedExpression]","References":[{"$type":"[SST:References.VariableReference]","Identifier":"$10"},{"$type":"[SST:References.VariableReference]","Identifier":"$11"}]}},{"$type":"[SST:Statements.VariableDeclaration]","Reference":{"$type":"[SST:References.VariableReference]","Identifier":"$13"},"Type":"0T:p:int"},{"$type":"[SST:Statements.Assignment]","Reference":{"$type":"[SST:References.VariableReference]","Identifier":"$13"},"Expression":{"$type":"[SST:Expressions.Assignable.BinaryExpression]","LeftOperand":{"$type":"[SST:Expressions.Simple.ReferenceExpression]","Reference":{"$type":"[SST:References.VariableReference]","Identifier":"$12"}},"Operator":12,"RightOperand":{"$type":"[SST:Expressions.Simple.ConstantValueExpression]","Value":"2"}}},{"$type":"[SST:Statements.Assignment]","Reference":{"$type":"[SST:References.VariableReference]","Identifier":"rect"},"Expression":{"$type":"[SST:Expressions.Assignable.InvocationExpression]","Reference":{"$type":"[SST:References.VariableReference]","Identifier":""},"MethodName":"0M:[p:void] [s:System.Drawing.Rectangle, System.Drawing, 4.0.0.0]..ctor([p:int] x, [p:int] y, [p:int] width, [p:int] height)","Parameters":[{"$type":"[SST:Expressions.Simple.ConstantValueExpression]","Value":"0"},{"$type":"[SST:Expressions.Simple.ReferenceExpression]","Reference":{"$type":"[SST:References.VariableReference]","Identifier":"$13"}},{"$type":"[SST:Expressions.Simple.ReferenceExpression]","Reference":{"$type":"[SST:References.PropertyReference]","Reference":{"$type":"[SST:References.VariableReference]","Identifier":"this"},"PropertyName":"0P:get [p:int] [ACAT.Lib.Core.WidgetManagement.Widget, Core].Width()"}},{"$type":"[SST:Expressions.Simple.ReferenceExpression]","Reference":{"$type":"[SST:References.PropertyReference]","Reference":{"$type":"[SST:References.VariableReference]","Identifier":"this"},"PropertyName":"0P:get [p:int] [ACAT.Lib.Core.WidgetManagement.Widget, Core].Height()"}}]}},{"$type":"[SST:Statements.VariableDeclaration]","Reference":{"$type":"[SST:References.VariableReference]","Identifier":"stringFormat"},"Type":"0T:System.Drawing.StringFormat, System.Drawing, 4.0.0.0"},{"$type":"[SST:Statements.Assignment]","Reference":{"$type":"[SST:References.VariableReference]","Identifier":"stringFormat"},"Expression":{"$type":"[SST:Expressions.Assignable.InvocationExpression]","Reference":{"$type":"[SST:References.VariableReference]","Identifier":""},"MethodName":"0M:[p:void] [System.Drawing.StringFormat, System.Drawing, 4.0.0.0]..ctor()","Parameters":[]}},{"$type":"[SST:Statements.VariableDeclaration]","Reference":{"$type":"[SST:References.VariableReference]","Identifier":"solidBrush"},"Type":"0T:System.Drawing.SolidBrush, System.Drawing, 4.0.0.0"},{"$type":"[SST:Statements.VariableDeclaration]","Reference":{"$type":"[SST:References.VariableReference]","Identifier":"$14"},"Type":"0T:System.Windows.Forms.Control, System.Windows.Forms, 4.0.0.0"},{"$type":"[SST:Statements.Assignment]","Reference":{"$type":"[SST:References.VariableReference]","Identifier":"$14"},"Expression":{"$type":"[SST:Expressions.Simple.ReferenceExpression]","Reference":{"$type":"[SST:References.PropertyReference]","Reference":{"$type":"[SST:References.VariableReference]","Identifier":"this"},"PropertyName":"0P:set get [System.Windows.Forms.Control, System.Windows.Forms, 4.0.0.0] [ACAT.Lib.Core.WidgetManagement.Widget, Core].UIControl()"}}},{"$type":"[SST:Statements.Assignment]","Reference":{"$type":"[SST:References.VariableReference]","Identifier":"solidBrush"},"Expression":{"$type":"[SST:Expressions.Assignable.InvocationExpression]","Reference":{"$type":"[SST:References.VariableReference]","Identifier":""},"MethodName":"0M:[p:void] [System.Drawing.SolidBrush, System.Drawing, 4.0.0.0]..ctor([s:System.Drawing.Color, System.Drawing, 4.0.0.0] color)","Parameters":[{"$type":"[SST:Expressions.Simple.ReferenceExpression]","Reference":{"$type":"[SST:References.PropertyReference]","Reference":{"$type":"[SST:References.VariableReference]","Identifier":"$14"},"PropertyName":"0P:set get [s:System.Drawing.Color, System.Drawing, 4.0.0.0] [System.Windows.Forms.Control, System.Windows.Forms, 4.0.0.0].ForeColor()"}}]}},{"$type":"[SST:Statements.VariableDeclaration]","Reference":{"$type":"[SST:References.VariableReference]","Identifier":"$15"},"Type":"0T:p:bool"},{"$type":"[SST:Statements.Assignment]","Reference":{"$type":"[SST:References.VariableReference]","Identifier":"$15"},"Expression":{"$type":"[SST:Expressions.Assignable.BinaryExpression]","LeftOperand":{"$type":"[SST:Expressions.Simple.ReferenceExpression]","Reference":{"$type":"[SST:References.FieldReference]","Reference":{"$type":"[SST:References.VariableReference]","Identifier":"this"},"FieldName":"0F:[p:float[]] [ACAT.Lib.Core.Widgets.TabStopScannerButton, Core]._scaledTabStops"}},"Operator":6,"RightOperand":{"$type":"[SST:Expressions.Simple.ConstantValueExpression]","Value":"null"}}},{"$type":"[SST:Blocks.IfElseBlock]","Condition":{"$type":"[SST:Expressions.Simple.ReferenceExpression]","Reference":{"$type":"[SST:References.VariableReference]","Identifier":"$15"}},"Then":[{"$type":"[SST:Statements.ExpressionStatement]","Expression":{"$type":"[SST:Expressions.Assignable.InvocationExpression]","Reference":{"$type":"[SST:References.VariableReference]","Identifier":"stringFormat"},"MethodName":"0M:[p:void] [System.Drawing.StringFormat, System.Drawing, 4.0.0.0].SetTabStops([p:float] firstTabOffset, [p:float[]] tabStops)","Parameters":[{"$type":"[SST:Expressions.Simple.ReferenceExpression]","Reference":{"$type":"[SST:References.FieldReference]","Reference":{"$type":"[SST:References.VariableReference]","Identifier":"this"},"FieldName":"0F:[p:float] [ACAT.Lib.Core.Widgets.TabStopScannerButton, Core]._scaledFirstTab"}},{"$type":"[SST:Expressions.Simple.ReferenceExpression]","Reference":{"$type":"[SST:References.FieldReference]","Reference":{"$type":"[SST:References.VariableReference]","Identifier":"this"},"FieldName":"0F:[p:float[]] [ACAT.Lib.Core.Widgets.TabStopScannerButton, Core]._scaledTabStops"}}]}}],"Else":[]},{"$type":"[SST:Statements.VariableDeclaration]","Reference":{"$type":"[SST:References.VariableReference]","Identifier":"$16"},"Type":"0T:System.Drawing.Graphics, System.Drawing, 4.0.0.0"},{"$type":"[SST:Statements.Assignment]","Reference":{"$type":"[SST:References.VariableReference]","Identifier":"$16"},"Expression":{"$type":"[SST:Expressions.Simple.ReferenceExpression]","Reference":{"$type":"[SST:References.PropertyReference]","Reference":{"$type":"[SST:References.VariableReference]","Identifier":"e"},"PropertyName":"0P:get [System.Drawing.Graphics, System.Drawing, 4.0.0.0] [System.Windows.Forms.PaintEventArgs, System.Windows.Forms, 4.0.0.0].Graphics()"}}},{"$type":"[SST:Statements.VariableDeclaration]","Reference":{"$type":"[SST:References.VariableReference]","Identifier":"$17"},"Type":"0T:p:string"},{"$type":"[SST:Statements.Assignment]","Reference":{"$type":"[SST:References.VariableReference]","Identifier":"$17"},"Expression":{"$type":"[SST:Expressions.Assignable.InvocationExpression]","Reference":{"$type":"[SST:References.VariableReference]","Identifier":"this"},"MethodName":"0M:[p:string] [ACAT.Lib.Core.Widgets.TabStopScannerButton, Core].GetText()","Parameters":[]}},{"$type":"[SST:Statements.VariableDeclaration]","Reference":{"$type":"[SST:References.VariableReference]","Identifier":"$18"},"Type":"0T:System.Windows.Forms.Control, System.Windows.Forms, 4.0.0.0"},{"$type":"[SST:Statements.Assignment]","Reference":{"$type":"[SST:References.VariableReference]","Identifier":"$18"},"Expression":{"$type":"[SST:Expressions.Simple.ReferenceExpression]","Reference":{"$type":"[SST:References.PropertyReference]","Reference":{"$type":"[SST:References.VariableReference]","Identifier":"this"},"PropertyName":"0P:set get [System.Windows.Forms.Control, System.Windows.Forms, 4.0.0.0] [ACAT.Lib.Core.WidgetManagement.Widget, Core].UIControl()"}}},{"$type":"[SST:Statements.ExpressionStatement]","Expression":{"$type":"[SST:Expressions.Assignable.InvocationExpression]","Reference":{"$type":"[SST:References.VariableReference]","Identifier":"$16"},"MethodName":"0M:[p:void] [System.Drawing.Graphics, System.Drawing, 4.0.0.0].DrawString([p:string] s, [System.Drawing.Font, System.Drawing, 4.0.0.0] font, [System.Drawing.Brush, System.Drawing, 4.0.0.0] brush, [s:System.Drawing.RectangleF, System.Drawing, 4.0.0.0] layoutRectangle, [System.Drawing.StringFormat, System.Drawing, 4.0.0.0] format)","Parameters":[{"$type":"[SST:Expressions.Simple.ReferenceExpression]","Reference":{"$type":"[SST:References.VariableReference]","Identifier":"$17"}},{"$type":"[SST:Expressions.Simple.ReferenceExpression]","Reference":{"$type":"[SST:References.PropertyReference]","Reference":{"$type":"[SST:References.VariableReference]","Identifier":"$18"},"PropertyName":"0P:set get [System.Drawing.Font, System.Drawing, 4.0.0.0] [System.Windows.Forms.Control, System.Windows.Forms, 4.0.0.0].Font()"}},{"$type":"[SST:Expressions.Simple.ReferenceExpression]","Reference":{"$type":"[SST:References.VariableReference]","Identifier":"solidBrush"}},{"$type":"[SST:Expressions.Simple.ReferenceExpression]","Reference":{"$type":"[SST:References.VariableReference]","Identifier":"rect"}},{"$type":"[SST:Expressions.Simple.ReferenceExpression]","Reference":{"$type":"[SST:References.VariableReference]","Identifier":"stringFormat"}}]}},{"$type":"[SST:Statements.VariableDeclaration]","Reference":{"$type":"[SST:References.VariableReference]","Identifier":"pen"},"Type":"0T:System.Drawing.Pen, System.Drawing, 4.0.0.0"},{"$type":"[SST:Statements.Assignment]","Reference":{"$type":"[SST:References.VariableReference]","Identifier":"pen"},"Expression":{"$type":"[SST:Expressions.Simple.ReferenceExpression]","Reference":{"$type":"[SST:References.PropertyReference]","Reference":{"$type":"[SST:References.VariableReference]","Identifier":""},"PropertyName":"0P:get static [System.Drawing.Pen, System.Drawing, 4.0.0.0] [System.Drawing.Pens, System.Drawing, 4.0.0.0].Transparent()"}}},{"$type":"[SST:Statements.VariableDeclaration]","Reference":{"$type":"[SST:References.VariableReference]","Identifier":"$19"},"Type":"0T:System.Drawing.Graphics, System.Drawing, 4.0.0.0"},{"$type":"[SST:Statements.Assignment]","Reference":{"$type":"[SST:References.VariableReference]","Identifier":"$19"},"Expression":{"$type":"[SST:Expressions.Simple.ReferenceExpression]","Reference":{"$type":"[SST:References.PropertyReference]","Reference":{"$type":"[SST:References.VariableReference]","Identifier":"e"},"PropertyName":"0P:get [System.Drawing.Graphics, System.Drawing, 4.0.0.0] [System.Windows.Forms.PaintEventArgs, System.Windows.Forms, 4.0.0.0].Graphics()"}}},{"$type":"[SST:Statements.ExpressionStatement]","Expression":{"$type":"[SST:Expressions.Assignable.InvocationExpression]","Reference":{"$type":"[SST:References.VariableReference]","Identifier":"$19"},"MethodName":"0M:[p:void] [System.Drawing.Graphics, System.Drawing, 4.0.0.0].DrawRectangle([System.Drawing.Pen, System.Drawing, 4.0.0.0] pen, [s:System.Drawing.Rectangle, System.Drawing, 4.0.0.0] rect)","Parameters":[{"$type":"[SST:Expressions.Simple.ReferenceExpression]","Reference":{"$type":"[SST:References.VariableReference]","Identifier":"pen"}},{"$type":"[SST:Expressions.Simple.ReferenceExpression]","Reference":{"$type":"[SST:References.VariableReference]","Identifier":"rect"}}]}}],"CatchBlocks":[{"$type":"[SST:Blocks.CatchBlock]","Kind":0,"Parameter":"0Param:[System.Exception, mscorlib, 4.0.0.0] ex","Body":[{"$type":"[SST:Statements.VariableDeclaration]","Reference":{"$type":"[SST:References.VariableReference]","Identifier":"$20"},"Type":"0T:p:string"},{"$type":"[SST:Statements.Assignment]","Reference":{"$type":"[SST:References.VariableReference]","Identifier":"$20"},"Expression":{"$type":"[SST:Expressions.Assignable.InvocationExpression]","Reference":{"$type":"[SST:References.VariableReference]","Identifier":"ex"},"MethodName":"0M:[p:string] [System.Exception, mscorlib, 4.0.0.0].ToString()","Parameters":[]}},{"$type":"[SST:Statements.ExpressionStatement]","Expression":{"$type":"[SST:Expressions.Assignable.InvocationExpression]","Reference":{"$type":"[SST:References.VariableReference]","Identifier":""},"MethodName":"0M:static [p:void] [ACAT.Lib.Core.Utility.Log, Core].Debug([p:string] message)","Parameters":[{"$type":"[SST:Expressions.Simple.ReferenceExpression]","Reference":{"$type":"[SST:References.VariableReference]","Identifier":"$20"}}]}}]}],"Finally":[]}]},{"$type":"[SST:Declarations.MethodDeclaration]","Name":"0M:[s:System.Drawing.Size, System.Drawing, 4.0.0.0] [ACAT.Lib.Core.Widgets.TabStopScannerButton, Core].measureDisplayStringSize([System.Drawing.Graphics, System.Drawing, 4.0.0.0] graphics, [p:string] text, [System.Drawing.Font, System.Drawing, 4.0.0.0] font)","IsEntryPoint":false,"Body":[{"$type":"[SST:Statements.VariableDeclaration]","Reference":{"$type":"[SST:References.VariableReference]","Identifier":"s"},"Type":"0T:s:System.Drawing.SizeF, System.Drawing, 4.0.0.0"},{"$type":"[SST:Statements.Assignment]","Reference":{"$type":"[SST:References.VariableReference]","Identifier":"s"},"Expression":{"$type":"[SST:Expressions.Assignable.InvocationExpression]","Reference":{"$type":"[SST:References.VariableReference]","Identifier":"graphics"},"MethodName":"0M:[s:System.Drawing.SizeF, System.Drawing, 4.0.0.0] [System.Drawing.Graphics, System.Drawing, 4.0.0.0].MeasureString([p:string] text, [System.Drawing.Font, System.Drawing, 4.0.0.0] font)","Parameters":[{"$type":"[SST:Expressions.Simple.ReferenceExpression]","Reference":{"$type":"[SST:References.VariableReference]","Identifier":"text"}},{"$type":"[SST:Expressions.Simple.ReferenceExpression]","Reference":{"$type":"[SST:References.VariableReference]","Identifier":"font"}}]}},{"$type":"[SST:Statements.VariableDeclaration]","Reference":{"$type":"[SST:References.VariableReference]","Identifier":"size"},"Type":"0T:s:System.Drawing.Size, System.Drawing, 4.0.0.0"},{"$type":"[SST:Statements.Assignment]","Reference":{"$type":"[SST:References.VariableReference]","Identifier":"size"},"Expression":{"$type":"[SST:Expressions.Assignable.InvocationExpression]","Reference":{"$type":"[SST:References.VariableReference]","Identifier":"s"},"MethodName":"0M:[s:System.Drawing.Size, System.Drawing, 4.0.0.0] [s:System.Drawing.SizeF, System.Drawing, 4.0.0.0].ToSize()","Parameters":[]}},{"$type":"[SST:Statements.ReturnStatement]","Expression":{"$type":"[SST:Expressions.Simple.ReferenceExpression]","Reference":{"$type":"[SST:References.VariableReference]","Identifier":"size"}},"IsVoid":false}]}],"Events":[],"Delegates":[]}}