{"$type":"KaVE.Commons.Model.Events.CompletionEvents.Context, KaVE.Commons","TypeShape":{"$type":"KaVE.Commons.Model.TypeShapes.TypeShape, KaVE.Commons","TypeHierarchy":{"$type":"KaVE.Commons.Model.TypeShapes.TypeHierarchy, KaVE.Commons","Element":"0T:ACAT.Lib.Core.Widgets.CheckBoxWidget, Core","Extends":{"$type":"KaVE.Commons.Model.TypeShapes.TypeHierarchy, KaVE.Commons","Element":"0T:ACAT.Lib.Core.Widgets.LabelWidget, Core","Extends":{"$type":"KaVE.Commons.Model.TypeShapes.TypeHierarchy, KaVE.Commons","Element":"0T:ACAT.Lib.Core.Widgets.ButtonWidgetBase, Core","Extends":{"$type":"KaVE.Commons.Model.TypeShapes.TypeHierarchy, KaVE.Commons","Element":"0T:ACAT.Lib.Core.WidgetManagement.Widget, Core","Implements":[{"$type":"KaVE.Commons.Model.TypeShapes.TypeHierarchy, KaVE.Commons","Element":"0T:i:System.IDisposable, mscorlib, 4.0.0.0","Implements":[]}]},"Implements":[{"$type":"KaVE.Commons.Model.TypeShapes.TypeHierarchy, KaVE.Commons","Element":"0T:i:ACAT.Lib.Core.WidgetManagement.IButtonWidget, Core","Implements":[]}]},"Implements":[]},"Implements":[]},"NestedTypes":[],"Delegates":[],"EventHierarchies":[],"Fields":["0F:[p:string] [ACAT.Lib.Core.Widgets.CheckBoxWidget, Core]._offStateText","0F:[p:string] [ACAT.Lib.Core.Widgets.CheckBoxWidget, Core]._onStateText","0F:[p:bool] [ACAT.Lib.Core.Widgets.CheckBoxWidget, Core]._toggleState"],"MethodHierarchies":[{"$type":"KaVE.Commons.Model.TypeShapes.MethodHierarchy, KaVE.Commons","Element":"0M:[p:void] [ACAT.Lib.Core.Widgets.CheckBoxWidget, Core]..ctor([System.Windows.Forms.Control, System.Windows.Forms, 4.0.0.0] uiControl)"},{"$type":"KaVE.Commons.Model.TypeShapes.MethodHierarchy, KaVE.Commons","Element":"0M:[p:bool] [ACAT.Lib.Core.Widgets.CheckBoxWidget, Core].GetToggleState()"},{"$type":"KaVE.Commons.Model.TypeShapes.MethodHierarchy, KaVE.Commons","Element":"0M:[p:void] [ACAT.Lib.Core.Widgets.CheckBoxWidget, Core].Load([System.Xml.XmlNode, System.Xml, 4.0.0.0] node)","Super":"0M:[p:void] [ACAT.Lib.Core.Widgets.LabelWidget, Core].Load([System.Xml.XmlNode, System.Xml, 4.0.0.0] node)","First":"0M:[p:void] [ACAT.Lib.Core.WidgetManagement.Widget, Core].Load([System.Xml.XmlNode, System.Xml, 4.0.0.0] node)"},{"$type":"KaVE.Commons.Model.TypeShapes.MethodHierarchy, KaVE.Commons","Element":"0M:[p:void] [ACAT.Lib.Core.Widgets.CheckBoxWidget, Core].SetToggleState([p:bool] isOn)"},{"$type":"KaVE.Commons.Model.TypeShapes.MethodHierarchy, KaVE.Commons","Element":"0M:[p:void] [ACAT.Lib.Core.Widgets.CheckBoxWidget, Core].CheckBoxWidget_EvtActuated([p:object] sender, [ACAT.Lib.Core.WidgetManagement.WidgetEventArgs, Core] e)"}],"PropertyHierarchies":[]},"SST":{"$type":"[SST:SST]","EnclosingType":"0T:ACAT.Lib.Core.Widgets.CheckBoxWidget, Core","Fields":[{"$type":"[SST:Declarations.FieldDeclaration]","Name":"0F:[p:string] [ACAT.Lib.Core.Widgets.CheckBoxWidget, Core]._offStateText"},{"$type":"[SST:Declarations.FieldDeclaration]","Name":"0F:[p:string] [ACAT.Lib.Core.Widgets.CheckBoxWidget, Core]._onStateText"},{"$type":"[SST:Declarations.FieldDeclaration]","Name":"0F:[p:bool] [ACAT.Lib.Core.Widgets.CheckBoxWidget, Core]._toggleState"}],"Properties":[],"Methods":[{"$type":"[SST:Declarations.MethodDeclaration]","Name":"0M:[p:void] [ACAT.Lib.Core.Widgets.CheckBoxWidget, Core]..init()","IsEntryPoint":false,"Body":[{"$type":"[SST:Statements.Assignment]","Reference":{"$type":"[SST:References.FieldReference]","Reference":{"$type":"[SST:References.VariableReference]","Identifier":"this"},"FieldName":"0F:[p:string] [ACAT.Lib.Core.Widgets.CheckBoxWidget, Core]._offStateText"},"Expression":{"$type":"[SST:Expressions.Simple.ConstantValueExpression]"}},{"$type":"[SST:Statements.Assignment]","Reference":{"$type":"[SST:References.FieldReference]","Reference":{"$type":"[SST:References.VariableReference]","Identifier":"this"},"FieldName":"0F:[p:string] [ACAT.Lib.Core.Widgets.CheckBoxWidget, Core]._onStateText"},"Expression":{"$type":"[SST:Expressions.Simple.ConstantValueExpression]"}}]},{"$type":"[SST:Declarations.MethodDeclaration]","Name":"0M:[p:void] [ACAT.Lib.Core.Widgets.CheckBoxWidget, Core]..ctor([System.Windows.Forms.Control, System.Windows.Forms, 4.0.0.0] uiControl)","IsEntryPoint":true,"Body":[{"$type":"[SST:Statements.ExpressionStatement]","Expression":{"$type":"[SST:Expressions.Assignable.InvocationExpression]","Reference":{"$type":"[SST:References.VariableReference]","Identifier":"base"},"MethodName":"0M:[p:void] [ACAT.Lib.Core.Widgets.LabelWidget, Core]..ctor([System.Windows.Forms.Control, System.Windows.Forms, 4.0.0.0] uiControl)","Parameters":[{"$type":"[SST:Expressions.Simple.ReferenceExpression]","Reference":{"$type":"[SST:References.VariableReference]","Identifier":"uiControl"}}]}},{"$type":"[SST:Statements.EventSubscriptionStatement]","Reference":{"$type":"[SST:References.EventReference]","Reference":{"$type":"[SST:References.VariableReference]","Identifier":"this"},"EventName":"0E:[d:[p:void] [ACAT.Lib.Core.WidgetManagement.WidgetEventDelegate, Core].([p:object] sender, [ACAT.Lib.Core.WidgetManagement.WidgetEventArgs, Core] e)] [ACAT.Lib.Core.WidgetManagement.Widget, Core].EvtActuated"},"Operation":0,"Expression":{"$type":"[SST:Expressions.Simple.ReferenceExpression]","Reference":{"$type":"[SST:References.MethodReference]","Reference":{"$type":"[SST:References.VariableReference]","Identifier":"this"},"MethodName":"0M:[p:void] [ACAT.Lib.Core.Widgets.CheckBoxWidget, Core].CheckBoxWidget_EvtActuated([p:object] sender, [ACAT.Lib.Core.WidgetManagement.WidgetEventArgs, Core] e)"}}},{"$type":"[SST:Statements.ExpressionStatement]","Expression":{"$type":"[SST:Expressions.Assignable.InvocationExpression]","Reference":{"$type":"[SST:References.VariableReference]","Identifier":"this"},"MethodName":"0M:[p:void] [ACAT.Lib.Core.Widgets.CheckBoxWidget, Core].SetToggleState([p:bool] isOn)","Parameters":[{"$type":"[SST:Expressions.Simple.ReferenceExpression]","Reference":{"$type":"[SST:References.FieldReference]","Reference":{"$type":"[SST:References.VariableReference]","Identifier":"this"},"FieldName":"0F:[p:bool] [ACAT.Lib.Core.Widgets.CheckBoxWidget, Core]._toggleState"}}]}}]},{"$type":"[SST:Declarations.MethodDeclaration]","Name":"0M:[p:bool] [ACAT.Lib.Core.Widgets.CheckBoxWidget, Core].GetToggleState()","IsEntryPoint":true,"Body":[{"$type":"[SST:Statements.ReturnStatement]","Expression":{"$type":"[SST:Expressions.Simple.ReferenceExpression]","Reference":{"$type":"[SST:References.FieldReference]","Reference":{"$type":"[SST:References.VariableReference]","Identifier":"this"},"FieldName":"0F:[p:bool] [ACAT.Lib.Core.Widgets.CheckBoxWidget, Core]._toggleState"}},"IsVoid":false}]},{"$type":"[SST:Declarations.MethodDeclaration]","Name":"0M:[p:void] [ACAT.Lib.Core.Widgets.CheckBoxWidget, Core].Load([System.Xml.XmlNode, System.Xml, 4.0.0.0] node)","IsEntryPoint":true,"Body":[{"$type":"[SST:Statements.VariableDeclaration]","Reference":{"$type":"[SST:References.VariableReference]","Identifier":"$0"},"Type":"0T:p:string"},{"$type":"[SST:Statements.Assignment]","Reference":{"$type":"[SST:References.VariableReference]","Identifier":"$0"},"Expression":{"$type":"[SST:Expressions.Assignable.BinaryExpression]","LeftOperand":{"$type":"[SST:Expressions.Simple.ConstantValueExpression]"},"Operator":9,"RightOperand":{"$type":"[SST:Expressions.Simple.ReferenceExpression]","Reference":{"$type":"[SST:References.VariableReference]","Identifier":"node"}}}},{"$type":"[SST:Statements.ExpressionStatement]","Expression":{"$type":"[SST:Expressions.Assignable.InvocationExpression]","Reference":{"$type":"[SST:References.VariableReference]","Identifier":""},"MethodName":"0M:static [p:void] [ACAT.Lib.Core.Utility.Log, Core].Debug([p:string] message)","Parameters":[{"$type":"[SST:Expressions.Simple.ReferenceExpression]","Reference":{"$type":"[SST:References.VariableReference]","Identifier":"$0"}}]}},{"$type":"[SST:Statements.VariableDeclaration]","Reference":{"$type":"[SST:References.VariableReference]","Identifier":"onOffState"},"Type":"0T:p:string"},{"$type":"[SST:Statements.Assignment]","Reference":{"$type":"[SST:References.VariableReference]","Identifier":"onOffState"},"Expression":{"$type":"[SST:Expressions.Assignable.InvocationExpression]","Reference":{"$type":"[SST:References.VariableReference]","Identifier":""},"MethodName":"0M:static [p:string] [ACAT.Lib.Core.Utility.XmlUtils, Core].GetXMLAttrString([System.Xml.XmlNode, System.Xml, 4.0.0.0] node, [p:string] attrName)","Parameters":[{"$type":"[SST:Expressions.Simple.ReferenceExpression]","Reference":{"$type":"[SST:References.VariableReference]","Identifier":"node"}},{"$type":"[SST:Expressions.Simple.ConstantValueExpression]"}]}},{"$type":"[SST:Statements.VariableDeclaration]","Reference":{"$type":"[SST:References.VariableReference]","Identifier":"toggle"},"Type":"0T:p:bool"},{"$type":"[SST:Statements.VariableDeclaration]","Reference":{"$type":"[SST:References.VariableReference]","Identifier":"$1"},"Type":"0T:p:int"},{"$type":"[SST:Statements.Assignment]","Reference":{"$type":"[SST:References.VariableReference]","Identifier":"$1"},"Expression":{"$type":"[SST:Expressions.Assignable.InvocationExpression]","Reference":{"$type":"[SST:References.VariableReference]","Identifier":""},"MethodName":"0M:static [p:int] [p:string].Compare([p:string] strA, [p:string] strB, [p:bool] ignoreCase)","Parameters":[{"$type":"[SST:Expressions.Simple.ReferenceExpression]","Reference":{"$type":"[SST:References.VariableReference]","Identifier":"onOffState"}},{"$type":"[SST:Expressions.Simple.ConstantValueExpression]"},{"$type":"[SST:Expressions.Simple.ConstantValueExpression]","Value":"true"}]}},{"$type":"[SST:Statements.Assignment]","Reference":{"$type":"[SST:References.VariableReference]","Identifier":"toggle"},"Expression":{"$type":"[SST:Expressions.Assignable.BinaryExpression]","LeftOperand":{"$type":"[SST:Expressions.Simple.ReferenceExpression]","Reference":{"$type":"[SST:References.VariableReference]","Identifier":"$1"}},"Operator":3,"RightOperand":{"$type":"[SST:Expressions.Simple.ConstantValueExpression]","Value":"0"}}},{"$type":"[SST:Statements.VariableDeclaration]","Reference":{"$type":"[SST:References.VariableReference]","Identifier":"state"},"Type":"0T:p:string"},{"$type":"[SST:Statements.Assignment]","Reference":{"$type":"[SST:References.VariableReference]","Identifier":"state"},"Expression":{"$type":"[SST:Expressions.Assignable.InvocationExpression]","Reference":{"$type":"[SST:References.VariableReference]","Identifier":""},"MethodName":"0M:static [p:string] [ACAT.Lib.Core.Utility.XmlUtils, Core].GetXMLAttrString([System.Xml.XmlNode, System.Xml, 4.0.0.0] node, [p:string] attrName)","Parameters":[{"$type":"[SST:Expressions.Simple.ReferenceExpression]","Reference":{"$type":"[SST:References.VariableReference]","Identifier":"node"}},{"$type":"[SST:Expressions.Simple.ConstantValueExpression]"}]}},{"$type":"[SST:Statements.VariableDeclaration]","Reference":{"$type":"[SST:References.VariableReference]","Identifier":"$2"},"Type":"0T:p:bool"},{"$type":"[SST:Statements.Assignment]","Reference":{"$type":"[SST:References.VariableReference]","Identifier":"$2"},"Expression":{"$type":"[SST:Expressions.Assignable.InvocationExpression]","Reference":{"$type":"[SST:References.VariableReference]","Identifier":""},"MethodName":"0M:static [p:bool] [p:string].IsNullOrEmpty([p:string] value)","Parameters":[{"$type":"[SST:Expressions.Simple.ReferenceExpression]","Reference":{"$type":"[SST:References.VariableReference]","Identifier":"state"}}]}},{"$type":"[SST:Statements.VariableDeclaration]","Reference":{"$type":"[SST:References.VariableReference]","Identifier":"$3"},"Type":"0T:p:bool"},{"$type":"[SST:Statements.Assignment]","Reference":{"$type":"[SST:References.VariableReference]","Identifier":"$3"},"Expression":{"$type":"[SST:Expressions.Assignable.UnaryExpression]","Operator":1,"Operand":{"$type":"[SST:Expressions.Simple.ReferenceExpression]","Reference":{"$type":"[SST:References.VariableReference]","Identifier":"$2"}}}},{"$type":"[SST:Blocks.IfElseBlock]","Condition":{"$type":"[SST:Expressions.Simple.ReferenceExpression]","Reference":{"$type":"[SST:References.VariableReference]","Identifier":"$3"}},"Then":[{"$type":"[SST:Statements.Assignment]","Reference":{"$type":"[SST:References.FieldReference]","Reference":{"$type":"[SST:References.VariableReference]","Identifier":"this"},"FieldName":"0F:[p:string] [ACAT.Lib.Core.Widgets.CheckBoxWidget, Core]._onStateText"},"Expression":{"$type":"[SST:Expressions.Simple.ReferenceExpression]","Reference":{"$type":"[SST:References.VariableReference]","Identifier":"state"}}}],"Else":[]},{"$type":"[SST:Statements.Assignment]","Reference":{"$type":"[SST:References.VariableReference]","Identifier":"state"},"Expression":{"$type":"[SST:Expressions.Assignable.InvocationExpression]","Reference":{"$type":"[SST:References.VariableReference]","Identifier":""},"MethodName":"0M:static [p:string] [ACAT.Lib.Core.Utility.XmlUtils, Core].GetXMLAttrString([System.Xml.XmlNode, System.Xml, 4.0.0.0] node, [p:string] attrName)","Parameters":[{"$type":"[SST:Expressions.Simple.ReferenceExpression]","Reference":{"$type":"[SST:References.VariableReference]","Identifier":"node"}},{"$type":"[SST:Expressions.Simple.ConstantValueExpression]"}]}},{"$type":"[SST:Statements.VariableDeclaration]","Reference":{"$type":"[SST:References.VariableReference]","Identifier":"$4"},"Type":"0T:p:bool"},{"$type":"[SST:Statements.Assignment]","Reference":{"$type":"[SST:References.VariableReference]","Identifier":"$4"},"Expression":{"$type":"[SST:Expressions.Assignable.InvocationExpression]","Reference":{"$type":"[SST:References.VariableReference]","Identifier":""},"MethodName":"0M:static [p:bool] [p:string].IsNullOrEmpty([p:string] value)","Parameters":[{"$type":"[SST:Expressions.Simple.ReferenceExpression]","Reference":{"$type":"[SST:References.VariableReference]","Identifier":"state"}}]}},{"$type":"[SST:Statements.VariableDeclaration]","Reference":{"$type":"[SST:References.VariableReference]","Identifier":"$5"},"Type":"0T:p:bool"},{"$type":"[SST:Statements.Assignment]","Reference":{"$type":"[SST:References.VariableReference]","Identifier":"$5"},"Expression":{"$type":"[SST:Expressions.Assignable.UnaryExpression]","Operator":1,"Operand":{"$type":"[SST:Expressions.Simple.ReferenceExpression]","Reference":{"$type":"[SST:References.VariableReference]","Identifier":"$4"}}}},{"$type":"[SST:Blocks.IfElseBlock]","Condition":{"$type":"[SST:Expressions.Simple.ReferenceExpression]","Reference":{"$type":"[SST:References.VariableReference]","Identifier":"$5"}},"Then":[{"$type":"[SST:Statements.Assignment]","Reference":{"$type":"[SST:References.FieldReference]","Reference":{"$type":"[SST:References.VariableReference]","Identifier":"this"},"FieldName":"0F:[p:string] [ACAT.Lib.Core.Widgets.CheckBoxWidget, Core]._offStateText"},"Expression":{"$type":"[SST:Expressions.Simple.ReferenceExpression]","Reference":{"$type":"[SST:References.VariableReference]","Identifier":"state"}}}],"Else":[]},{"$type":"[SST:Statements.ExpressionStatement]","Expression":{"$type":"[SST:Expressions.Assignable.InvocationExpression]","Reference":{"$type":"[SST:References.VariableReference]","Identifier":"this"},"MethodName":"0M:[p:void] [ACAT.Lib.Core.Widgets.CheckBoxWidget, Core].SetToggleState([p:bool] isOn)","Parameters":[{"$type":"[SST:Expressions.Simple.ReferenceExpression]","Reference":{"$type":"[SST:References.VariableReference]","Identifier":"toggle"}}]}}]},{"$type":"[SST:Declarations.MethodDeclaration]","Name":"0M:[p:void] [ACAT.Lib.Core.Widgets.CheckBoxWidget, Core].SetToggleState([p:bool] isOn)","IsEntryPoint":false,"Body":[{"$type":"[SST:Statements.Assignment]","Reference":{"$type":"[SST:References.FieldReference]","Reference":{"$type":"[SST:References.VariableReference]","Identifier":"this"},"FieldName":"0F:[p:bool] [ACAT.Lib.Core.Widgets.CheckBoxWidget, Core]._toggleState"},"Expression":{"$type":"[SST:Expressions.Simple.ReferenceExpression]","Reference":{"$type":"[SST:References.VariableReference]","Identifier":"isOn"}}},{"$type":"[SST:Statements.VariableDeclaration]","Reference":{"$type":"[SST:References.VariableReference]","Identifier":"$0"},"Type":"0T:p:string"},{"$type":"[SST:Statements.Assignment]","Reference":{"$type":"[SST:References.VariableReference]","Identifier":"$0"},"Expression":{"$type":"[SST:Expressions.Assignable.IfElseExpression]","Condition":{"$type":"[SST:Expressions.Simple.ReferenceExpression]","Reference":{"$type":"[SST:References.FieldReference]","Reference":{"$type":"[SST:References.VariableReference]","Identifier":"this"},"FieldName":"0F:[p:bool] [ACAT.Lib.Core.Widgets.CheckBoxWidget, Core]._toggleState"}},"ThenExpression":{"$type":"[SST:Expressions.Simple.ReferenceExpression]","Reference":{"$type":"[SST:References.FieldReference]","Reference":{"$type":"[SST:References.VariableReference]","Identifier":"this"},"FieldName":"0F:[p:string] [ACAT.Lib.Core.Widgets.CheckBoxWidget, Core]._onStateText"}},"ElseExpression":{"$type":"[SST:Expressions.Simple.ReferenceExpression]","Reference":{"$type":"[SST:References.FieldReference]","Reference":{"$type":"[SST:References.VariableReference]","Identifier":"this"},"FieldName":"0F:[p:string] [ACAT.Lib.Core.Widgets.CheckBoxWidget, Core]._offStateText"}}}},{"$type":"[SST:Statements.ExpressionStatement]","Expression":{"$type":"[SST:Expressions.Assignable.InvocationExpression]","Reference":{"$type":"[SST:References.VariableReference]","Identifier":""},"MethodName":"0M:static [p:void] [ACAT.Lib.Core.Utility.Windows, Core].SetText([System.Windows.Forms.Control, System.Windows.Forms, 4.0.0.0] control, [p:string] text)","Parameters":[{"$type":"[SST:Expressions.Simple.ReferenceExpression]","Reference":{"$type":"[SST:References.PropertyReference]","Reference":{"$type":"[SST:References.VariableReference]","Identifier":"this"},"PropertyName":"0P:set get [System.Windows.Forms.Control, System.Windows.Forms, 4.0.0.0] [ACAT.Lib.Core.WidgetManagement.Widget, Core].UIControl()"}},{"$type":"[SST:Expressions.Simple.ReferenceExpression]","Reference":{"$type":"[SST:References.VariableReference]","Identifier":"$0"}}]}}]},{"$type":"[SST:Declarations.MethodDeclaration]","Name":"0M:[p:void] [ACAT.Lib.Core.Widgets.CheckBoxWidget, Core].CheckBoxWidget_EvtActuated([p:object] sender, [ACAT.Lib.Core.WidgetManagement.WidgetEventArgs, Core] e)","IsEntryPoint":false,"Body":[{"$type":"[SST:Statements.VariableDeclaration]","Reference":{"$type":"[SST:References.VariableReference]","Identifier":"$0"},"Type":"0T:p:bool"},{"$type":"[SST:Statements.Assignment]","Reference":{"$type":"[SST:References.VariableReference]","Identifier":"$0"},"Expression":{"$type":"[SST:Expressions.Assignable.UnaryExpression]","Operator":1,"Operand":{"$type":"[SST:Expressions.Simple.ReferenceExpression]","Reference":{"$type":"[SST:References.FieldReference]","Reference":{"$type":"[SST:References.VariableReference]","Identifier":"this"},"FieldName":"0F:[p:bool] [ACAT.Lib.Core.Widgets.CheckBoxWidget, Core]._toggleState"}}}},{"$type":"[SST:Statements.ExpressionStatement]","Expression":{"$type":"[SST:Expressions.Assignable.InvocationExpression]","Reference":{"$type":"[SST:References.VariableReference]","Identifier":"this"},"MethodName":"0M:[p:void] [ACAT.Lib.Core.Widgets.CheckBoxWidget, Core].SetToggleState([p:bool] isOn)","Parameters":[{"$type":"[SST:Expressions.Simple.ReferenceExpression]","Reference":{"$type":"[SST:References.VariableReference]","Identifier":"$0"}}]}},{"$type":"[SST:Statements.ExpressionStatement]","Expression":{"$type":"[SST:Expressions.Assignable.InvocationExpression]","Reference":{"$type":"[SST:References.VariableReference]","Identifier":"this"},"MethodName":"0M:[p:void] [ACAT.Lib.Core.WidgetManagement.Widget, Core].notifyValueChanged()","Parameters":[]}}]}],"Events":[],"Delegates":[]}}