{"$type":"KaVE.Commons.Model.Events.CompletionEvents.Context, KaVE.Commons","TypeShape":{"$type":"KaVE.Commons.Model.TypeShapes.TypeShape, KaVE.Commons","TypeHierarchy":{"$type":"KaVE.Commons.Model.TypeShapes.TypeHierarchy, KaVE.Commons","Element":"0T:ACAT.Lib.Core.AbbreviationsManagement.Abbreviations, Core","Implements":[{"$type":"KaVE.Commons.Model.TypeShapes.TypeHierarchy, KaVE.Commons","Element":"0T:i:System.IDisposable, mscorlib, 4.0.0.0","Implements":[]}]},"NestedTypes":[],"Delegates":[],"EventHierarchies":[],"Fields":["0F:static [p:string] [ACAT.Lib.Core.AbbreviationsManagement.Abbreviations, Core].AbbreviationFile","0F:static [p:string] [ACAT.Lib.Core.AbbreviationsManagement.Abbreviations, Core].ModeAttr","0F:static [p:string] [ACAT.Lib.Core.AbbreviationsManagement.Abbreviations, Core].ReplaceWithAttr","0F:static [p:string] [ACAT.Lib.Core.AbbreviationsManagement.Abbreviations, Core].WordAttr","0F:[System.Collections.Generic.SortedDictionary`2[[TKey -> p:string],[TValue -> ACAT.Lib.Core.AbbreviationsManagement.Abbreviation, Core]], System, 4.0.0.0] [ACAT.Lib.Core.AbbreviationsManagement.Abbreviations, Core]._abbreviationList","0F:[p:bool] [ACAT.Lib.Core.AbbreviationsManagement.Abbreviations, Core]._disposed"],"MethodHierarchies":[{"$type":"KaVE.Commons.Model.TypeShapes.MethodHierarchy, KaVE.Commons","Element":"0M:[p:bool] [ACAT.Lib.Core.AbbreviationsManagement.Abbreviations, Core].Add([ACAT.Lib.Core.AbbreviationsManagement.Abbreviation, Core] abbreviation)"},{"$type":"KaVE.Commons.Model.TypeShapes.MethodHierarchy, KaVE.Commons","Element":"0M:[p:void] [ACAT.Lib.Core.AbbreviationsManagement.Abbreviations, Core].Clear()"},{"$type":"KaVE.Commons.Model.TypeShapes.MethodHierarchy, KaVE.Commons","Element":"0M:[p:void] [ACAT.Lib.Core.AbbreviationsManagement.Abbreviations, Core].Dispose()","First":"0M:[p:void] [i:System.IDisposable, mscorlib, 4.0.0.0].Dispose()"},{"$type":"KaVE.Commons.Model.TypeShapes.MethodHierarchy, KaVE.Commons","Element":"0M:[p:bool] [ACAT.Lib.Core.AbbreviationsManagement.Abbreviations, Core].Exists([p:string] abbreviation)"},{"$type":"KaVE.Commons.Model.TypeShapes.MethodHierarchy, KaVE.Commons","Element":"0M:[p:bool] [ACAT.Lib.Core.AbbreviationsManagement.Abbreviations, Core].Load(opt [p:string] abbreviationsFile)"},{"$type":"KaVE.Commons.Model.TypeShapes.MethodHierarchy, KaVE.Commons","Element":"0M:[ACAT.Lib.Core.AbbreviationsManagement.Abbreviation, Core] [ACAT.Lib.Core.AbbreviationsManagement.Abbreviations, Core].Lookup([p:string] mnemonic)"},{"$type":"KaVE.Commons.Model.TypeShapes.MethodHierarchy, KaVE.Commons","Element":"0M:[p:bool] [ACAT.Lib.Core.AbbreviationsManagement.Abbreviations, Core].Remove([p:string] abbreviation)"},{"$type":"KaVE.Commons.Model.TypeShapes.MethodHierarchy, KaVE.Commons","Element":"0M:[p:bool] [ACAT.Lib.Core.AbbreviationsManagement.Abbreviations, Core].Save()"},{"$type":"KaVE.Commons.Model.TypeShapes.MethodHierarchy, KaVE.Commons","Element":"0M:[p:bool] [ACAT.Lib.Core.AbbreviationsManagement.Abbreviations, Core].Update([ACAT.Lib.Core.AbbreviationsManagement.Abbreviation, Core] abbreviation)"},{"$type":"KaVE.Commons.Model.TypeShapes.MethodHierarchy, KaVE.Commons","Element":"0M:[p:void] [ACAT.Lib.Core.AbbreviationsManagement.Abbreviations, Core].Dispose([p:bool] disposing)"},{"$type":"KaVE.Commons.Model.TypeShapes.MethodHierarchy, KaVE.Commons","Element":"0M:[p:void] [ACAT.Lib.Core.AbbreviationsManagement.Abbreviations, Core].closeAbbreviationFile([System.Xml.XmlWriter, System.Xml, 4.0.0.0] xmlTextWriter)"},{"$type":"KaVE.Commons.Model.TypeShapes.MethodHierarchy, KaVE.Commons","Element":"0M:[System.Xml.XmlTextWriter, System.Xml, 4.0.0.0] [ACAT.Lib.Core.AbbreviationsManagement.Abbreviations, Core].createAbbreviationsFile([p:string] fileName)"},{"$type":"KaVE.Commons.Model.TypeShapes.MethodHierarchy, KaVE.Commons","Element":"0M:[p:void] [ACAT.Lib.Core.AbbreviationsManagement.Abbreviations, Core].createAndAddAbbreviation([System.Xml.XmlNode, System.Xml, 4.0.0.0] node)"}],"PropertyHierarchies":[{"$type":"KaVE.Commons.Model.TypeShapes.PropertyHierarchy, KaVE.Commons","Element":"0P:get [i:System.Collections.Generic.IEnumerable`1[[T -> ACAT.Lib.Core.AbbreviationsManagement.Abbreviation, Core]], mscorlib, 4.0.0.0] [ACAT.Lib.Core.AbbreviationsManagement.Abbreviations, Core].AbbrevationList()"}]},"SST":{"$type":"[SST:SST]","EnclosingType":"0T:ACAT.Lib.Core.AbbreviationsManagement.Abbreviations, Core","Fields":[{"$type":"[SST:Declarations.FieldDeclaration]","Name":"0F:static [p:string] [ACAT.Lib.Core.AbbreviationsManagement.Abbreviations, Core].AbbreviationFile"},{"$type":"[SST:Declarations.FieldDeclaration]","Name":"0F:static [p:string] [ACAT.Lib.Core.AbbreviationsManagement.Abbreviations, Core].ModeAttr"},{"$type":"[SST:Declarations.FieldDeclaration]","Name":"0F:static [p:string] [ACAT.Lib.Core.AbbreviationsManagement.Abbreviations, Core].ReplaceWithAttr"},{"$type":"[SST:Declarations.FieldDeclaration]","Name":"0F:static [p:string] [ACAT.Lib.Core.AbbreviationsManagement.Abbreviations, Core].WordAttr"},{"$type":"[SST:Declarations.FieldDeclaration]","Name":"0F:[System.Collections.Generic.SortedDictionary`2[[TKey -> p:string],[TValue -> ACAT.Lib.Core.AbbreviationsManagement.Abbreviation, Core]], System, 4.0.0.0] [ACAT.Lib.Core.AbbreviationsManagement.Abbreviations, Core]._abbreviationList"},{"$type":"[SST:Declarations.FieldDeclaration]","Name":"0F:[p:bool] [ACAT.Lib.Core.AbbreviationsManagement.Abbreviations, Core]._disposed"}],"Properties":[{"$type":"[SST:Declarations.PropertyDeclaration]","Name":"0P:get [i:System.Collections.Generic.IEnumerable`1[[T -> ACAT.Lib.Core.AbbreviationsManagement.Abbreviation, Core]], mscorlib, 4.0.0.0] [ACAT.Lib.Core.AbbreviationsManagement.Abbreviations, Core].AbbrevationList()","Get":[{"$type":"[SST:Statements.VariableDeclaration]","Reference":{"$type":"[SST:References.VariableReference]","Identifier":"$0"},"Type":"0T:System.Collections.Generic.SortedDictionary`2[[TKey -> p:string],[TValue -> ACAT.Lib.Core.AbbreviationsManagement.Abbreviation, Core]], System, 4.0.0.0"},{"$type":"[SST:Statements.Assignment]","Reference":{"$type":"[SST:References.VariableReference]","Identifier":"$0"},"Expression":{"$type":"[SST:Expressions.Simple.ReferenceExpression]","Reference":{"$type":"[SST:References.FieldReference]","Reference":{"$type":"[SST:References.VariableReference]","Identifier":"this"},"FieldName":"0F:[System.Collections.Generic.SortedDictionary`2[[TKey -> p:string],[TValue -> ACAT.Lib.Core.AbbreviationsManagement.Abbreviation, Core]], System, 4.0.0.0] [ACAT.Lib.Core.AbbreviationsManagement.Abbreviations, Core]._abbreviationList"}}},{"$type":"[SST:Statements.VariableDeclaration]","Reference":{"$type":"[SST:References.VariableReference]","Identifier":"$1"},"Type":"0T:System.Collections.Generic.SortedDictionary`2[[TKey -> p:string],[TValue -> ACAT.Lib.Core.AbbreviationsManagement.Abbreviation, Core]]+ValueCollection, System, 4.0.0.0"},{"$type":"[SST:Statements.Assignment]","Reference":{"$type":"[SST:References.VariableReference]","Identifier":"$1"},"Expression":{"$type":"[SST:Expressions.Simple.ReferenceExpression]","Reference":{"$type":"[SST:References.PropertyReference]","Reference":{"$type":"[SST:References.VariableReference]","Identifier":"$0"},"PropertyName":"0P:get [System.Collections.Generic.SortedDictionary`2[[TKey],[TValue]]+ValueCollection, System, 4.0.0.0] [System.Collections.Generic.SortedDictionary`2[[TKey],[TValue]], System, 4.0.0.0].Values()"}}},{"$type":"[SST:Statements.VariableDeclaration]","Reference":{"$type":"[SST:References.VariableReference]","Identifier":"$2"},"Type":"0T:System.Collections.Generic.List`1[[T -> ACAT.Lib.Core.AbbreviationsManagement.Abbreviation, Core]], mscorlib, 4.0.0.0"},{"$type":"[SST:Statements.Assignment]","Reference":{"$type":"[SST:References.VariableReference]","Identifier":"$2"},"Expression":{"$type":"[SST:Expressions.Assignable.InvocationExpression]","Reference":{"$type":"[SST:References.VariableReference]","Identifier":""},"MethodName":"0M:static [System.Collections.Generic.List`1[[T -> TSource]], mscorlib, 4.0.0.0] [System.Linq.Enumerable, System.Core, 4.0.0.0].ToList`1[[TSource -> ACAT.Lib.Core.AbbreviationsManagement.Abbreviation, Core]](this [i:System.Collections.Generic.IEnumerable`1[[T -> TSource]], mscorlib, 4.0.0.0] source)","Parameters":[{"$type":"[SST:Expressions.Simple.ReferenceExpression]","Reference":{"$type":"[SST:References.VariableReference]","Identifier":"$1"}}]}},{"$type":"[SST:Statements.ReturnStatement]","Expression":{"$type":"[SST:Expressions.Simple.ReferenceExpression]","Reference":{"$type":"[SST:References.VariableReference]","Identifier":"$2"}},"IsVoid":false}],"Set":[]}],"Methods":[{"$type":"[SST:Declarations.MethodDeclaration]","Name":"0M:[p:void] [ACAT.Lib.Core.AbbreviationsManagement.Abbreviations, Core]..init()","IsEntryPoint":false,"Body":[{"$type":"[SST:Statements.Assignment]","Reference":{"$type":"[SST:References.FieldReference]","Reference":{"$type":"[SST:References.VariableReference]","Identifier":"this"},"FieldName":"0F:[System.Collections.Generic.SortedDictionary`2[[TKey -> p:string],[TValue -> ACAT.Lib.Core.AbbreviationsManagement.Abbreviation, Core]], System, 4.0.0.0] [ACAT.Lib.Core.AbbreviationsManagement.Abbreviations, Core]._abbreviationList"},"Expression":{"$type":"[SST:Expressions.Assignable.InvocationExpression]","Reference":{"$type":"[SST:References.VariableReference]","Identifier":""},"MethodName":"0M:[p:void] [System.Collections.Generic.SortedDictionary`2[[TKey -> p:string],[TValue -> ACAT.Lib.Core.AbbreviationsManagement.Abbreviation, Core]], System, 4.0.0.0]..ctor()","Parameters":[]}}]},{"$type":"[SST:Declarations.MethodDeclaration]","Name":"0M:[p:bool] [ACAT.Lib.Core.AbbreviationsManagement.Abbreviations, Core].Add([ACAT.Lib.Core.AbbreviationsManagement.Abbreviation, Core] abbreviation)","IsEntryPoint":false,"Body":[{"$type":"[SST:Statements.VariableDeclaration]","Reference":{"$type":"[SST:References.VariableReference]","Identifier":"$0"},"Type":"0T:p:bool"},{"$type":"[SST:Statements.Assignment]","Reference":{"$type":"[SST:References.VariableReference]","Identifier":"$0"},"Expression":{"$type":"[SST:Expressions.Assignable.InvocationExpression]","Reference":{"$type":"[SST:References.VariableReference]","Identifier":""},"MethodName":"0M:static [p:bool] [p:string].IsNullOrEmpty([p:string] value)","Parameters":[{"$type":"[SST:Expressions.Simple.ReferenceExpression]","Reference":{"$type":"[SST:References.PropertyReference]","Reference":{"$type":"[SST:References.VariableReference]","Identifier":"abbreviation"},"PropertyName":"0P:set get [p:string] [ACAT.Lib.Core.AbbreviationsManagement.Abbreviation, Core].Mnemonic()"}}]}},{"$type":"[SST:Statements.VariableDeclaration]","Reference":{"$type":"[SST:References.VariableReference]","Identifier":"$1"},"Type":"0T:p:bool"},{"$type":"[SST:Statements.Assignment]","Reference":{"$type":"[SST:References.VariableReference]","Identifier":"$1"},"Expression":{"$type":"[SST:Expressions.Assignable.InvocationExpression]","Reference":{"$type":"[SST:References.VariableReference]","Identifier":""},"MethodName":"0M:static [p:bool] [p:string].IsNullOrWhiteSpace([p:string] value)","Parameters":[{"$type":"[SST:Expressions.Simple.ReferenceExpression]","Reference":{"$type":"[SST:References.PropertyReference]","Reference":{"$type":"[SST:References.VariableReference]","Identifier":"abbreviation"},"PropertyName":"0P:set get [p:string] [ACAT.Lib.Core.AbbreviationsManagement.Abbreviation, Core].Mnemonic()"}}]}},{"$type":"[SST:Statements.VariableDeclaration]","Reference":{"$type":"[SST:References.VariableReference]","Identifier":"$2"},"Type":"0T:p:bool"},{"$type":"[SST:Statements.Assignment]","Reference":{"$type":"[SST:References.VariableReference]","Identifier":"$2"},"Expression":{"$type":"[SST:Expressions.Assignable.BinaryExpression]","LeftOperand":{"$type":"[SST:Expressions.Simple.ReferenceExpression]","Reference":{"$type":"[SST:References.VariableReference]","Identifier":"$0"}},"Operator":8,"RightOperand":{"$type":"[SST:Expressions.Simple.ReferenceExpression]","Reference":{"$type":"[SST:References.VariableReference]","Identifier":"$1"}}}},{"$type":"[SST:Statements.VariableDeclaration]","Reference":{"$type":"[SST:References.VariableReference]","Identifier":"$3"},"Type":"0T:p:bool"},{"$type":"[SST:Statements.Assignment]","Reference":{"$type":"[SST:References.VariableReference]","Identifier":"$3"},"Expression":{"$type":"[SST:Expressions.Assignable.InvocationExpression]","Reference":{"$type":"[SST:References.VariableReference]","Identifier":""},"MethodName":"0M:static [p:bool] [p:string].IsNullOrWhiteSpace([p:string] value)","Parameters":[{"$type":"[SST:Expressions.Simple.ReferenceExpression]","Reference":{"$type":"[SST:References.PropertyReference]","Reference":{"$type":"[SST:References.VariableReference]","Identifier":"abbreviation"},"PropertyName":"0P:set get [p:string] [ACAT.Lib.Core.AbbreviationsManagement.Abbreviation, Core].Expansion()"}}]}},{"$type":"[SST:Statements.VariableDeclaration]","Reference":{"$type":"[SST:References.VariableReference]","Identifier":"$4"},"Type":"0T:p:bool"},{"$type":"[SST:Statements.Assignment]","Reference":{"$type":"[SST:References.VariableReference]","Identifier":"$4"},"Expression":{"$type":"[SST:Expressions.Assignable.BinaryExpression]","LeftOperand":{"$type":"[SST:Expressions.Simple.ReferenceExpression]","Reference":{"$type":"[SST:References.VariableReference]","Identifier":"$2"}},"Operator":8,"RightOperand":{"$type":"[SST:Expressions.Simple.ReferenceExpression]","Reference":{"$type":"[SST:References.VariableReference]","Identifier":"$3"}}}},{"$type":"[SST:Statements.VariableDeclaration]","Reference":{"$type":"[SST:References.VariableReference]","Identifier":"$5"},"Type":"0T:p:bool"},{"$type":"[SST:Statements.Assignment]","Reference":{"$type":"[SST:References.VariableReference]","Identifier":"$5"},"Expression":{"$type":"[SST:Expressions.Assignable.InvocationExpression]","Reference":{"$type":"[SST:References.VariableReference]","Identifier":""},"MethodName":"0M:static [p:bool] [p:string].IsNullOrEmpty([p:string] value)","Parameters":[{"$type":"[SST:Expressions.Simple.ReferenceExpression]","Reference":{"$type":"[SST:References.PropertyReference]","Reference":{"$type":"[SST:References.VariableReference]","Identifier":"abbreviation"},"PropertyName":"0P:set get [p:string] [ACAT.Lib.Core.AbbreviationsManagement.Abbreviation, Core].Expansion()"}}]}},{"$type":"[SST:Statements.VariableDeclaration]","Reference":{"$type":"[SST:References.VariableReference]","Identifier":"$6"},"Type":"0T:p:bool"},{"$type":"[SST:Statements.Assignment]","Reference":{"$type":"[SST:References.VariableReference]","Identifier":"$6"},"Expression":{"$type":"[SST:Expressions.Assignable.BinaryExpression]","LeftOperand":{"$type":"[SST:Expressions.Simple.ReferenceExpression]","Reference":{"$type":"[SST:References.VariableReference]","Identifier":"$4"}},"Operator":8,"RightOperand":{"$type":"[SST:Expressions.Simple.ReferenceExpression]","Reference":{"$type":"[SST:References.VariableReference]","Identifier":"$5"}}}},{"$type":"[SST:Blocks.IfElseBlock]","Condition":{"$type":"[SST:Expressions.Simple.ReferenceExpression]","Reference":{"$type":"[SST:References.VariableReference]","Identifier":"$6"}},"Then":[{"$type":"[SST:Statements.ReturnStatement]","Expression":{"$type":"[SST:Expressions.Simple.ConstantValueExpression]","Value":"false"},"IsVoid":false}],"Else":[]},{"$type":"[SST:Statements.VariableDeclaration]","Reference":{"$type":"[SST:References.VariableReference]","Identifier":"$7"},"Type":"0T:System.Collections.Generic.SortedDictionary`2[[TKey -> p:string],[TValue -> ACAT.Lib.Core.AbbreviationsManagement.Abbreviation, Core]], System, 4.0.0.0"},{"$type":"[SST:Statements.Assignment]","Reference":{"$type":"[SST:References.VariableReference]","Identifier":"$7"},"Expression":{"$type":"[SST:Expressions.Simple.ReferenceExpression]","Reference":{"$type":"[SST:References.FieldReference]","Reference":{"$type":"[SST:References.VariableReference]","Identifier":"this"},"FieldName":"0F:[System.Collections.Generic.SortedDictionary`2[[TKey -> p:string],[TValue -> ACAT.Lib.Core.AbbreviationsManagement.Abbreviation, Core]], System, 4.0.0.0] [ACAT.Lib.Core.AbbreviationsManagement.Abbreviations, Core]._abbreviationList"}}},{"$type":"[SST:Statements.Assignment]","Reference":{"$type":"[SST:References.IndexAccessReference]","Expression":{"$type":"[SST:Expressions.Assignable.IndexAccessExpression]","Reference":{"$type":"[SST:References.VariableReference]","Identifier":"$7"},"Indices":[{"$type":"[SST:Expressions.Simple.ReferenceExpression]","Reference":{"$type":"[SST:References.PropertyReference]","Reference":{"$type":"[SST:References.VariableReference]","Identifier":"abbreviation"},"PropertyName":"0P:set get [p:string] [ACAT.Lib.Core.AbbreviationsManagement.Abbreviation, Core].Mnemonic()"}}]}},"Expression":{"$type":"[SST:Expressions.Simple.ReferenceExpression]","Reference":{"$type":"[SST:References.VariableReference]","Identifier":"abbreviation"}}},{"$type":"[SST:Statements.ReturnStatement]","Expression":{"$type":"[SST:Expressions.Simple.ConstantValueExpression]","Value":"true"},"IsVoid":false}]},{"$type":"[SST:Declarations.MethodDeclaration]","Name":"0M:[p:void] [ACAT.Lib.Core.AbbreviationsManagement.Abbreviations, Core].Clear()","IsEntryPoint":true,"Body":[{"$type":"[SST:Statements.VariableDeclaration]","Reference":{"$type":"[SST:References.VariableReference]","Identifier":"$0"},"Type":"0T:System.Collections.Generic.SortedDictionary`2[[TKey -> p:string],[TValue -> ACAT.Lib.Core.AbbreviationsManagement.Abbreviation, Core]], System, 4.0.0.0"},{"$type":"[SST:Statements.Assignment]","Reference":{"$type":"[SST:References.VariableReference]","Identifier":"$0"},"Expression":{"$type":"[SST:Expressions.Simple.ReferenceExpression]","Reference":{"$type":"[SST:References.FieldReference]","Reference":{"$type":"[SST:References.VariableReference]","Identifier":"this"},"FieldName":"0F:[System.Collections.Generic.SortedDictionary`2[[TKey -> p:string],[TValue -> ACAT.Lib.Core.AbbreviationsManagement.Abbreviation, Core]], System, 4.0.0.0] [ACAT.Lib.Core.AbbreviationsManagement.Abbreviations, Core]._abbreviationList"}}},{"$type":"[SST:Statements.ExpressionStatement]","Expression":{"$type":"[SST:Expressions.Assignable.InvocationExpression]","Reference":{"$type":"[SST:References.VariableReference]","Identifier":"$0"},"MethodName":"0M:[p:void] [System.Collections.Generic.SortedDictionary`2[[TKey -> p:string],[TValue -> ACAT.Lib.Core.AbbreviationsManagement.Abbreviation, Core]], System, 4.0.0.0].Clear()","Parameters":[]}}]},{"$type":"[SST:Declarations.MethodDeclaration]","Name":"0M:[p:void] [ACAT.Lib.Core.AbbreviationsManagement.Abbreviations, Core].Dispose()","IsEntryPoint":true,"Body":[{"$type":"[SST:Statements.ExpressionStatement]","Expression":{"$type":"[SST:Expressions.Assignable.InvocationExpression]","Reference":{"$type":"[SST:References.VariableReference]","Identifier":"this"},"MethodName":"0M:[p:void] [ACAT.Lib.Core.AbbreviationsManagement.Abbreviations, Core].Dispose([p:bool] disposing)","Parameters":[{"$type":"[SST:Expressions.Simple.ConstantValueExpression]","Value":"true"}]}},{"$type":"[SST:Statements.ExpressionStatement]","Expression":{"$type":"[SST:Expressions.Assignable.InvocationExpression]","Reference":{"$type":"[SST:References.VariableReference]","Identifier":""},"MethodName":"0M:static [p:void] [System.GC, mscorlib, 4.0.0.0].SuppressFinalize([p:object] obj)","Parameters":[{"$type":"[SST:Expressions.Simple.ReferenceExpression]","Reference":{"$type":"[SST:References.VariableReference]","Identifier":"this"}}]}}]},{"$type":"[SST:Declarations.MethodDeclaration]","Name":"0M:[p:bool] [ACAT.Lib.Core.AbbreviationsManagement.Abbreviations, Core].Exists([p:string] abbreviation)","IsEntryPoint":false,"Body":[{"$type":"[SST:Statements.VariableDeclaration]","Reference":{"$type":"[SST:References.VariableReference]","Identifier":"$0"},"Type":"0T:System.Collections.Generic.SortedDictionary`2[[TKey -> p:string],[TValue -> ACAT.Lib.Core.AbbreviationsManagement.Abbreviation, Core]], System, 4.0.0.0"},{"$type":"[SST:Statements.Assignment]","Reference":{"$type":"[SST:References.VariableReference]","Identifier":"$0"},"Expression":{"$type":"[SST:Expressions.Simple.ReferenceExpression]","Reference":{"$type":"[SST:References.FieldReference]","Reference":{"$type":"[SST:References.VariableReference]","Identifier":"this"},"FieldName":"0F:[System.Collections.Generic.SortedDictionary`2[[TKey -> p:string],[TValue -> ACAT.Lib.Core.AbbreviationsManagement.Abbreviation, Core]], System, 4.0.0.0] [ACAT.Lib.Core.AbbreviationsManagement.Abbreviations, Core]._abbreviationList"}}},{"$type":"[SST:Statements.VariableDeclaration]","Reference":{"$type":"[SST:References.VariableReference]","Identifier":"$1"},"Type":"0T:p:string"},{"$type":"[SST:Statements.Assignment]","Reference":{"$type":"[SST:References.VariableReference]","Identifier":"$1"},"Expression":{"$type":"[SST:Expressions.Assignable.InvocationExpression]","Reference":{"$type":"[SST:References.VariableReference]","Identifier":"abbreviation"},"MethodName":"0M:[p:string] [p:string].ToUpper()","Parameters":[]}},{"$type":"[SST:Statements.VariableDeclaration]","Reference":{"$type":"[SST:References.VariableReference]","Identifier":"$2"},"Type":"0T:p:bool"},{"$type":"[SST:Statements.Assignment]","Reference":{"$type":"[SST:References.VariableReference]","Identifier":"$2"},"Expression":{"$type":"[SST:Expressions.Assignable.InvocationExpression]","Reference":{"$type":"[SST:References.VariableReference]","Identifier":"$0"},"MethodName":"0M:[p:bool] [System.Collections.Generic.SortedDictionary`2[[TKey -> p:string],[TValue -> ACAT.Lib.Core.AbbreviationsManagement.Abbreviation, Core]], System, 4.0.0.0].ContainsKey([TKey] key)","Parameters":[{"$type":"[SST:Expressions.Simple.ReferenceExpression]","Reference":{"$type":"[SST:References.VariableReference]","Identifier":"$1"}}]}},{"$type":"[SST:Statements.ReturnStatement]","Expression":{"$type":"[SST:Expressions.Simple.ReferenceExpression]","Reference":{"$type":"[SST:References.VariableReference]","Identifier":"$2"}},"IsVoid":false}]},{"$type":"[SST:Declarations.MethodDeclaration]","Name":"0M:[p:bool] [ACAT.Lib.Core.AbbreviationsManagement.Abbreviations, Core].Load(opt [p:string] abbreviationsFile)","IsEntryPoint":true,"Body":[{"$type":"[SST:Statements.VariableDeclaration]","Reference":{"$type":"[SST:References.VariableReference]","Identifier":"retVal"},"Type":"0T:p:bool"},{"$type":"[SST:Statements.Assignment]","Reference":{"$type":"[SST:References.VariableReference]","Identifier":"retVal"},"Expression":{"$type":"[SST:Expressions.Simple.ConstantValueExpression]","Value":"true"}},{"$type":"[SST:Statements.VariableDeclaration]","Reference":{"$type":"[SST:References.VariableReference]","Identifier":"$0"},"Type":"0T:p:bool"},{"$type":"[SST:Statements.Assignment]","Reference":{"$type":"[SST:References.VariableReference]","Identifier":"$0"},"Expression":{"$type":"[SST:Expressions.Assignable.InvocationExpression]","Reference":{"$type":"[SST:References.VariableReference]","Identifier":""},"MethodName":"0M:static [p:bool] [p:string].IsNullOrEmpty([p:string] value)","Parameters":[{"$type":"[SST:Expressions.Simple.ReferenceExpression]","Reference":{"$type":"[SST:References.VariableReference]","Identifier":"abbreviationsFile"}}]}},{"$type":"[SST:Blocks.IfElseBlock]","Condition":{"$type":"[SST:Expressions.Simple.ReferenceExpression]","Reference":{"$type":"[SST:References.VariableReference]","Identifier":"$0"}},"Then":[{"$type":"[SST:Statements.Assignment]","Reference":{"$type":"[SST:References.VariableReference]","Identifier":"abbreviationsFile"},"Expression":{"$type":"[SST:Expressions.Assignable.InvocationExpression]","Reference":{"$type":"[SST:References.VariableReference]","Identifier":""},"MethodName":"0M:static [p:string] [ACAT.Lib.Core.UserManagement.UserManager, Core].GetFullPath([p:string] path)","Parameters":[{"$type":"[SST:Expressions.Simple.ReferenceExpression]","Reference":{"$type":"[SST:References.FieldReference]","Reference":{"$type":"[SST:References.VariableReference]","Identifier":""},"FieldName":"0F:static [p:string] [ACAT.Lib.Core.AbbreviationsManagement.Abbreviations, Core].AbbreviationFile"}}]}}],"Else":[]},{"$type":"[SST:Statements.VariableDeclaration]","Reference":{"$type":"[SST:References.VariableReference]","Identifier":"doc"},"Type":"0T:System.Xml.XmlDocument, System.Xml, 4.0.0.0"},{"$type":"[SST:Statements.Assignment]","Reference":{"$type":"[SST:References.VariableReference]","Identifier":"doc"},"Expression":{"$type":"[SST:Expressions.Assignable.InvocationExpression]","Reference":{"$type":"[SST:References.VariableReference]","Identifier":""},"MethodName":"0M:[p:void] [System.Xml.XmlDocument, System.Xml, 4.0.0.0]..ctor()","Parameters":[]}},{"$type":"[SST:Blocks.TryBlock]","Body":[{"$type":"[SST:Statements.VariableDeclaration]","Reference":{"$type":"[SST:References.VariableReference]","Identifier":"$1"},"Type":"0T:System.Collections.Generic.SortedDictionary`2[[TKey -> p:string],[TValue -> ACAT.Lib.Core.AbbreviationsManagement.Abbreviation, Core]], System, 4.0.0.0"},{"$type":"[SST:Statements.Assignment]","Reference":{"$type":"[SST:References.VariableReference]","Identifier":"$1"},"Expression":{"$type":"[SST:Expressions.Simple.ReferenceExpression]","Reference":{"$type":"[SST:References.FieldReference]","Reference":{"$type":"[SST:References.VariableReference]","Identifier":"this"},"FieldName":"0F:[System.Collections.Generic.SortedDictionary`2[[TKey -> p:string],[TValue -> ACAT.Lib.Core.AbbreviationsManagement.Abbreviation, Core]], System, 4.0.0.0] [ACAT.Lib.Core.AbbreviationsManagement.Abbreviations, Core]._abbreviationList"}}},{"$type":"[SST:Statements.ExpressionStatement]","Expression":{"$type":"[SST:Expressions.Assignable.InvocationExpression]","Reference":{"$type":"[SST:References.VariableReference]","Identifier":"$1"},"MethodName":"0M:[p:void] [System.Collections.Generic.SortedDictionary`2[[TKey -> p:string],[TValue -> ACAT.Lib.Core.AbbreviationsManagement.Abbreviation, Core]], System, 4.0.0.0].Clear()","Parameters":[]}},{"$type":"[SST:Statements.VariableDeclaration]","Reference":{"$type":"[SST:References.VariableReference]","Identifier":"$2"},"Type":"0T:p:bool"},{"$type":"[SST:Statements.Assignment]","Reference":{"$type":"[SST:References.VariableReference]","Identifier":"$2"},"Expression":{"$type":"[SST:Expressions.Assignable.InvocationExpression]","Reference":{"$type":"[SST:References.VariableReference]","Identifier":""},"MethodName":"0M:static [p:bool] [System.IO.File, mscorlib, 4.0.0.0].Exists([p:string] path)","Parameters":[{"$type":"[SST:Expressions.Simple.ReferenceExpression]","Reference":{"$type":"[SST:References.VariableReference]","Identifier":"abbreviationsFile"}}]}},{"$type":"[SST:Blocks.IfElseBlock]","Condition":{"$type":"[SST:Expressions.Simple.ReferenceExpression]","Reference":{"$type":"[SST:References.VariableReference]","Identifier":"$2"}},"Then":[{"$type":"[SST:Statements.ExpressionStatement]","Expression":{"$type":"[SST:Expressions.Assignable.InvocationExpression]","Reference":{"$type":"[SST:References.VariableReference]","Identifier":"doc"},"MethodName":"0M:[p:void] [System.Xml.XmlDocument, System.Xml, 4.0.0.0].Load([p:string] filename)","Parameters":[{"$type":"[SST:Expressions.Simple.ReferenceExpression]","Reference":{"$type":"[SST:References.VariableReference]","Identifier":"abbreviationsFile"}}]}},{"$type":"[SST:Statements.VariableDeclaration]","Reference":{"$type":"[SST:References.VariableReference]","Identifier":"abbrNodes"},"Type":"0T:System.Xml.XmlNodeList, System.Xml, 4.0.0.0"},{"$type":"[SST:Statements.Assignment]","Reference":{"$type":"[SST:References.VariableReference]","Identifier":"abbrNodes"},"Expression":{"$type":"[SST:Expressions.Assignable.InvocationExpression]","Reference":{"$type":"[SST:References.VariableReference]","Identifier":"doc"},"MethodName":"0M:[System.Xml.XmlNodeList, System.Xml, 4.0.0.0] [System.Xml.XmlNode, System.Xml, 4.0.0.0].SelectNodes([p:string] xpath)","Parameters":[{"$type":"[SST:Expressions.Simple.ConstantValueExpression]"}]}},{"$type":"[SST:Statements.VariableDeclaration]","Reference":{"$type":"[SST:References.VariableReference]","Identifier":"$3"},"Type":"0T:p:bool"},{"$type":"[SST:Statements.Assignment]","Reference":{"$type":"[SST:References.VariableReference]","Identifier":"$3"},"Expression":{"$type":"[SST:Expressions.Assignable.BinaryExpression]","LeftOperand":{"$type":"[SST:Expressions.Simple.ReferenceExpression]","Reference":{"$type":"[SST:References.VariableReference]","Identifier":"abbrNodes"}},"Operator":6,"RightOperand":{"$type":"[SST:Expressions.Simple.ConstantValueExpression]","Value":"null"}}},{"$type":"[SST:Blocks.IfElseBlock]","Condition":{"$type":"[SST:Expressions.Simple.ReferenceExpression]","Reference":{"$type":"[SST:References.VariableReference]","Identifier":"$3"}},"Then":[{"$type":"[SST:Blocks.ForEachLoop]","Declaration":{"$type":"[SST:Statements.VariableDeclaration]","Reference":{"$type":"[SST:References.VariableReference]","Identifier":"node"},"Type":"0T:System.Xml.XmlNode, System.Xml, 4.0.0.0"},"LoopedReference":{"$type":"[SST:References.VariableReference]","Identifier":"abbrNodes"},"Body":[{"$type":"[SST:Statements.ExpressionStatement]","Expression":{"$type":"[SST:Expressions.Assignable.InvocationExpression]","Reference":{"$type":"[SST:References.VariableReference]","Identifier":"this"},"MethodName":"0M:[p:void] [ACAT.Lib.Core.AbbreviationsManagement.Abbreviations, Core].createAndAddAbbreviation([System.Xml.XmlNode, System.Xml, 4.0.0.0] node)","Parameters":[{"$type":"[SST:Expressions.Simple.ReferenceExpression]","Reference":{"$type":"[SST:References.VariableReference]","Identifier":"node"}}]}}]}],"Else":[]}],"Else":[{"$type":"[SST:Statements.VariableDeclaration]","Reference":{"$type":"[SST:References.VariableReference]","Identifier":"$4"},"Type":"0T:p:string"},{"$type":"[SST:Statements.Assignment]","Reference":{"$type":"[SST:References.VariableReference]","Identifier":"$4"},"Expression":{"$type":"[SST:Expressions.Assignable.BinaryExpression]","LeftOperand":{"$type":"[SST:Expressions.Simple.ConstantValueExpression]"},"Operator":9,"RightOperand":{"$type":"[SST:Expressions.Simple.ReferenceExpression]","Reference":{"$type":"[SST:References.VariableReference]","Identifier":"abbreviationsFile"}}}},{"$type":"[SST:Statements.VariableDeclaration]","Reference":{"$type":"[SST:References.VariableReference]","Identifier":"$5"},"Type":"0T:p:string"},{"$type":"[SST:Statements.Assignment]","Reference":{"$type":"[SST:References.VariableReference]","Identifier":"$5"},"Expression":{"$type":"[SST:Expressions.Assignable.BinaryExpression]","LeftOperand":{"$type":"[SST:Expressions.Simple.ReferenceExpression]","Reference":{"$type":"[SST:References.VariableReference]","Identifier":"$4"}},"Operator":9,"RightOperand":{"$type":"[SST:Expressions.Simple.ConstantValueExpression]"}}},{"$type":"[SST:Statements.ExpressionStatement]","Expression":{"$type":"[SST:Expressions.Assignable.InvocationExpression]","Reference":{"$type":"[SST:References.VariableReference]","Identifier":""},"MethodName":"0M:static [p:void] [ACAT.Lib.Core.Utility.Log, Core].Debug([p:string] message)","Parameters":[{"$type":"[SST:Expressions.Simple.ReferenceExpression]","Reference":{"$type":"[SST:References.VariableReference]","Identifier":"$5"}}]}},{"$type":"[SST:Statements.Assignment]","Reference":{"$type":"[SST:References.VariableReference]","Identifier":"retVal"},"Expression":{"$type":"[SST:Expressions.Simple.ConstantValueExpression]","Value":"false"}}]}],"CatchBlocks":[{"$type":"[SST:Blocks.CatchBlock]","Kind":0,"Parameter":"0Param:[System.Exception, mscorlib, 4.0.0.0] ex","Body":[{"$type":"[SST:Statements.VariableDeclaration]","Reference":{"$type":"[SST:References.VariableReference]","Identifier":"$6"},"Type":"0T:p:string"},{"$type":"[SST:Statements.Assignment]","Reference":{"$type":"[SST:References.VariableReference]","Identifier":"$6"},"Expression":{"$type":"[SST:Expressions.Assignable.BinaryExpression]","LeftOperand":{"$type":"[SST:Expressions.Simple.ConstantValueExpression]"},"Operator":9,"RightOperand":{"$type":"[SST:Expressions.Simple.ReferenceExpression]","Reference":{"$type":"[SST:References.VariableReference]","Identifier":"abbreviationsFile"}}}},{"$type":"[SST:Statements.VariableDeclaration]","Reference":{"$type":"[SST:References.VariableReference]","Identifier":"$7"},"Type":"0T:p:string"},{"$type":"[SST:Statements.Assignment]","Reference":{"$type":"[SST:References.VariableReference]","Identifier":"$7"},"Expression":{"$type":"[SST:Expressions.Assignable.BinaryExpression]","LeftOperand":{"$type":"[SST:Expressions.Simple.ReferenceExpression]","Reference":{"$type":"[SST:References.VariableReference]","Identifier":"$6"}},"Operator":9,"RightOperand":{"$type":"[SST:Expressions.Simple.ConstantValueExpression]"}}},{"$type":"[SST:Statements.VariableDeclaration]","Reference":{"$type":"[SST:References.VariableReference]","Identifier":"$8"},"Type":"0T:p:string"},{"$type":"[SST:Statements.Assignment]","Reference":{"$type":"[SST:References.VariableReference]","Identifier":"$8"},"Expression":{"$type":"[SST:Expressions.Assignable.BinaryExpression]","LeftOperand":{"$type":"[SST:Expressions.Simple.ReferenceExpression]","Reference":{"$type":"[SST:References.VariableReference]","Identifier":"$7"}},"Operator":9,"RightOperand":{"$type":"[SST:Expressions.Simple.ReferenceExpression]","Reference":{"$type":"[SST:References.VariableReference]","Identifier":"ex"}}}},{"$type":"[SST:Statements.ExpressionStatement]","Expression":{"$type":"[SST:Expressions.Assignable.InvocationExpression]","Reference":{"$type":"[SST:References.VariableReference]","Identifier":""},"MethodName":"0M:static [p:void] [ACAT.Lib.Core.Utility.Log, Core].Debug([p:string] message)","Parameters":[{"$type":"[SST:Expressions.Simple.ReferenceExpression]","Reference":{"$type":"[SST:References.VariableReference]","Identifier":"$8"}}]}},{"$type":"[SST:Statements.Assignment]","Reference":{"$type":"[SST:References.VariableReference]","Identifier":"retVal"},"Expression":{"$type":"[SST:Expressions.Simple.ConstantValueExpression]","Value":"false"}}]}],"Finally":[]},{"$type":"[SST:Statements.ReturnStatement]","Expression":{"$type":"[SST:Expressions.Simple.ReferenceExpression]","Reference":{"$type":"[SST:References.VariableReference]","Identifier":"retVal"}},"IsVoid":false}]},{"$type":"[SST:Declarations.MethodDeclaration]","Name":"0M:[ACAT.Lib.Core.AbbreviationsManagement.Abbreviation, Core] [ACAT.Lib.Core.AbbreviationsManagement.Abbreviations, Core].Lookup([p:string] mnemonic)","IsEntryPoint":true,"Body":[{"$type":"[SST:Statements.VariableDeclaration]","Reference":{"$type":"[SST:References.VariableReference]","Identifier":"lookupString"},"Type":"0T:p:string"},{"$type":"[SST:Statements.Assignment]","Reference":{"$type":"[SST:References.VariableReference]","Identifier":"lookupString"},"Expression":{"$type":"[SST:Expressions.Assignable.InvocationExpression]","Reference":{"$type":"[SST:References.VariableReference]","Identifier":"mnemonic"},"MethodName":"0M:[p:string] [p:string].ToUpper()","Parameters":[]}},{"$type":"[SST:Statements.VariableDeclaration]","Reference":{"$type":"[SST:References.VariableReference]","Identifier":"$0"},"Type":"0T:System.Collections.Generic.SortedDictionary`2[[TKey -> p:string],[TValue -> ACAT.Lib.Core.AbbreviationsManagement.Abbreviation, Core]], System, 4.0.0.0"},{"$type":"[SST:Statements.Assignment]","Reference":{"$type":"[SST:References.VariableReference]","Identifier":"$0"},"Expression":{"$type":"[SST:Expressions.Simple.ReferenceExpression]","Reference":{"$type":"[SST:References.FieldReference]","Reference":{"$type":"[SST:References.VariableReference]","Identifier":"this"},"FieldName":"0F:[System.Collections.Generic.SortedDictionary`2[[TKey -> p:string],[TValue -> ACAT.Lib.Core.AbbreviationsManagement.Abbreviation, Core]], System, 4.0.0.0] [ACAT.Lib.Core.AbbreviationsManagement.Abbreviations, Core]._abbreviationList"}}},{"$type":"[SST:Statements.VariableDeclaration]","Reference":{"$type":"[SST:References.VariableReference]","Identifier":"$1"},"Type":"0T:p:bool"},{"$type":"[SST:Statements.Assignment]","Reference":{"$type":"[SST:References.VariableReference]","Identifier":"$1"},"Expression":{"$type":"[SST:Expressions.Assignable.InvocationExpression]","Reference":{"$type":"[SST:References.VariableReference]","Identifier":"$0"},"MethodName":"0M:[p:bool] [System.Collections.Generic.SortedDictionary`2[[TKey -> p:string],[TValue -> ACAT.Lib.Core.AbbreviationsManagement.Abbreviation, Core]], System, 4.0.0.0].ContainsKey([TKey] key)","Parameters":[{"$type":"[SST:Expressions.Simple.ReferenceExpression]","Reference":{"$type":"[SST:References.VariableReference]","Identifier":"lookupString"}}]}},{"$type":"[SST:Blocks.IfElseBlock]","Condition":{"$type":"[SST:Expressions.Simple.ReferenceExpression]","Reference":{"$type":"[SST:References.VariableReference]","Identifier":"$1"}},"Then":[{"$type":"[SST:Statements.VariableDeclaration]","Reference":{"$type":"[SST:References.VariableReference]","Identifier":"$2"},"Type":"0T:p:string"},{"$type":"[SST:Statements.Assignment]","Reference":{"$type":"[SST:References.VariableReference]","Identifier":"$2"},"Expression":{"$type":"[SST:Expressions.Assignable.BinaryExpression]","LeftOperand":{"$type":"[SST:Expressions.Simple.ConstantValueExpression]"},"Operator":9,"RightOperand":{"$type":"[SST:Expressions.Simple.ReferenceExpression]","Reference":{"$type":"[SST:References.VariableReference]","Identifier":"lookupString"}}}},{"$type":"[SST:Statements.ExpressionStatement]","Expression":{"$type":"[SST:Expressions.Assignable.InvocationExpression]","Reference":{"$type":"[SST:References.VariableReference]","Identifier":""},"MethodName":"0M:static [p:void] [ACAT.Lib.Core.Utility.Log, Core].Debug([p:string] message)","Parameters":[{"$type":"[SST:Expressions.Simple.ReferenceExpression]","Reference":{"$type":"[SST:References.VariableReference]","Identifier":"$2"}}]}},{"$type":"[SST:Statements.VariableDeclaration]","Reference":{"$type":"[SST:References.VariableReference]","Identifier":"$3"},"Type":"0T:System.Collections.Generic.SortedDictionary`2[[TKey -> p:string],[TValue -> ACAT.Lib.Core.AbbreviationsManagement.Abbreviation, Core]], System, 4.0.0.0"},{"$type":"[SST:Statements.Assignment]","Reference":{"$type":"[SST:References.VariableReference]","Identifier":"$3"},"Expression":{"$type":"[SST:Expressions.Simple.ReferenceExpression]","Reference":{"$type":"[SST:References.FieldReference]","Reference":{"$type":"[SST:References.VariableReference]","Identifier":"this"},"FieldName":"0F:[System.Collections.Generic.SortedDictionary`2[[TKey -> p:string],[TValue -> ACAT.Lib.Core.AbbreviationsManagement.Abbreviation, Core]], System, 4.0.0.0] [ACAT.Lib.Core.AbbreviationsManagement.Abbreviations, Core]._abbreviationList"}}},{"$type":"[SST:Statements.VariableDeclaration]","Reference":{"$type":"[SST:References.VariableReference]","Identifier":"$4"},"Type":"0T:ACAT.Lib.Core.AbbreviationsManagement.Abbreviation, Core"},{"$type":"[SST:Statements.Assignment]","Reference":{"$type":"[SST:References.VariableReference]","Identifier":"$4"},"Expression":{"$type":"[SST:Expressions.Assignable.IndexAccessExpression]","Reference":{"$type":"[SST:References.VariableReference]","Identifier":"$3"},"Indices":[{"$type":"[SST:Expressions.Simple.ReferenceExpression]","Reference":{"$type":"[SST:References.VariableReference]","Identifier":"lookupString"}}]}},{"$type":"[SST:Statements.ReturnStatement]","Expression":{"$type":"[SST:Expressions.Simple.ReferenceExpression]","Reference":{"$type":"[SST:References.VariableReference]","Identifier":"$4"}},"IsVoid":false}],"Else":[]},{"$type":"[SST:Statements.ReturnStatement]","Expression":{"$type":"[SST:Expressions.Simple.ConstantValueExpression]","Value":"null"},"IsVoid":false}]},{"$type":"[SST:Declarations.MethodDeclaration]","Name":"0M:[p:bool] [ACAT.Lib.Core.AbbreviationsManagement.Abbreviations, Core].Remove([p:string] abbreviation)","IsEntryPoint":false,"Body":[{"$type":"[SST:Statements.VariableDeclaration]","Reference":{"$type":"[SST:References.VariableReference]","Identifier":"retVal"},"Type":"0T:p:bool"},{"$type":"[SST:Statements.Assignment]","Reference":{"$type":"[SST:References.VariableReference]","Identifier":"retVal"},"Expression":{"$type":"[SST:Expressions.Simple.ConstantValueExpression]","Value":"true"}},{"$type":"[SST:Blocks.TryBlock]","Body":[{"$type":"[SST:Statements.VariableDeclaration]","Reference":{"$type":"[SST:References.VariableReference]","Identifier":"$0"},"Type":"0T:p:bool"},{"$type":"[SST:Statements.Assignment]","Reference":{"$type":"[SST:References.VariableReference]","Identifier":"$0"},"Expression":{"$type":"[SST:Expressions.Assignable.InvocationExpression]","Reference":{"$type":"[SST:References.VariableReference]","Identifier":"this"},"MethodName":"0M:[p:bool] [ACAT.Lib.Core.AbbreviationsManagement.Abbreviations, Core].Exists([p:string] abbreviation)","Parameters":[{"$type":"[SST:Expressions.Simple.ReferenceExpression]","Reference":{"$type":"[SST:References.VariableReference]","Identifier":"abbreviation"}}]}},{"$type":"[SST:Blocks.IfElseBlock]","Condition":{"$type":"[SST:Expressions.Simple.ReferenceExpression]","Reference":{"$type":"[SST:References.VariableReference]","Identifier":"$0"}},"Then":[{"$type":"[SST:Statements.VariableDeclaration]","Reference":{"$type":"[SST:References.VariableReference]","Identifier":"$1"},"Type":"0T:System.Collections.Generic.SortedDictionary`2[[TKey -> p:string],[TValue -> ACAT.Lib.Core.AbbreviationsManagement.Abbreviation, Core]], System, 4.0.0.0"},{"$type":"[SST:Statements.Assignment]","Reference":{"$type":"[SST:References.VariableReference]","Identifier":"$1"},"Expression":{"$type":"[SST:Expressions.Simple.ReferenceExpression]","Reference":{"$type":"[SST:References.FieldReference]","Reference":{"$type":"[SST:References.VariableReference]","Identifier":"this"},"FieldName":"0F:[System.Collections.Generic.SortedDictionary`2[[TKey -> p:string],[TValue -> ACAT.Lib.Core.AbbreviationsManagement.Abbreviation, Core]], System, 4.0.0.0] [ACAT.Lib.Core.AbbreviationsManagement.Abbreviations, Core]._abbreviationList"}}},{"$type":"[SST:Statements.ExpressionStatement]","Expression":{"$type":"[SST:Expressions.Assignable.InvocationExpression]","Reference":{"$type":"[SST:References.VariableReference]","Identifier":"$1"},"MethodName":"0M:[p:bool] [System.Collections.Generic.SortedDictionary`2[[TKey -> p:string],[TValue -> ACAT.Lib.Core.AbbreviationsManagement.Abbreviation, Core]], System, 4.0.0.0].Remove([TKey] key)","Parameters":[{"$type":"[SST:Expressions.Simple.ReferenceExpression]","Reference":{"$type":"[SST:References.VariableReference]","Identifier":"abbreviation"}}]}}],"Else":[]}],"CatchBlocks":[{"$type":"[SST:Blocks.CatchBlock]","Kind":2,"Parameter":"0Param:[?] ???","Body":[{"$type":"[SST:Statements.Assignment]","Reference":{"$type":"[SST:References.VariableReference]","Identifier":"retVal"},"Expression":{"$type":"[SST:Expressions.Simple.ConstantValueExpression]","Value":"false"}}]}],"Finally":[]},{"$type":"[SST:Statements.ReturnStatement]","Expression":{"$type":"[SST:Expressions.Simple.ReferenceExpression]","Reference":{"$type":"[SST:References.VariableReference]","Identifier":"retVal"}},"IsVoid":false}]},{"$type":"[SST:Declarations.MethodDeclaration]","Name":"0M:[p:bool] [ACAT.Lib.Core.AbbreviationsManagement.Abbreviations, Core].Save()","IsEntryPoint":true,"Body":[{"$type":"[SST:Statements.VariableDeclaration]","Reference":{"$type":"[SST:References.VariableReference]","Identifier":"retVal"},"Type":"0T:p:bool"},{"$type":"[SST:Statements.Assignment]","Reference":{"$type":"[SST:References.VariableReference]","Identifier":"retVal"},"Expression":{"$type":"[SST:Expressions.Simple.ConstantValueExpression]","Value":"true"}},{"$type":"[SST:Blocks.TryBlock]","Body":[{"$type":"[SST:Statements.VariableDeclaration]","Reference":{"$type":"[SST:References.VariableReference]","Identifier":"xmlTextWriter"},"Type":"0T:System.Xml.XmlTextWriter, System.Xml, 4.0.0.0"},{"$type":"[SST:Statements.VariableDeclaration]","Reference":{"$type":"[SST:References.VariableReference]","Identifier":"$0"},"Type":"0T:p:string"},{"$type":"[SST:Statements.Assignment]","Reference":{"$type":"[SST:References.VariableReference]","Identifier":"$0"},"Expression":{"$type":"[SST:Expressions.Assignable.InvocationExpression]","Reference":{"$type":"[SST:References.VariableReference]","Identifier":""},"MethodName":"0M:static [p:string] [ACAT.Lib.Core.UserManagement.UserManager, Core].GetFullPath([p:string] path)","Parameters":[{"$type":"[SST:Expressions.Simple.ReferenceExpression]","Reference":{"$type":"[SST:References.FieldReference]","Reference":{"$type":"[SST:References.VariableReference]","Identifier":""},"FieldName":"0F:static [p:string] [ACAT.Lib.Core.AbbreviationsManagement.Abbreviations, Core].AbbreviationFile"}}]}},{"$type":"[SST:Statements.Assignment]","Reference":{"$type":"[SST:References.VariableReference]","Identifier":"xmlTextWriter"},"Expression":{"$type":"[SST:Expressions.Assignable.InvocationExpression]","Reference":{"$type":"[SST:References.VariableReference]","Identifier":"this"},"MethodName":"0M:[System.Xml.XmlTextWriter, System.Xml, 4.0.0.0] [ACAT.Lib.Core.AbbreviationsManagement.Abbreviations, Core].createAbbreviationsFile([p:string] fileName)","Parameters":[{"$type":"[SST:Expressions.Simple.ReferenceExpression]","Reference":{"$type":"[SST:References.VariableReference]","Identifier":"$0"}}]}},{"$type":"[SST:Statements.VariableDeclaration]","Reference":{"$type":"[SST:References.VariableReference]","Identifier":"$1"},"Type":"0T:p:bool"},{"$type":"[SST:Statements.Assignment]","Reference":{"$type":"[SST:References.VariableReference]","Identifier":"$1"},"Expression":{"$type":"[SST:Expressions.Assignable.BinaryExpression]","LeftOperand":{"$type":"[SST:Expressions.Simple.ReferenceExpression]","Reference":{"$type":"[SST:References.VariableReference]","Identifier":"xmlTextWriter"}},"Operator":6,"RightOperand":{"$type":"[SST:Expressions.Simple.ConstantValueExpression]","Value":"null"}}},{"$type":"[SST:Blocks.IfElseBlock]","Condition":{"$type":"[SST:Expressions.Simple.ReferenceExpression]","Reference":{"$type":"[SST:References.VariableReference]","Identifier":"$1"}},"Then":[{"$type":"[SST:Statements.VariableDeclaration]","Reference":{"$type":"[SST:References.VariableReference]","Identifier":"$2"},"Type":"0T:System.Collections.Generic.SortedDictionary`2[[TKey -> p:string],[TValue -> ACAT.Lib.Core.AbbreviationsManagement.Abbreviation, Core]], System, 4.0.0.0"},{"$type":"[SST:Statements.Assignment]","Reference":{"$type":"[SST:References.VariableReference]","Identifier":"$2"},"Expression":{"$type":"[SST:Expressions.Simple.ReferenceExpression]","Reference":{"$type":"[SST:References.FieldReference]","Reference":{"$type":"[SST:References.VariableReference]","Identifier":"this"},"FieldName":"0F:[System.Collections.Generic.SortedDictionary`2[[TKey -> p:string],[TValue -> ACAT.Lib.Core.AbbreviationsManagement.Abbreviation, Core]], System, 4.0.0.0] [ACAT.Lib.Core.AbbreviationsManagement.Abbreviations, Core]._abbreviationList"}}},{"$type":"[SST:Statements.VariableDeclaration]","Reference":{"$type":"[SST:References.VariableReference]","Identifier":"$3"},"Type":"0T:System.Collections.Generic.SortedDictionary`2[[TKey -> p:string],[TValue -> ACAT.Lib.Core.AbbreviationsManagement.Abbreviation, Core]]+ValueCollection, System, 4.0.0.0"},{"$type":"[SST:Statements.Assignment]","Reference":{"$type":"[SST:References.VariableReference]","Identifier":"$3"},"Expression":{"$type":"[SST:Expressions.Simple.ReferenceExpression]","Reference":{"$type":"[SST:References.PropertyReference]","Reference":{"$type":"[SST:References.VariableReference]","Identifier":"$2"},"PropertyName":"0P:get [System.Collections.Generic.SortedDictionary`2[[TKey],[TValue]]+ValueCollection, System, 4.0.0.0] [System.Collections.Generic.SortedDictionary`2[[TKey],[TValue]], System, 4.0.0.0].Values()"}}},{"$type":"[SST:Blocks.ForEachLoop]","Declaration":{"$type":"[SST:Statements.VariableDeclaration]","Reference":{"$type":"[SST:References.VariableReference]","Identifier":"abbr"},"Type":"0T:ACAT.Lib.Core.AbbreviationsManagement.Abbreviation, Core"},"LoopedReference":{"$type":"[SST:References.VariableReference]","Identifier":"$3"},"Body":[{"$type":"[SST:Statements.ExpressionStatement]","Expression":{"$type":"[SST:Expressions.Assignable.InvocationExpression]","Reference":{"$type":"[SST:References.VariableReference]","Identifier":"xmlTextWriter"},"MethodName":"0M:[p:void] [System.Xml.XmlWriter, System.Xml, 4.0.0.0].WriteStartElement([p:string] localName)","Parameters":[{"$type":"[SST:Expressions.Simple.ConstantValueExpression]"}]}},{"$type":"[SST:Statements.ExpressionStatement]","Expression":{"$type":"[SST:Expressions.Assignable.InvocationExpression]","Reference":{"$type":"[SST:References.VariableReference]","Identifier":"xmlTextWriter"},"MethodName":"0M:[p:void] [System.Xml.XmlWriter, System.Xml, 4.0.0.0].WriteAttributeString([p:string] localName, [p:string] value)","Parameters":[{"$type":"[SST:Expressions.Simple.ReferenceExpression]","Reference":{"$type":"[SST:References.FieldReference]","Reference":{"$type":"[SST:References.VariableReference]","Identifier":""},"FieldName":"0F:static [p:string] [ACAT.Lib.Core.AbbreviationsManagement.Abbreviations, Core].WordAttr"}},{"$type":"[SST:Expressions.Simple.ReferenceExpression]","Reference":{"$type":"[SST:References.PropertyReference]","Reference":{"$type":"[SST:References.VariableReference]","Identifier":"abbr"},"PropertyName":"0P:set get [p:string] [ACAT.Lib.Core.AbbreviationsManagement.Abbreviation, Core].Mnemonic()"}}]}},{"$type":"[SST:Statements.ExpressionStatement]","Expression":{"$type":"[SST:Expressions.Assignable.InvocationExpression]","Reference":{"$type":"[SST:References.VariableReference]","Identifier":"xmlTextWriter"},"MethodName":"0M:[p:void] [System.Xml.XmlWriter, System.Xml, 4.0.0.0].WriteAttributeString([p:string] localName, [p:string] value)","Parameters":[{"$type":"[SST:Expressions.Simple.ReferenceExpression]","Reference":{"$type":"[SST:References.FieldReference]","Reference":{"$type":"[SST:References.VariableReference]","Identifier":""},"FieldName":"0F:static [p:string] [ACAT.Lib.Core.AbbreviationsManagement.Abbreviations, Core].ReplaceWithAttr"}},{"$type":"[SST:Expressions.Simple.ReferenceExpression]","Reference":{"$type":"[SST:References.PropertyReference]","Reference":{"$type":"[SST:References.VariableReference]","Identifier":"abbr"},"PropertyName":"0P:set get [p:string] [ACAT.Lib.Core.AbbreviationsManagement.Abbreviation, Core].Expansion()"}}]}},{"$type":"[SST:Statements.VariableDeclaration]","Reference":{"$type":"[SST:References.VariableReference]","Identifier":"$4"},"Type":"0T:e:ACAT.Lib.Core.AbbreviationsManagement.Abbreviation+AbbreviationMode, Core"},{"$type":"[SST:Statements.Assignment]","Reference":{"$type":"[SST:References.VariableReference]","Identifier":"$4"},"Expression":{"$type":"[SST:Expressions.Simple.ReferenceExpression]","Reference":{"$type":"[SST:References.PropertyReference]","Reference":{"$type":"[SST:References.VariableReference]","Identifier":"abbr"},"PropertyName":"0P:set get [e:ACAT.Lib.Core.AbbreviationsManagement.Abbreviation+AbbreviationMode, Core] [ACAT.Lib.Core.AbbreviationsManagement.Abbreviation, Core].Mode()"}}},{"$type":"[SST:Statements.VariableDeclaration]","Reference":{"$type":"[SST:References.VariableReference]","Identifier":"$5"},"Type":"0T:p:string"},{"$type":"[SST:Statements.Assignment]","Reference":{"$type":"[SST:References.VariableReference]","Identifier":"$5"},"Expression":{"$type":"[SST:Expressions.Assignable.InvocationExpression]","Reference":{"$type":"[SST:References.VariableReference]","Identifier":"$4"},"MethodName":"0M:[p:string] [System.Enum, mscorlib, 4.0.0.0].ToString()","Parameters":[]}},{"$type":"[SST:Statements.ExpressionStatement]","Expression":{"$type":"[SST:Expressions.Assignable.InvocationExpression]","Reference":{"$type":"[SST:References.VariableReference]","Identifier":"xmlTextWriter"},"MethodName":"0M:[p:void] [System.Xml.XmlWriter, System.Xml, 4.0.0.0].WriteAttributeString([p:string] localName, [p:string] value)","Parameters":[{"$type":"[SST:Expressions.Simple.ReferenceExpression]","Reference":{"$type":"[SST:References.FieldReference]","Reference":{"$type":"[SST:References.VariableReference]","Identifier":""},"FieldName":"0F:static [p:string] [ACAT.Lib.Core.AbbreviationsManagement.Abbreviations, Core].ModeAttr"}},{"$type":"[SST:Expressions.Simple.ReferenceExpression]","Reference":{"$type":"[SST:References.VariableReference]","Identifier":"$5"}}]}},{"$type":"[SST:Statements.ExpressionStatement]","Expression":{"$type":"[SST:Expressions.Assignable.InvocationExpression]","Reference":{"$type":"[SST:References.VariableReference]","Identifier":"xmlTextWriter"},"MethodName":"0M:[p:void] [System.Xml.XmlTextWriter, System.Xml, 4.0.0.0].WriteEndElement()","Parameters":[]}}]},{"$type":"[SST:Statements.ExpressionStatement]","Expression":{"$type":"[SST:Expressions.Assignable.InvocationExpression]","Reference":{"$type":"[SST:References.VariableReference]","Identifier":"this"},"MethodName":"0M:[p:void] [ACAT.Lib.Core.AbbreviationsManagement.Abbreviations, Core].closeAbbreviationFile([System.Xml.XmlWriter, System.Xml, 4.0.0.0] xmlTextWriter)","Parameters":[{"$type":"[SST:Expressions.Simple.ReferenceExpression]","Reference":{"$type":"[SST:References.VariableReference]","Identifier":"xmlTextWriter"}}]}}],"Else":[]}],"CatchBlocks":[{"$type":"[SST:Blocks.CatchBlock]","Kind":0,"Parameter":"0Param:[System.IO.IOException, mscorlib, 4.0.0.0] ex","Body":[{"$type":"[SST:Statements.ExpressionStatement]","Expression":{"$type":"[SST:Expressions.Assignable.InvocationExpression]","Reference":{"$type":"[SST:References.VariableReference]","Identifier":""},"MethodName":"0M:static [p:void] [ACAT.Lib.Core.Utility.Log, Core].Exception([System.Exception, mscorlib, 4.0.0.0] exc)","Parameters":[{"$type":"[SST:Expressions.Simple.ReferenceExpression]","Reference":{"$type":"[SST:References.VariableReference]","Identifier":"ex"}}]}},{"$type":"[SST:Statements.Assignment]","Reference":{"$type":"[SST:References.VariableReference]","Identifier":"retVal"},"Expression":{"$type":"[SST:Expressions.Simple.ConstantValueExpression]","Value":"false"}}]}],"Finally":[]},{"$type":"[SST:Statements.ReturnStatement]","Expression":{"$type":"[SST:Expressions.Simple.ReferenceExpression]","Reference":{"$type":"[SST:References.VariableReference]","Identifier":"retVal"}},"IsVoid":false}]},{"$type":"[SST:Declarations.MethodDeclaration]","Name":"0M:[p:bool] [ACAT.Lib.Core.AbbreviationsManagement.Abbreviations, Core].Update([ACAT.Lib.Core.AbbreviationsManagement.Abbreviation, Core] abbreviation)","IsEntryPoint":true,"Body":[{"$type":"[SST:Statements.VariableDeclaration]","Reference":{"$type":"[SST:References.VariableReference]","Identifier":"$0"},"Type":"0T:p:bool"},{"$type":"[SST:Statements.Assignment]","Reference":{"$type":"[SST:References.VariableReference]","Identifier":"$0"},"Expression":{"$type":"[SST:Expressions.Assignable.InvocationExpression]","Reference":{"$type":"[SST:References.VariableReference]","Identifier":"this"},"MethodName":"0M:[p:bool] [ACAT.Lib.Core.AbbreviationsManagement.Abbreviations, Core].Exists([p:string] abbreviation)","Parameters":[{"$type":"[SST:Expressions.Simple.ReferenceExpression]","Reference":{"$type":"[SST:References.PropertyReference]","Reference":{"$type":"[SST:References.VariableReference]","Identifier":"abbreviation"},"PropertyName":"0P:set get [p:string] [ACAT.Lib.Core.AbbreviationsManagement.Abbreviation, Core].Mnemonic()"}}]}},{"$type":"[SST:Blocks.IfElseBlock]","Condition":{"$type":"[SST:Expressions.Simple.ReferenceExpression]","Reference":{"$type":"[SST:References.VariableReference]","Identifier":"$0"}},"Then":[{"$type":"[SST:Statements.ExpressionStatement]","Expression":{"$type":"[SST:Expressions.Assignable.InvocationExpression]","Reference":{"$type":"[SST:References.VariableReference]","Identifier":"this"},"MethodName":"0M:[p:bool] [ACAT.Lib.Core.AbbreviationsManagement.Abbreviations, Core].Remove([p:string] abbreviation)","Parameters":[{"$type":"[SST:Expressions.Simple.ReferenceExpression]","Reference":{"$type":"[SST:References.PropertyReference]","Reference":{"$type":"[SST:References.VariableReference]","Identifier":"abbreviation"},"PropertyName":"0P:set get [p:string] [ACAT.Lib.Core.AbbreviationsManagement.Abbreviation, Core].Mnemonic()"}}]}},{"$type":"[SST:Statements.VariableDeclaration]","Reference":{"$type":"[SST:References.VariableReference]","Identifier":"$1"},"Type":"0T:p:bool"},{"$type":"[SST:Statements.Assignment]","Reference":{"$type":"[SST:References.VariableReference]","Identifier":"$1"},"Expression":{"$type":"[SST:Expressions.Assignable.InvocationExpression]","Reference":{"$type":"[SST:References.VariableReference]","Identifier":"this"},"MethodName":"0M:[p:bool] [ACAT.Lib.Core.AbbreviationsManagement.Abbreviations, Core].Add([ACAT.Lib.Core.AbbreviationsManagement.Abbreviation, Core] abbreviation)","Parameters":[{"$type":"[SST:Expressions.Simple.ReferenceExpression]","Reference":{"$type":"[SST:References.VariableReference]","Identifier":"abbreviation"}}]}},{"$type":"[SST:Statements.ReturnStatement]","Expression":{"$type":"[SST:Expressions.Simple.ReferenceExpression]","Reference":{"$type":"[SST:References.VariableReference]","Identifier":"$1"}},"IsVoid":false}],"Else":[]},{"$type":"[SST:Statements.ReturnStatement]","Expression":{"$type":"[SST:Expressions.Simple.ConstantValueExpression]","Value":"false"},"IsVoid":false}]},{"$type":"[SST:Declarations.MethodDeclaration]","Name":"0M:[p:void] [ACAT.Lib.Core.AbbreviationsManagement.Abbreviations, Core].Dispose([p:bool] disposing)","IsEntryPoint":false,"Body":[{"$type":"[SST:Statements.VariableDeclaration]","Reference":{"$type":"[SST:References.VariableReference]","Identifier":"$0"},"Type":"0T:p:bool"},{"$type":"[SST:Statements.Assignment]","Reference":{"$type":"[SST:References.VariableReference]","Identifier":"$0"},"Expression":{"$type":"[SST:Expressions.Assignable.UnaryExpression]","Operator":1,"Operand":{"$type":"[SST:Expressions.Simple.ReferenceExpression]","Reference":{"$type":"[SST:References.FieldReference]","Reference":{"$type":"[SST:References.VariableReference]","Identifier":"this"},"FieldName":"0F:[p:bool] [ACAT.Lib.Core.AbbreviationsManagement.Abbreviations, Core]._disposed"}}}},{"$type":"[SST:Blocks.IfElseBlock]","Condition":{"$type":"[SST:Expressions.Simple.ReferenceExpression]","Reference":{"$type":"[SST:References.VariableReference]","Identifier":"$0"}},"Then":[{"$type":"[SST:Statements.ExpressionStatement]","Expression":{"$type":"[SST:Expressions.Assignable.InvocationExpression]","Reference":{"$type":"[SST:References.VariableReference]","Identifier":""},"MethodName":"0M:static [p:void] [ACAT.Lib.Core.Utility.Log, Core].Debug()","Parameters":[]}},{"$type":"[SST:Blocks.IfElseBlock]","Condition":{"$type":"[SST:Expressions.Simple.ReferenceExpression]","Reference":{"$type":"[SST:References.VariableReference]","Identifier":"disposing"}},"Then":[{"$type":"[SST:Statements.VariableDeclaration]","Reference":{"$type":"[SST:References.VariableReference]","Identifier":"$1"},"Type":"0T:System.Collections.Generic.SortedDictionary`2[[TKey -> p:string],[TValue -> ACAT.Lib.Core.AbbreviationsManagement.Abbreviation, Core]], System, 4.0.0.0"},{"$type":"[SST:Statements.Assignment]","Reference":{"$type":"[SST:References.VariableReference]","Identifier":"$1"},"Expression":{"$type":"[SST:Expressions.Simple.ReferenceExpression]","Reference":{"$type":"[SST:References.FieldReference]","Reference":{"$type":"[SST:References.VariableReference]","Identifier":"this"},"FieldName":"0F:[System.Collections.Generic.SortedDictionary`2[[TKey -> p:string],[TValue -> ACAT.Lib.Core.AbbreviationsManagement.Abbreviation, Core]], System, 4.0.0.0] [ACAT.Lib.Core.AbbreviationsManagement.Abbreviations, Core]._abbreviationList"}}},{"$type":"[SST:Statements.VariableDeclaration]","Reference":{"$type":"[SST:References.VariableReference]","Identifier":"$2"},"Type":"0T:System.Collections.Generic.SortedDictionary`2[[TKey -> p:string],[TValue -> ACAT.Lib.Core.AbbreviationsManagement.Abbreviation, Core]]+ValueCollection, System, 4.0.0.0"},{"$type":"[SST:Statements.Assignment]","Reference":{"$type":"[SST:References.VariableReference]","Identifier":"$2"},"Expression":{"$type":"[SST:Expressions.Simple.ReferenceExpression]","Reference":{"$type":"[SST:References.PropertyReference]","Reference":{"$type":"[SST:References.VariableReference]","Identifier":"$1"},"PropertyName":"0P:get [System.Collections.Generic.SortedDictionary`2[[TKey],[TValue]]+ValueCollection, System, 4.0.0.0] [System.Collections.Generic.SortedDictionary`2[[TKey],[TValue]], System, 4.0.0.0].Values()"}}},{"$type":"[SST:Blocks.ForEachLoop]","Declaration":{"$type":"[SST:Statements.VariableDeclaration]","Reference":{"$type":"[SST:References.VariableReference]","Identifier":"abbr"},"Type":"0T:ACAT.Lib.Core.AbbreviationsManagement.Abbreviation, Core"},"LoopedReference":{"$type":"[SST:References.VariableReference]","Identifier":"$2"},"Body":[{"$type":"[SST:Statements.ExpressionStatement]","Expression":{"$type":"[SST:Expressions.Assignable.InvocationExpression]","Reference":{"$type":"[SST:References.VariableReference]","Identifier":"abbr"},"MethodName":"0M:[p:void] [ACAT.Lib.Core.AbbreviationsManagement.Abbreviation, Core].Dispose()","Parameters":[]}}]},{"$type":"[SST:Statements.VariableDeclaration]","Reference":{"$type":"[SST:References.VariableReference]","Identifier":"$3"},"Type":"0T:System.Collections.Generic.SortedDictionary`2[[TKey -> p:string],[TValue -> ACAT.Lib.Core.AbbreviationsManagement.Abbreviation, Core]], System, 4.0.0.0"},{"$type":"[SST:Statements.Assignment]","Reference":{"$type":"[SST:References.VariableReference]","Identifier":"$3"},"Expression":{"$type":"[SST:Expressions.Simple.ReferenceExpression]","Reference":{"$type":"[SST:References.FieldReference]","Reference":{"$type":"[SST:References.VariableReference]","Identifier":"this"},"FieldName":"0F:[System.Collections.Generic.SortedDictionary`2[[TKey -> p:string],[TValue -> ACAT.Lib.Core.AbbreviationsManagement.Abbreviation, Core]], System, 4.0.0.0] [ACAT.Lib.Core.AbbreviationsManagement.Abbreviations, Core]._abbreviationList"}}},{"$type":"[SST:Statements.ExpressionStatement]","Expression":{"$type":"[SST:Expressions.Assignable.InvocationExpression]","Reference":{"$type":"[SST:References.VariableReference]","Identifier":"$3"},"MethodName":"0M:[p:void] [System.Collections.Generic.SortedDictionary`2[[TKey -> p:string],[TValue -> ACAT.Lib.Core.AbbreviationsManagement.Abbreviation, Core]], System, 4.0.0.0].Clear()","Parameters":[]}}],"Else":[]}],"Else":[]},{"$type":"[SST:Statements.Assignment]","Reference":{"$type":"[SST:References.FieldReference]","Reference":{"$type":"[SST:References.VariableReference]","Identifier":"this"},"FieldName":"0F:[p:bool] [ACAT.Lib.Core.AbbreviationsManagement.Abbreviations, Core]._disposed"},"Expression":{"$type":"[SST:Expressions.Simple.ConstantValueExpression]","Value":"true"}}]},{"$type":"[SST:Declarations.MethodDeclaration]","Name":"0M:[p:void] [ACAT.Lib.Core.AbbreviationsManagement.Abbreviations, Core].closeAbbreviationFile([System.Xml.XmlWriter, System.Xml, 4.0.0.0] xmlTextWriter)","IsEntryPoint":false,"Body":[{"$type":"[SST:Blocks.TryBlock]","Body":[{"$type":"[SST:Statements.ExpressionStatement]","Expression":{"$type":"[SST:Expressions.Assignable.InvocationExpression]","Reference":{"$type":"[SST:References.VariableReference]","Identifier":"xmlTextWriter"},"MethodName":"0M:[p:void] [System.Xml.XmlWriter, System.Xml, 4.0.0.0].WriteEndDocument()","Parameters":[]}},{"$type":"[SST:Statements.ExpressionStatement]","Expression":{"$type":"[SST:Expressions.Assignable.InvocationExpression]","Reference":{"$type":"[SST:References.VariableReference]","Identifier":"xmlTextWriter"},"MethodName":"0M:[p:void] [System.Xml.XmlWriter, System.Xml, 4.0.0.0].Flush()","Parameters":[]}},{"$type":"[SST:Statements.ExpressionStatement]","Expression":{"$type":"[SST:Expressions.Assignable.InvocationExpression]","Reference":{"$type":"[SST:References.VariableReference]","Identifier":"xmlTextWriter"},"MethodName":"0M:[p:void] [System.Xml.XmlWriter, System.Xml, 4.0.0.0].Close()","Parameters":[]}}],"CatchBlocks":[{"$type":"[SST:Blocks.CatchBlock]","Kind":0,"Parameter":"0Param:[System.Exception, mscorlib, 4.0.0.0] ex","Body":[{"$type":"[SST:Statements.VariableDeclaration]","Reference":{"$type":"[SST:References.VariableReference]","Identifier":"$0"},"Type":"0T:p:string"},{"$type":"[SST:Statements.Assignment]","Reference":{"$type":"[SST:References.VariableReference]","Identifier":"$0"},"Expression":{"$type":"[SST:Expressions.Assignable.InvocationExpression]","Reference":{"$type":"[SST:References.VariableReference]","Identifier":"ex"},"MethodName":"0M:[p:string] [System.Exception, mscorlib, 4.0.0.0].ToString()","Parameters":[]}},{"$type":"[SST:Statements.ExpressionStatement]","Expression":{"$type":"[SST:Expressions.Assignable.InvocationExpression]","Reference":{"$type":"[SST:References.VariableReference]","Identifier":""},"MethodName":"0M:static [p:void] [ACAT.Lib.Core.Utility.Log, Core].Debug([p:string] message)","Parameters":[{"$type":"[SST:Expressions.Simple.ReferenceExpression]","Reference":{"$type":"[SST:References.VariableReference]","Identifier":"$0"}}]}}]}],"Finally":[]}]},{"$type":"[SST:Declarations.MethodDeclaration]","Name":"0M:[System.Xml.XmlTextWriter, System.Xml, 4.0.0.0] [ACAT.Lib.Core.AbbreviationsManagement.Abbreviations, Core].createAbbreviationsFile([p:string] fileName)","IsEntryPoint":false,"Body":[{"$type":"[SST:Statements.VariableDeclaration]","Reference":{"$type":"[SST:References.VariableReference]","Identifier":"xmlTextWriter"},"Type":"0T:System.Xml.XmlTextWriter, System.Xml, 4.0.0.0"},{"$type":"[SST:Blocks.TryBlock]","Body":[{"$type":"[SST:Statements.Assignment]","Reference":{"$type":"[SST:References.VariableReference]","Identifier":"xmlTextWriter"},"Expression":{"$type":"[SST:Expressions.Assignable.InvocationExpression]","Reference":{"$type":"[SST:References.VariableReference]","Identifier":""},"MethodName":"0M:[p:void] [System.Xml.XmlTextWriter, System.Xml, 4.0.0.0]..ctor([p:string] filename, [System.Text.Encoding, mscorlib, 4.0.0.0] encoding)","Parameters":[{"$type":"[SST:Expressions.Simple.ReferenceExpression]","Reference":{"$type":"[SST:References.VariableReference]","Identifier":"fileName"}},{"$type":"[SST:Expressions.Simple.ConstantValueExpression]","Value":"null"}]}},{"$type":"[SST:Statements.Assignment]","Reference":{"$type":"[SST:References.PropertyReference]","Reference":{"$type":"[SST:References.VariableReference]","Identifier":"xmlTextWriter"},"PropertyName":"0P:set get [e:System.Xml.Formatting, System.Xml, 4.0.0.0] [System.Xml.XmlTextWriter, System.Xml, 4.0.0.0].Formatting()"},"Expression":{"$type":"[SST:Expressions.Simple.ReferenceExpression]","Reference":{"$type":"[SST:References.FieldReference]","Reference":{"$type":"[SST:References.VariableReference]","Identifier":""},"FieldName":"0F:static [e:System.Xml.Formatting, System.Xml, 4.0.0.0] [e:System.Xml.Formatting, System.Xml, 4.0.0.0].Indented"}}},{"$type":"[SST:Statements.ExpressionStatement]","Expression":{"$type":"[SST:Expressions.Assignable.InvocationExpression]","Reference":{"$type":"[SST:References.VariableReference]","Identifier":"xmlTextWriter"},"MethodName":"0M:[p:void] [System.Xml.XmlTextWriter, System.Xml, 4.0.0.0].WriteStartDocument()","Parameters":[]}},{"$type":"[SST:Statements.ExpressionStatement]","Expression":{"$type":"[SST:Expressions.Assignable.InvocationExpression]","Reference":{"$type":"[SST:References.VariableReference]","Identifier":"xmlTextWriter"},"MethodName":"0M:[p:void] [System.Xml.XmlWriter, System.Xml, 4.0.0.0].WriteStartElement([p:string] localName)","Parameters":[{"$type":"[SST:Expressions.Simple.ConstantValueExpression]"}]}},{"$type":"[SST:Statements.ExpressionStatement]","Expression":{"$type":"[SST:Expressions.Assignable.InvocationExpression]","Reference":{"$type":"[SST:References.VariableReference]","Identifier":"xmlTextWriter"},"MethodName":"0M:[p:void] [System.Xml.XmlWriter, System.Xml, 4.0.0.0].WriteStartElement([p:string] localName)","Parameters":[{"$type":"[SST:Expressions.Simple.ConstantValueExpression]"}]}}],"CatchBlocks":[{"$type":"[SST:Blocks.CatchBlock]","Kind":0,"Parameter":"0Param:[System.Exception, mscorlib, 4.0.0.0] ex","Body":[{"$type":"[SST:Statements.VariableDeclaration]","Reference":{"$type":"[SST:References.VariableReference]","Identifier":"$0"},"Type":"0T:p:string"},{"$type":"[SST:Statements.Assignment]","Reference":{"$type":"[SST:References.VariableReference]","Identifier":"$0"},"Expression":{"$type":"[SST:Expressions.Assignable.InvocationExpression]","Reference":{"$type":"[SST:References.VariableReference]","Identifier":"ex"},"MethodName":"0M:[p:string] [System.Exception, mscorlib, 4.0.0.0].ToString()","Parameters":[]}},{"$type":"[SST:Statements.ExpressionStatement]","Expression":{"$type":"[SST:Expressions.Assignable.InvocationExpression]","Reference":{"$type":"[SST:References.VariableReference]","Identifier":""},"MethodName":"0M:static [p:void] [ACAT.Lib.Core.Utility.Log, Core].Debug([p:string] message)","Parameters":[{"$type":"[SST:Expressions.Simple.ReferenceExpression]","Reference":{"$type":"[SST:References.VariableReference]","Identifier":"$0"}}]}},{"$type":"[SST:Statements.Assignment]","Reference":{"$type":"[SST:References.VariableReference]","Identifier":"xmlTextWriter"},"Expression":{"$type":"[SST:Expressions.Simple.ConstantValueExpression]","Value":"null"}}]}],"Finally":[]},{"$type":"[SST:Statements.ReturnStatement]","Expression":{"$type":"[SST:Expressions.Simple.ReferenceExpression]","Reference":{"$type":"[SST:References.VariableReference]","Identifier":"xmlTextWriter"}},"IsVoid":false}]},{"$type":"[SST:Declarations.MethodDeclaration]","Name":"0M:[p:void] [ACAT.Lib.Core.AbbreviationsManagement.Abbreviations, Core].createAndAddAbbreviation([System.Xml.XmlNode, System.Xml, 4.0.0.0] node)","IsEntryPoint":false,"Body":[{"$type":"[SST:Statements.VariableDeclaration]","Reference":{"$type":"[SST:References.VariableReference]","Identifier":"word"},"Type":"0T:p:string"},{"$type":"[SST:Statements.VariableDeclaration]","Reference":{"$type":"[SST:References.VariableReference]","Identifier":"$0"},"Type":"0T:p:string"},{"$type":"[SST:Statements.Assignment]","Reference":{"$type":"[SST:References.VariableReference]","Identifier":"$0"},"Expression":{"$type":"[SST:Expressions.Assignable.InvocationExpression]","Reference":{"$type":"[SST:References.VariableReference]","Identifier":""},"MethodName":"0M:static [p:string] [ACAT.Lib.Core.Utility.XmlUtils, Core].GetXMLAttrString([System.Xml.XmlNode, System.Xml, 4.0.0.0] node, [p:string] attrName)","Parameters":[{"$type":"[SST:Expressions.Simple.ReferenceExpression]","Reference":{"$type":"[SST:References.VariableReference]","Identifier":"node"}},{"$type":"[SST:Expressions.Simple.ReferenceExpression]","Reference":{"$type":"[SST:References.FieldReference]","Reference":{"$type":"[SST:References.VariableReference]","Identifier":""},"FieldName":"0F:static [p:string] [ACAT.Lib.Core.AbbreviationsManagement.Abbreviations, Core].WordAttr"}}]}},{"$type":"[SST:Statements.Assignment]","Reference":{"$type":"[SST:References.VariableReference]","Identifier":"word"},"Expression":{"$type":"[SST:Expressions.Assignable.InvocationExpression]","Reference":{"$type":"[SST:References.VariableReference]","Identifier":"$0"},"MethodName":"0M:[p:string] [p:string].Trim()","Parameters":[]}},{"$type":"[SST:Statements.VariableDeclaration]","Reference":{"$type":"[SST:References.VariableReference]","Identifier":"replaceWith"},"Type":"0T:p:string"},{"$type":"[SST:Statements.Assignment]","Reference":{"$type":"[SST:References.VariableReference]","Identifier":"replaceWith"},"Expression":{"$type":"[SST:Expressions.Assignable.InvocationExpression]","Reference":{"$type":"[SST:References.VariableReference]","Identifier":""},"MethodName":"0M:static [p:string] [ACAT.Lib.Core.Utility.XmlUtils, Core].GetXMLAttrString([System.Xml.XmlNode, System.Xml, 4.0.0.0] node, [p:string] attrName)","Parameters":[{"$type":"[SST:Expressions.Simple.ReferenceExpression]","Reference":{"$type":"[SST:References.VariableReference]","Identifier":"node"}},{"$type":"[SST:Expressions.Simple.ReferenceExpression]","Reference":{"$type":"[SST:References.FieldReference]","Reference":{"$type":"[SST:References.VariableReference]","Identifier":""},"FieldName":"0F:static [p:string] [ACAT.Lib.Core.AbbreviationsManagement.Abbreviations, Core].ReplaceWithAttr"}}]}},{"$type":"[SST:Statements.VariableDeclaration]","Reference":{"$type":"[SST:References.VariableReference]","Identifier":"mode"},"Type":"0T:p:string"},{"$type":"[SST:Statements.VariableDeclaration]","Reference":{"$type":"[SST:References.VariableReference]","Identifier":"$1"},"Type":"0T:p:string"},{"$type":"[SST:Statements.Assignment]","Reference":{"$type":"[SST:References.VariableReference]","Identifier":"$1"},"Expression":{"$type":"[SST:Expressions.Assignable.InvocationExpression]","Reference":{"$type":"[SST:References.VariableReference]","Identifier":""},"MethodName":"0M:static [p:string] [ACAT.Lib.Core.Utility.XmlUtils, Core].GetXMLAttrString([System.Xml.XmlNode, System.Xml, 4.0.0.0] node, [p:string] attrName)","Parameters":[{"$type":"[SST:Expressions.Simple.ReferenceExpression]","Reference":{"$type":"[SST:References.VariableReference]","Identifier":"node"}},{"$type":"[SST:Expressions.Simple.ReferenceExpression]","Reference":{"$type":"[SST:References.FieldReference]","Reference":{"$type":"[SST:References.VariableReference]","Identifier":""},"FieldName":"0F:static [p:string] [ACAT.Lib.Core.AbbreviationsManagement.Abbreviations, Core].ModeAttr"}}]}},{"$type":"[SST:Statements.Assignment]","Reference":{"$type":"[SST:References.VariableReference]","Identifier":"mode"},"Expression":{"$type":"[SST:Expressions.Assignable.InvocationExpression]","Reference":{"$type":"[SST:References.VariableReference]","Identifier":"$1"},"MethodName":"0M:[p:string] [p:string].Trim()","Parameters":[]}},{"$type":"[SST:Statements.VariableDeclaration]","Reference":{"$type":"[SST:References.VariableReference]","Identifier":"$2"},"Type":"0T:ACAT.Lib.Core.AbbreviationsManagement.Abbreviation, Core"},{"$type":"[SST:Statements.Assignment]","Reference":{"$type":"[SST:References.VariableReference]","Identifier":"$2"},"Expression":{"$type":"[SST:Expressions.Assignable.InvocationExpression]","Reference":{"$type":"[SST:References.VariableReference]","Identifier":""},"MethodName":"0M:[p:void] [ACAT.Lib.Core.AbbreviationsManagement.Abbreviation, Core]..ctor([p:string] mnemonic, [p:string] expansion, [p:string] mode)","Parameters":[{"$type":"[SST:Expressions.Simple.ReferenceExpression]","Reference":{"$type":"[SST:References.VariableReference]","Identifier":"word"}},{"$type":"[SST:Expressions.Simple.ReferenceExpression]","Reference":{"$type":"[SST:References.VariableReference]","Identifier":"replaceWith"}},{"$type":"[SST:Expressions.Simple.ReferenceExpression]","Reference":{"$type":"[SST:References.VariableReference]","Identifier":"mode"}}]}},{"$type":"[SST:Statements.ExpressionStatement]","Expression":{"$type":"[SST:Expressions.Assignable.InvocationExpression]","Reference":{"$type":"[SST:References.VariableReference]","Identifier":"this"},"MethodName":"0M:[p:bool] [ACAT.Lib.Core.AbbreviationsManagement.Abbreviations, Core].Add([ACAT.Lib.Core.AbbreviationsManagement.Abbreviation, Core] abbreviation)","Parameters":[{"$type":"[SST:Expressions.Simple.ReferenceExpression]","Reference":{"$type":"[SST:References.VariableReference]","Identifier":"$2"}}]}}]}],"Events":[],"Delegates":[]}}