{"$type":"KaVE.Commons.Model.Events.CompletionEvents.Context, KaVE.Commons","TypeShape":{"$type":"KaVE.Commons.Model.TypeShapes.TypeShape, KaVE.Commons","TypeHierarchy":{"$type":"KaVE.Commons.Model.TypeShapes.TypeHierarchy, KaVE.Commons","Element":"0T:i:ACAT.Lib.Core.WordPredictionManagement.IWordPredictor, Core","Implements":[{"$type":"KaVE.Commons.Model.TypeShapes.TypeHierarchy, KaVE.Commons","Element":"0T:i:System.IDisposable, mscorlib, 4.0.0.0","Implements":[]}]},"NestedTypes":[],"Delegates":[],"EventHierarchies":[],"Fields":[],"MethodHierarchies":[{"$type":"KaVE.Commons.Model.TypeShapes.MethodHierarchy, KaVE.Commons","Element":"0M:[p:bool] [i:ACAT.Lib.Core.WordPredictionManagement.IWordPredictor, Core].Init()"},{"$type":"KaVE.Commons.Model.TypeShapes.MethodHierarchy, KaVE.Commons","Element":"0M:[p:bool] [i:ACAT.Lib.Core.WordPredictionManagement.IWordPredictor, Core].Learn([p:string] text)"},{"$type":"KaVE.Commons.Model.TypeShapes.MethodHierarchy, KaVE.Commons","Element":"0M:[p:int] [i:ACAT.Lib.Core.WordPredictionManagement.IWordPredictor, Core].LoadContext([p:string] text)"},{"$type":"KaVE.Commons.Model.TypeShapes.MethodHierarchy, KaVE.Commons","Element":"0M:[p:bool] [i:ACAT.Lib.Core.WordPredictionManagement.IWordPredictor, Core].LoadDefaultSettings()"},{"$type":"KaVE.Commons.Model.TypeShapes.MethodHierarchy, KaVE.Commons","Element":"0M:[p:bool] [i:ACAT.Lib.Core.WordPredictionManagement.IWordPredictor, Core].LoadSettings([p:string] configFileDirectory)"},{"$type":"KaVE.Commons.Model.TypeShapes.MethodHierarchy, KaVE.Commons","Element":"0M:[i:System.Collections.Generic.IEnumerable`1[[T -> p:string]], mscorlib, 4.0.0.0] [i:ACAT.Lib.Core.WordPredictionManagement.IWordPredictor, Core].Predict([p:string] prevNWords, [p:string] lastWord)"},{"$type":"KaVE.Commons.Model.TypeShapes.MethodHierarchy, KaVE.Commons","Element":"0M:[p:bool] [i:ACAT.Lib.Core.WordPredictionManagement.IWordPredictor, Core].SaveSettings([p:string] configFileDirectory)"},{"$type":"KaVE.Commons.Model.TypeShapes.MethodHierarchy, KaVE.Commons","Element":"0M:[p:void] [i:ACAT.Lib.Core.WordPredictionManagement.IWordPredictor, Core].UnloadContext([p:int] contextHandle)"}],"PropertyHierarchies":[{"$type":"KaVE.Commons.Model.TypeShapes.PropertyHierarchy, KaVE.Commons","Element":"0P:get [i:ACAT.Lib.Core.Utility.IDescriptor, Core] [i:ACAT.Lib.Core.WordPredictionManagement.IWordPredictor, Core].Descriptor()"},{"$type":"KaVE.Commons.Model.TypeShapes.PropertyHierarchy, KaVE.Commons","Element":"0P:set get [p:bool] [i:ACAT.Lib.Core.WordPredictionManagement.IWordPredictor, Core].FilterPunctuationsEnable()"},{"$type":"KaVE.Commons.Model.TypeShapes.PropertyHierarchy, KaVE.Commons","Element":"0P:set get [p:int] [i:ACAT.Lib.Core.WordPredictionManagement.IWordPredictor, Core].NGram()"},{"$type":"KaVE.Commons.Model.TypeShapes.PropertyHierarchy, KaVE.Commons","Element":"0P:set get [p:int] [i:ACAT.Lib.Core.WordPredictionManagement.IWordPredictor, Core].PredictionWordCount()"},{"$type":"KaVE.Commons.Model.TypeShapes.PropertyHierarchy, KaVE.Commons","Element":"0P:get [i:ACAT.Lib.Core.WordPredictionManagement.IWordPredictorSettingsDialog, Core] [i:ACAT.Lib.Core.WordPredictionManagement.IWordPredictor, Core].SettingsDialog()"},{"$type":"KaVE.Commons.Model.TypeShapes.PropertyHierarchy, KaVE.Commons","Element":"0P:get [p:bool] [i:ACAT.Lib.Core.WordPredictionManagement.IWordPredictor, Core].SupportsLearning()"},{"$type":"KaVE.Commons.Model.TypeShapes.PropertyHierarchy, KaVE.Commons","Element":"0P:get [p:bool] [i:ACAT.Lib.Core.WordPredictionManagement.IWordPredictor, Core].SupportsSettingsDialog()"}]},"SST":{"$type":"[SST:SST]","EnclosingType":"0T:i:ACAT.Lib.Core.WordPredictionManagement.IWordPredictor, Core","Fields":[],"Properties":[{"$type":"[SST:Declarations.PropertyDeclaration]","Name":"0P:get [i:ACAT.Lib.Core.Utility.IDescriptor, Core] [i:ACAT.Lib.Core.WordPredictionManagement.IWordPredictor, Core].Descriptor()","Get":[],"Set":[]},{"$type":"[SST:Declarations.PropertyDeclaration]","Name":"0P:set get [p:bool] [i:ACAT.Lib.Core.WordPredictionManagement.IWordPredictor, Core].FilterPunctuationsEnable()","Get":[],"Set":[]},{"$type":"[SST:Declarations.PropertyDeclaration]","Name":"0P:set get [p:int] [i:ACAT.Lib.Core.WordPredictionManagement.IWordPredictor, Core].NGram()","Get":[],"Set":[]},{"$type":"[SST:Declarations.PropertyDeclaration]","Name":"0P:set get [p:int] [i:ACAT.Lib.Core.WordPredictionManagement.IWordPredictor, Core].PredictionWordCount()","Get":[],"Set":[]},{"$type":"[SST:Declarations.PropertyDeclaration]","Name":"0P:get [i:ACAT.Lib.Core.WordPredictionManagement.IWordPredictorSettingsDialog, Core] [i:ACAT.Lib.Core.WordPredictionManagement.IWordPredictor, Core].SettingsDialog()","Get":[],"Set":[]},{"$type":"[SST:Declarations.PropertyDeclaration]","Name":"0P:get [p:bool] [i:ACAT.Lib.Core.WordPredictionManagement.IWordPredictor, Core].SupportsLearning()","Get":[],"Set":[]},{"$type":"[SST:Declarations.PropertyDeclaration]","Name":"0P:get [p:bool] [i:ACAT.Lib.Core.WordPredictionManagement.IWordPredictor, Core].SupportsSettingsDialog()","Get":[],"Set":[]}],"Methods":[{"$type":"[SST:Declarations.MethodDeclaration]","Name":"0M:[p:bool] [i:ACAT.Lib.Core.WordPredictionManagement.IWordPredictor, Core].Init()","IsEntryPoint":false,"Body":[]},{"$type":"[SST:Declarations.MethodDeclaration]","Name":"0M:[p:bool] [i:ACAT.Lib.Core.WordPredictionManagement.IWordPredictor, Core].Learn([p:string] text)","IsEntryPoint":false,"Body":[]},{"$type":"[SST:Declarations.MethodDeclaration]","Name":"0M:[p:int] [i:ACAT.Lib.Core.WordPredictionManagement.IWordPredictor, Core].LoadContext([p:string] text)","IsEntryPoint":false,"Body":[]},{"$type":"[SST:Declarations.MethodDeclaration]","Name":"0M:[p:bool] [i:ACAT.Lib.Core.WordPredictionManagement.IWordPredictor, Core].LoadDefaultSettings()","IsEntryPoint":false,"Body":[]},{"$type":"[SST:Declarations.MethodDeclaration]","Name":"0M:[p:bool] [i:ACAT.Lib.Core.WordPredictionManagement.IWordPredictor, Core].LoadSettings([p:string] configFileDirectory)","IsEntryPoint":false,"Body":[]},{"$type":"[SST:Declarations.MethodDeclaration]","Name":"0M:[i:System.Collections.Generic.IEnumerable`1[[T -> p:string]], mscorlib, 4.0.0.0] [i:ACAT.Lib.Core.WordPredictionManagement.IWordPredictor, Core].Predict([p:string] prevNWords, [p:string] lastWord)","IsEntryPoint":false,"Body":[]},{"$type":"[SST:Declarations.MethodDeclaration]","Name":"0M:[p:bool] [i:ACAT.Lib.Core.WordPredictionManagement.IWordPredictor, Core].SaveSettings([p:string] configFileDirectory)","IsEntryPoint":false,"Body":[]},{"$type":"[SST:Declarations.MethodDeclaration]","Name":"0M:[p:void] [i:ACAT.Lib.Core.WordPredictionManagement.IWordPredictor, Core].UnloadContext([p:int] contextHandle)","IsEntryPoint":false,"Body":[]}],"Events":[],"Delegates":[]}}