{"$type":"KaVE.Commons.Model.Events.CompletionEvents.Context, KaVE.Commons","TypeShape":{"$type":"KaVE.Commons.Model.TypeShapes.TypeShape, KaVE.Commons","TypeHierarchy":{"$type":"KaVE.Commons.Model.TypeShapes.TypeHierarchy, KaVE.Commons","Element":"0T:ACAT.Lib.Core.WordPredictionManagement.NullWordPredictor, Core","Implements":[{"$type":"KaVE.Commons.Model.TypeShapes.TypeHierarchy, KaVE.Commons","Element":"0T:i:ACAT.Lib.Core.WordPredictionManagement.IWordPredictor, Core","Implements":[{"$type":"KaVE.Commons.Model.TypeShapes.TypeHierarchy, KaVE.Commons","Element":"0T:i:System.IDisposable, mscorlib, 4.0.0.0","Implements":[]}]}]},"NestedTypes":[],"Delegates":[],"EventHierarchies":[],"Fields":["0F:[p:int] [ACAT.Lib.Core.WordPredictionManagement.NullWordPredictor, Core]._contextHandle","0F:[p:bool] [ACAT.Lib.Core.WordPredictionManagement.NullWordPredictor, Core]._disposed"],"MethodHierarchies":[{"$type":"KaVE.Commons.Model.TypeShapes.MethodHierarchy, KaVE.Commons","Element":"0M:[p:void] [ACAT.Lib.Core.WordPredictionManagement.NullWordPredictor, Core].Dispose()","First":"0M:[p:void] [i:System.IDisposable, mscorlib, 4.0.0.0].Dispose()"},{"$type":"KaVE.Commons.Model.TypeShapes.MethodHierarchy, KaVE.Commons","Element":"0M:[p:bool] [ACAT.Lib.Core.WordPredictionManagement.NullWordPredictor, Core].Init()","First":"0M:[p:bool] [i:ACAT.Lib.Core.WordPredictionManagement.IWordPredictor, Core].Init()"},{"$type":"KaVE.Commons.Model.TypeShapes.MethodHierarchy, KaVE.Commons","Element":"0M:[p:bool] [ACAT.Lib.Core.WordPredictionManagement.NullWordPredictor, Core].Learn([p:string] text)","First":"0M:[p:bool] [i:ACAT.Lib.Core.WordPredictionManagement.IWordPredictor, Core].Learn([p:string] text)"},{"$type":"KaVE.Commons.Model.TypeShapes.MethodHierarchy, KaVE.Commons","Element":"0M:[p:int] [ACAT.Lib.Core.WordPredictionManagement.NullWordPredictor, Core].LoadContext([p:string] text)","First":"0M:[p:int] [i:ACAT.Lib.Core.WordPredictionManagement.IWordPredictor, Core].LoadContext([p:string] text)"},{"$type":"KaVE.Commons.Model.TypeShapes.MethodHierarchy, KaVE.Commons","Element":"0M:[p:bool] [ACAT.Lib.Core.WordPredictionManagement.NullWordPredictor, Core].LoadDefaultSettings()","First":"0M:[p:bool] [i:ACAT.Lib.Core.WordPredictionManagement.IWordPredictor, Core].LoadDefaultSettings()"},{"$type":"KaVE.Commons.Model.TypeShapes.MethodHierarchy, KaVE.Commons","Element":"0M:[p:bool] [ACAT.Lib.Core.WordPredictionManagement.NullWordPredictor, Core].LoadSettings([p:string] configFileDirectory)","First":"0M:[p:bool] [i:ACAT.Lib.Core.WordPredictionManagement.IWordPredictor, Core].LoadSettings([p:string] configFileDirectory)"},{"$type":"KaVE.Commons.Model.TypeShapes.MethodHierarchy, KaVE.Commons","Element":"0M:[i:System.Collections.Generic.IEnumerable`1[[T -> p:string]], mscorlib, 4.0.0.0] [ACAT.Lib.Core.WordPredictionManagement.NullWordPredictor, Core].Predict([p:string] prevNWords, [p:string] lastWord)","First":"0M:[i:System.Collections.Generic.IEnumerable`1[[T -> p:string]], mscorlib, 4.0.0.0] [i:ACAT.Lib.Core.WordPredictionManagement.IWordPredictor, Core].Predict([p:string] prevNWords, [p:string] lastWord)"},{"$type":"KaVE.Commons.Model.TypeShapes.MethodHierarchy, KaVE.Commons","Element":"0M:[p:bool] [ACAT.Lib.Core.WordPredictionManagement.NullWordPredictor, Core].SaveSettings([p:string] configFileDirectory)","First":"0M:[p:bool] [i:ACAT.Lib.Core.WordPredictionManagement.IWordPredictor, Core].SaveSettings([p:string] configFileDirectory)"},{"$type":"KaVE.Commons.Model.TypeShapes.MethodHierarchy, KaVE.Commons","Element":"0M:[p:void] [ACAT.Lib.Core.WordPredictionManagement.NullWordPredictor, Core].UnloadContext([p:int] handle)","First":"0M:[p:void] [i:ACAT.Lib.Core.WordPredictionManagement.IWordPredictor, Core].UnloadContext([p:int] contextHandle)"},{"$type":"KaVE.Commons.Model.TypeShapes.MethodHierarchy, KaVE.Commons","Element":"0M:[p:void] [ACAT.Lib.Core.WordPredictionManagement.NullWordPredictor, Core].Dispose([p:bool] disposing)"}],"PropertyHierarchies":[{"$type":"KaVE.Commons.Model.TypeShapes.PropertyHierarchy, KaVE.Commons","Element":"0P:get [i:ACAT.Lib.Core.Utility.IDescriptor, Core] [ACAT.Lib.Core.WordPredictionManagement.NullWordPredictor, Core].Descriptor()","First":"0P:get [i:ACAT.Lib.Core.Utility.IDescriptor, Core] [i:ACAT.Lib.Core.WordPredictionManagement.IWordPredictor, Core].Descriptor()"},{"$type":"KaVE.Commons.Model.TypeShapes.PropertyHierarchy, KaVE.Commons","Element":"0P:set get [p:bool] [ACAT.Lib.Core.WordPredictionManagement.NullWordPredictor, Core].FilterPunctuationsEnable()","First":"0P:set get [p:bool] [i:ACAT.Lib.Core.WordPredictionManagement.IWordPredictor, Core].FilterPunctuationsEnable()"},{"$type":"KaVE.Commons.Model.TypeShapes.PropertyHierarchy, KaVE.Commons","Element":"0P:set get [p:int] [ACAT.Lib.Core.WordPredictionManagement.NullWordPredictor, Core].NGram()","First":"0P:set get [p:int] [i:ACAT.Lib.Core.WordPredictionManagement.IWordPredictor, Core].NGram()"},{"$type":"KaVE.Commons.Model.TypeShapes.PropertyHierarchy, KaVE.Commons","Element":"0P:set get [p:int] [ACAT.Lib.Core.WordPredictionManagement.NullWordPredictor, Core].PredictionWordCount()","First":"0P:set get [p:int] [i:ACAT.Lib.Core.WordPredictionManagement.IWordPredictor, Core].PredictionWordCount()"},{"$type":"KaVE.Commons.Model.TypeShapes.PropertyHierarchy, KaVE.Commons","Element":"0P:get [i:ACAT.Lib.Core.WordPredictionManagement.IWordPredictorSettingsDialog, Core] [ACAT.Lib.Core.WordPredictionManagement.NullWordPredictor, Core].SettingsDialog()","First":"0P:get [i:ACAT.Lib.Core.WordPredictionManagement.IWordPredictorSettingsDialog, Core] [i:ACAT.Lib.Core.WordPredictionManagement.IWordPredictor, Core].SettingsDialog()"},{"$type":"KaVE.Commons.Model.TypeShapes.PropertyHierarchy, KaVE.Commons","Element":"0P:get [p:bool] [ACAT.Lib.Core.WordPredictionManagement.NullWordPredictor, Core].SupportsLearning()","First":"0P:get [p:bool] [i:ACAT.Lib.Core.WordPredictionManagement.IWordPredictor, Core].SupportsLearning()"},{"$type":"KaVE.Commons.Model.TypeShapes.PropertyHierarchy, KaVE.Commons","Element":"0P:get [p:bool] [ACAT.Lib.Core.WordPredictionManagement.NullWordPredictor, Core].SupportsSettingsDialog()","First":"0P:get [p:bool] [i:ACAT.Lib.Core.WordPredictionManagement.IWordPredictor, Core].SupportsSettingsDialog()"}]},"SST":{"$type":"[SST:SST]","EnclosingType":"0T:ACAT.Lib.Core.WordPredictionManagement.NullWordPredictor, Core","Fields":[{"$type":"[SST:Declarations.FieldDeclaration]","Name":"0F:[p:int] [ACAT.Lib.Core.WordPredictionManagement.NullWordPredictor, Core]._contextHandle"},{"$type":"[SST:Declarations.FieldDeclaration]","Name":"0F:[p:bool] [ACAT.Lib.Core.WordPredictionManagement.NullWordPredictor, Core]._disposed"}],"Properties":[{"$type":"[SST:Declarations.PropertyDeclaration]","Name":"0P:get [i:ACAT.Lib.Core.Utility.IDescriptor, Core] [ACAT.Lib.Core.WordPredictionManagement.NullWordPredictor, Core].Descriptor()","Get":[{"$type":"[SST:Statements.VariableDeclaration]","Reference":{"$type":"[SST:References.VariableReference]","Identifier":"$0"},"Type":"0T:System.Type, mscorlib, 4.0.0.0"},{"$type":"[SST:Statements.Assignment]","Reference":{"$type":"[SST:References.VariableReference]","Identifier":"$0"},"Expression":{"$type":"[SST:Expressions.Assignable.InvocationExpression]","Reference":{"$type":"[SST:References.VariableReference]","Identifier":"this"},"MethodName":"0M:[System.Type, mscorlib, 4.0.0.0] [p:object].GetType()","Parameters":[]}},{"$type":"[SST:Statements.VariableDeclaration]","Reference":{"$type":"[SST:References.VariableReference]","Identifier":"$1"},"Type":"0T:ACAT.Lib.Core.Utility.DescriptorAttribute, Core"},{"$type":"[SST:Statements.Assignment]","Reference":{"$type":"[SST:References.VariableReference]","Identifier":"$1"},"Expression":{"$type":"[SST:Expressions.Assignable.InvocationExpression]","Reference":{"$type":"[SST:References.VariableReference]","Identifier":""},"MethodName":"0M:static [ACAT.Lib.Core.Utility.DescriptorAttribute, Core] [ACAT.Lib.Core.Utility.DescriptorAttribute, Core].GetDescriptor([System.Type, mscorlib, 4.0.0.0] type)","Parameters":[{"$type":"[SST:Expressions.Simple.ReferenceExpression]","Reference":{"$type":"[SST:References.VariableReference]","Identifier":"$0"}}]}},{"$type":"[SST:Statements.ReturnStatement]","Expression":{"$type":"[SST:Expressions.Simple.ReferenceExpression]","Reference":{"$type":"[SST:References.VariableReference]","Identifier":"$1"}},"IsVoid":false}],"Set":[]},{"$type":"[SST:Declarations.PropertyDeclaration]","Name":"0P:set get [p:bool] [ACAT.Lib.Core.WordPredictionManagement.NullWordPredictor, Core].FilterPunctuationsEnable()","Get":[],"Set":[]},{"$type":"[SST:Declarations.PropertyDeclaration]","Name":"0P:set get [p:int] [ACAT.Lib.Core.WordPredictionManagement.NullWordPredictor, Core].NGram()","Get":[],"Set":[]},{"$type":"[SST:Declarations.PropertyDeclaration]","Name":"0P:set get [p:int] [ACAT.Lib.Core.WordPredictionManagement.NullWordPredictor, Core].PredictionWordCount()","Get":[],"Set":[]},{"$type":"[SST:Declarations.PropertyDeclaration]","Name":"0P:get [i:ACAT.Lib.Core.WordPredictionManagement.IWordPredictorSettingsDialog, Core] [ACAT.Lib.Core.WordPredictionManagement.NullWordPredictor, Core].SettingsDialog()","Get":[{"$type":"[SST:Statements.ReturnStatement]","Expression":{"$type":"[SST:Expressions.Simple.ConstantValueExpression]","Value":"null"},"IsVoid":false}],"Set":[]},{"$type":"[SST:Declarations.PropertyDeclaration]","Name":"0P:get [p:bool] [ACAT.Lib.Core.WordPredictionManagement.NullWordPredictor, Core].SupportsLearning()","Get":[{"$type":"[SST:Statements.ReturnStatement]","Expression":{"$type":"[SST:Expressions.Simple.ConstantValueExpression]","Value":"false"},"IsVoid":false}],"Set":[]},{"$type":"[SST:Declarations.PropertyDeclaration]","Name":"0P:get [p:bool] [ACAT.Lib.Core.WordPredictionManagement.NullWordPredictor, Core].SupportsSettingsDialog()","Get":[{"$type":"[SST:Statements.ReturnStatement]","Expression":{"$type":"[SST:Expressions.Simple.ConstantValueExpression]","Value":"false"},"IsVoid":false}],"Set":[]}],"Methods":[{"$type":"[SST:Declarations.MethodDeclaration]","Name":"0M:[p:void] [ACAT.Lib.Core.WordPredictionManagement.NullWordPredictor, Core]..init()","IsEntryPoint":false,"Body":[{"$type":"[SST:Statements.Assignment]","Reference":{"$type":"[SST:References.FieldReference]","Reference":{"$type":"[SST:References.VariableReference]","Identifier":"this"},"FieldName":"0F:[p:int] [ACAT.Lib.Core.WordPredictionManagement.NullWordPredictor, Core]._contextHandle"},"Expression":{"$type":"[SST:Expressions.Simple.ConstantValueExpression]","Value":"1"}},{"$type":"[SST:Statements.Assignment]","Reference":{"$type":"[SST:References.FieldReference]","Reference":{"$type":"[SST:References.VariableReference]","Identifier":"this"},"FieldName":"0F:[p:bool] [ACAT.Lib.Core.WordPredictionManagement.NullWordPredictor, Core]._disposed"},"Expression":{"$type":"[SST:Expressions.Simple.ConstantValueExpression]","Value":"false"}}]},{"$type":"[SST:Declarations.MethodDeclaration]","Name":"0M:[p:void] [ACAT.Lib.Core.WordPredictionManagement.NullWordPredictor, Core].Dispose()","IsEntryPoint":true,"Body":[{"$type":"[SST:Statements.ExpressionStatement]","Expression":{"$type":"[SST:Expressions.Assignable.InvocationExpression]","Reference":{"$type":"[SST:References.VariableReference]","Identifier":"this"},"MethodName":"0M:[p:void] [ACAT.Lib.Core.WordPredictionManagement.NullWordPredictor, Core].Dispose([p:bool] disposing)","Parameters":[{"$type":"[SST:Expressions.Simple.ConstantValueExpression]","Value":"true"}]}},{"$type":"[SST:Statements.ExpressionStatement]","Expression":{"$type":"[SST:Expressions.Assignable.InvocationExpression]","Reference":{"$type":"[SST:References.VariableReference]","Identifier":""},"MethodName":"0M:static [p:void] [System.GC, mscorlib, 4.0.0.0].SuppressFinalize([p:object] obj)","Parameters":[{"$type":"[SST:Expressions.Simple.ReferenceExpression]","Reference":{"$type":"[SST:References.VariableReference]","Identifier":"this"}}]}}]},{"$type":"[SST:Declarations.MethodDeclaration]","Name":"0M:[p:bool] [ACAT.Lib.Core.WordPredictionManagement.NullWordPredictor, Core].Init()","IsEntryPoint":true,"Body":[{"$type":"[SST:Statements.ReturnStatement]","Expression":{"$type":"[SST:Expressions.Simple.ConstantValueExpression]","Value":"true"},"IsVoid":false}]},{"$type":"[SST:Declarations.MethodDeclaration]","Name":"0M:[p:bool] [ACAT.Lib.Core.WordPredictionManagement.NullWordPredictor, Core].Learn([p:string] text)","IsEntryPoint":true,"Body":[{"$type":"[SST:Statements.ReturnStatement]","Expression":{"$type":"[SST:Expressions.Simple.ConstantValueExpression]","Value":"true"},"IsVoid":false}]},{"$type":"[SST:Declarations.MethodDeclaration]","Name":"0M:[p:int] [ACAT.Lib.Core.WordPredictionManagement.NullWordPredictor, Core].LoadContext([p:string] text)","IsEntryPoint":true,"Body":[{"$type":"[SST:Statements.ReturnStatement]","Expression":{"$type":"[SST:Expressions.Simple.UnknownExpression]"},"IsVoid":false}]},{"$type":"[SST:Declarations.MethodDeclaration]","Name":"0M:[p:bool] [ACAT.Lib.Core.WordPredictionManagement.NullWordPredictor, Core].LoadDefaultSettings()","IsEntryPoint":true,"Body":[{"$type":"[SST:Statements.ReturnStatement]","Expression":{"$type":"[SST:Expressions.Simple.ConstantValueExpression]","Value":"true"},"IsVoid":false}]},{"$type":"[SST:Declarations.MethodDeclaration]","Name":"0M:[p:bool] [ACAT.Lib.Core.WordPredictionManagement.NullWordPredictor, Core].LoadSettings([p:string] configFileDirectory)","IsEntryPoint":true,"Body":[{"$type":"[SST:Statements.ReturnStatement]","Expression":{"$type":"[SST:Expressions.Simple.ConstantValueExpression]","Value":"true"},"IsVoid":false}]},{"$type":"[SST:Declarations.MethodDeclaration]","Name":"0M:[i:System.Collections.Generic.IEnumerable`1[[T -> p:string]], mscorlib, 4.0.0.0] [ACAT.Lib.Core.WordPredictionManagement.NullWordPredictor, Core].Predict([p:string] prevNWords, [p:string] lastWord)","IsEntryPoint":true,"Body":[{"$type":"[SST:Statements.VariableDeclaration]","Reference":{"$type":"[SST:References.VariableReference]","Identifier":"$0"},"Type":"0T:System.Collections.Generic.List`1[[T -> p:string]], mscorlib, 4.0.0.0"},{"$type":"[SST:Statements.Assignment]","Reference":{"$type":"[SST:References.VariableReference]","Identifier":"$0"},"Expression":{"$type":"[SST:Expressions.Assignable.InvocationExpression]","Reference":{"$type":"[SST:References.VariableReference]","Identifier":""},"MethodName":"0M:[p:void] [System.Collections.Generic.List`1[[T -> p:string]], mscorlib, 4.0.0.0]..ctor()","Parameters":[]}},{"$type":"[SST:Statements.ReturnStatement]","Expression":{"$type":"[SST:Expressions.Simple.ReferenceExpression]","Reference":{"$type":"[SST:References.VariableReference]","Identifier":"$0"}},"IsVoid":false}]},{"$type":"[SST:Declarations.MethodDeclaration]","Name":"0M:[p:bool] [ACAT.Lib.Core.WordPredictionManagement.NullWordPredictor, Core].SaveSettings([p:string] configFileDirectory)","IsEntryPoint":true,"Body":[{"$type":"[SST:Statements.ReturnStatement]","Expression":{"$type":"[SST:Expressions.Simple.ConstantValueExpression]","Value":"true"},"IsVoid":false}]},{"$type":"[SST:Declarations.MethodDeclaration]","Name":"0M:[p:void] [ACAT.Lib.Core.WordPredictionManagement.NullWordPredictor, Core].UnloadContext([p:int] handle)","IsEntryPoint":true,"Body":[]},{"$type":"[SST:Declarations.MethodDeclaration]","Name":"0M:[p:void] [ACAT.Lib.Core.WordPredictionManagement.NullWordPredictor, Core].Dispose([p:bool] disposing)","IsEntryPoint":false,"Body":[{"$type":"[SST:Statements.VariableDeclaration]","Reference":{"$type":"[SST:References.VariableReference]","Identifier":"$0"},"Type":"0T:p:bool"},{"$type":"[SST:Statements.Assignment]","Reference":{"$type":"[SST:References.VariableReference]","Identifier":"$0"},"Expression":{"$type":"[SST:Expressions.Assignable.UnaryExpression]","Operator":1,"Operand":{"$type":"[SST:Expressions.Simple.ReferenceExpression]","Reference":{"$type":"[SST:References.FieldReference]","Reference":{"$type":"[SST:References.VariableReference]","Identifier":"this"},"FieldName":"0F:[p:bool] [ACAT.Lib.Core.WordPredictionManagement.NullWordPredictor, Core]._disposed"}}}},{"$type":"[SST:Blocks.IfElseBlock]","Condition":{"$type":"[SST:Expressions.Simple.ReferenceExpression]","Reference":{"$type":"[SST:References.VariableReference]","Identifier":"$0"}},"Then":[{"$type":"[SST:Statements.ExpressionStatement]","Expression":{"$type":"[SST:Expressions.Assignable.InvocationExpression]","Reference":{"$type":"[SST:References.VariableReference]","Identifier":""},"MethodName":"0M:static [p:void] [ACAT.Lib.Core.Utility.Log, Core].Debug()","Parameters":[]}},{"$type":"[SST:Blocks.IfElseBlock]","Condition":{"$type":"[SST:Expressions.Simple.ReferenceExpression]","Reference":{"$type":"[SST:References.VariableReference]","Identifier":"disposing"}},"Then":[],"Else":[]}],"Else":[]},{"$type":"[SST:Statements.Assignment]","Reference":{"$type":"[SST:References.FieldReference]","Reference":{"$type":"[SST:References.VariableReference]","Identifier":"this"},"FieldName":"0F:[p:bool] [ACAT.Lib.Core.WordPredictionManagement.NullWordPredictor, Core]._disposed"},"Expression":{"$type":"[SST:Expressions.Simple.ConstantValueExpression]","Value":"true"}}]}],"Events":[],"Delegates":[]}}