{"$type":"KaVE.Commons.Model.Events.CompletionEvents.Context, KaVE.Commons","TypeShape":{"$type":"KaVE.Commons.Model.TypeShapes.TypeShape, KaVE.Commons","TypeHierarchy":{"$type":"KaVE.Commons.Model.TypeShapes.TypeHierarchy, KaVE.Commons","Element":"0T:ACAT.Lib.Core.WordPredictionManagement.WordPredictionManager, Core","Implements":[{"$type":"KaVE.Commons.Model.TypeShapes.TypeHierarchy, KaVE.Commons","Element":"0T:i:System.IDisposable, mscorlib, 4.0.0.0","Implements":[]}]},"NestedTypes":[],"Delegates":[],"EventHierarchies":[],"Fields":["0F:static [p:string] [ACAT.Lib.Core.WordPredictionManagement.WordPredictionManager, Core].WordPredictorsRootName","0F:static [ACAT.Lib.Core.WordPredictionManagement.WordPredictionManager, Core] [ACAT.Lib.Core.WordPredictionManagement.WordPredictionManager, Core]._instance","0F:[i:ACAT.Lib.Core.WordPredictionManagement.IWordPredictor, Core] [ACAT.Lib.Core.WordPredictionManagement.WordPredictionManager, Core]._nullWordPredictor","0F:[p:string] [ACAT.Lib.Core.WordPredictionManagement.WordPredictionManager, Core]._profileRootDir","0F:[p:string] [ACAT.Lib.Core.WordPredictionManagement.WordPredictionManager, Core]._userWordPredictorRootDir","0F:[i:ACAT.Lib.Core.WordPredictionManagement.IWordPredictor, Core] [ACAT.Lib.Core.WordPredictionManagement.WordPredictionManager, Core]._activeWordPredictor","0F:[p:bool] [ACAT.Lib.Core.WordPredictionManagement.WordPredictionManager, Core]._disposed","0F:[ACAT.Lib.Core.WordPredictionManagement.WordPredictors, Core] [ACAT.Lib.Core.WordPredictionManagement.WordPredictionManager, Core]._wordPredictors"],"MethodHierarchies":[{"$type":"KaVE.Commons.Model.TypeShapes.MethodHierarchy, KaVE.Commons","Element":"0M:[p:void] [ACAT.Lib.Core.WordPredictionManagement.WordPredictionManager, Core]..ctor()"},{"$type":"KaVE.Commons.Model.TypeShapes.MethodHierarchy, KaVE.Commons","Element":"0M:[p:void] [ACAT.Lib.Core.WordPredictionManagement.WordPredictionManager, Core].Dispose()","First":"0M:[p:void] [i:System.IDisposable, mscorlib, 4.0.0.0].Dispose()"},{"$type":"KaVE.Commons.Model.TypeShapes.MethodHierarchy, KaVE.Commons","Element":"0M:[p:bool] [ACAT.Lib.Core.WordPredictionManagement.WordPredictionManager, Core].Init([i:System.Collections.Generic.IEnumerable`1[[T -> p:string]], mscorlib, 4.0.0.0] extensionDirs)"},{"$type":"KaVE.Commons.Model.TypeShapes.MethodHierarchy, KaVE.Commons","Element":"0M:[p:void] [ACAT.Lib.Core.WordPredictionManagement.WordPredictionManager, Core].LoadDefaultSettings()"},{"$type":"KaVE.Commons.Model.TypeShapes.MethodHierarchy, KaVE.Commons","Element":"0M:[p:void] [ACAT.Lib.Core.WordPredictionManagement.WordPredictionManager, Core].SaveSettings()"},{"$type":"KaVE.Commons.Model.TypeShapes.MethodHierarchy, KaVE.Commons","Element":"0M:[p:bool] [ACAT.Lib.Core.WordPredictionManagement.WordPredictionManager, Core].SetActiveWordPredictor([p:string] idOrName)"},{"$type":"KaVE.Commons.Model.TypeShapes.MethodHierarchy, KaVE.Commons","Element":"0M:[p:void] [ACAT.Lib.Core.WordPredictionManagement.WordPredictionManager, Core].Dispose([p:bool] disposing)"},{"$type":"KaVE.Commons.Model.TypeShapes.MethodHierarchy, KaVE.Commons","Element":"0M:[p:bool] [ACAT.Lib.Core.WordPredictionManagement.WordPredictionManager, Core].createAndSetActiveWordPredictor([System.Type, mscorlib, 4.0.0.0] type)"},{"$type":"KaVE.Commons.Model.TypeShapes.MethodHierarchy, KaVE.Commons","Element":"0M:[System.Reflection.Assembly, mscorlib, 4.0.0.0] [ACAT.Lib.Core.WordPredictionManagement.WordPredictionManager, Core].currentDomain_AssemblyResolve([p:object] sender, [System.ResolveEventArgs, mscorlib, 4.0.0.0] args)"},{"$type":"KaVE.Commons.Model.TypeShapes.MethodHierarchy, KaVE.Commons","Element":"0M:[p:void] [ACAT.Lib.Core.WordPredictionManagement.WordPredictionManager, Core].loadDefaultSettings([i:ACAT.Lib.Core.WordPredictionManagement.IWordPredictor, Core] wordPredictor)"},{"$type":"KaVE.Commons.Model.TypeShapes.MethodHierarchy, KaVE.Commons","Element":"0M:[p:void] [ACAT.Lib.Core.WordPredictionManagement.WordPredictionManager, Core].saveSettings([i:ACAT.Lib.Core.WordPredictionManagement.IWordPredictor, Core] wordPredictor)"}],"PropertyHierarchies":[{"$type":"KaVE.Commons.Model.TypeShapes.PropertyHierarchy, KaVE.Commons","Element":"0P:get static [ACAT.Lib.Core.WordPredictionManagement.WordPredictionManager, Core] [ACAT.Lib.Core.WordPredictionManagement.WordPredictionManager, Core].Instance()"},{"$type":"KaVE.Commons.Model.TypeShapes.PropertyHierarchy, KaVE.Commons","Element":"0P:get [i:ACAT.Lib.Core.WordPredictionManagement.IWordPredictor, Core] [ACAT.Lib.Core.WordPredictionManagement.WordPredictionManager, Core].ActiveWordPredictor()"},{"$type":"KaVE.Commons.Model.TypeShapes.PropertyHierarchy, KaVE.Commons","Element":"0P:get [p:string] [ACAT.Lib.Core.WordPredictionManagement.WordPredictionManager, Core].WordPredictorRootDirRelativeToProfile()"},{"$type":"KaVE.Commons.Model.TypeShapes.PropertyHierarchy, KaVE.Commons","Element":"0P:get [p:string] [ACAT.Lib.Core.WordPredictionManagement.WordPredictionManager, Core].WordPredictorRootDirRelativeToUser()"},{"$type":"KaVE.Commons.Model.TypeShapes.PropertyHierarchy, KaVE.Commons","Element":"0P:get [i:System.Collections.Generic.ICollection`1[[T -> System.Type, mscorlib, 4.0.0.0]], mscorlib, 4.0.0.0] [ACAT.Lib.Core.WordPredictionManagement.WordPredictionManager, Core].WordPredictors()"}]},"SST":{"$type":"[SST:SST]","EnclosingType":"0T:ACAT.Lib.Core.WordPredictionManagement.WordPredictionManager, Core","Fields":[{"$type":"[SST:Declarations.FieldDeclaration]","Name":"0F:static [p:string] [ACAT.Lib.Core.WordPredictionManagement.WordPredictionManager, Core].WordPredictorsRootName"},{"$type":"[SST:Declarations.FieldDeclaration]","Name":"0F:static [ACAT.Lib.Core.WordPredictionManagement.WordPredictionManager, Core] [ACAT.Lib.Core.WordPredictionManagement.WordPredictionManager, Core]._instance"},{"$type":"[SST:Declarations.FieldDeclaration]","Name":"0F:[i:ACAT.Lib.Core.WordPredictionManagement.IWordPredictor, Core] [ACAT.Lib.Core.WordPredictionManagement.WordPredictionManager, Core]._nullWordPredictor"},{"$type":"[SST:Declarations.FieldDeclaration]","Name":"0F:[p:string] [ACAT.Lib.Core.WordPredictionManagement.WordPredictionManager, Core]._profileRootDir"},{"$type":"[SST:Declarations.FieldDeclaration]","Name":"0F:[p:string] [ACAT.Lib.Core.WordPredictionManagement.WordPredictionManager, Core]._userWordPredictorRootDir"},{"$type":"[SST:Declarations.FieldDeclaration]","Name":"0F:[i:ACAT.Lib.Core.WordPredictionManagement.IWordPredictor, Core] [ACAT.Lib.Core.WordPredictionManagement.WordPredictionManager, Core]._activeWordPredictor"},{"$type":"[SST:Declarations.FieldDeclaration]","Name":"0F:[p:bool] [ACAT.Lib.Core.WordPredictionManagement.WordPredictionManager, Core]._disposed"},{"$type":"[SST:Declarations.FieldDeclaration]","Name":"0F:[ACAT.Lib.Core.WordPredictionManagement.WordPredictors, Core] [ACAT.Lib.Core.WordPredictionManagement.WordPredictionManager, Core]._wordPredictors"}],"Properties":[{"$type":"[SST:Declarations.PropertyDeclaration]","Name":"0P:get static [ACAT.Lib.Core.WordPredictionManagement.WordPredictionManager, Core] [ACAT.Lib.Core.WordPredictionManagement.WordPredictionManager, Core].Instance()","Get":[{"$type":"[SST:Statements.ReturnStatement]","Expression":{"$type":"[SST:Expressions.Simple.ReferenceExpression]","Reference":{"$type":"[SST:References.FieldReference]","Reference":{"$type":"[SST:References.VariableReference]","Identifier":""},"FieldName":"0F:static [ACAT.Lib.Core.WordPredictionManagement.WordPredictionManager, Core] [ACAT.Lib.Core.WordPredictionManagement.WordPredictionManager, Core]._instance"}},"IsVoid":false}],"Set":[]},{"$type":"[SST:Declarations.PropertyDeclaration]","Name":"0P:get [i:ACAT.Lib.Core.WordPredictionManagement.IWordPredictor, Core] [ACAT.Lib.Core.WordPredictionManagement.WordPredictionManager, Core].ActiveWordPredictor()","Get":[{"$type":"[SST:Statements.ReturnStatement]","Expression":{"$type":"[SST:Expressions.Simple.ReferenceExpression]","Reference":{"$type":"[SST:References.FieldReference]","Reference":{"$type":"[SST:References.VariableReference]","Identifier":"this"},"FieldName":"0F:[i:ACAT.Lib.Core.WordPredictionManagement.IWordPredictor, Core] [ACAT.Lib.Core.WordPredictionManagement.WordPredictionManager, Core]._activeWordPredictor"}},"IsVoid":false}],"Set":[]},{"$type":"[SST:Declarations.PropertyDeclaration]","Name":"0P:get [p:string] [ACAT.Lib.Core.WordPredictionManagement.WordPredictionManager, Core].WordPredictorRootDirRelativeToProfile()","Get":[{"$type":"[SST:Statements.ReturnStatement]","Expression":{"$type":"[SST:Expressions.Simple.ReferenceExpression]","Reference":{"$type":"[SST:References.FieldReference]","Reference":{"$type":"[SST:References.VariableReference]","Identifier":"this"},"FieldName":"0F:[p:string] [ACAT.Lib.Core.WordPredictionManagement.WordPredictionManager, Core]._profileRootDir"}},"IsVoid":false}],"Set":[]},{"$type":"[SST:Declarations.PropertyDeclaration]","Name":"0P:get [p:string] [ACAT.Lib.Core.WordPredictionManagement.WordPredictionManager, Core].WordPredictorRootDirRelativeToUser()","Get":[{"$type":"[SST:Statements.ReturnStatement]","Expression":{"$type":"[SST:Expressions.Simple.ReferenceExpression]","Reference":{"$type":"[SST:References.FieldReference]","Reference":{"$type":"[SST:References.VariableReference]","Identifier":"this"},"FieldName":"0F:[p:string] [ACAT.Lib.Core.WordPredictionManagement.WordPredictionManager, Core]._userWordPredictorRootDir"}},"IsVoid":false}],"Set":[]},{"$type":"[SST:Declarations.PropertyDeclaration]","Name":"0P:get [i:System.Collections.Generic.ICollection`1[[T -> System.Type, mscorlib, 4.0.0.0]], mscorlib, 4.0.0.0] [ACAT.Lib.Core.WordPredictionManagement.WordPredictionManager, Core].WordPredictors()","Get":[{"$type":"[SST:Statements.VariableDeclaration]","Reference":{"$type":"[SST:References.VariableReference]","Identifier":"$0"},"Type":"0T:ACAT.Lib.Core.WordPredictionManagement.WordPredictors, Core"},{"$type":"[SST:Statements.Assignment]","Reference":{"$type":"[SST:References.VariableReference]","Identifier":"$0"},"Expression":{"$type":"[SST:Expressions.Simple.ReferenceExpression]","Reference":{"$type":"[SST:References.FieldReference]","Reference":{"$type":"[SST:References.VariableReference]","Identifier":"this"},"FieldName":"0F:[ACAT.Lib.Core.WordPredictionManagement.WordPredictors, Core] [ACAT.Lib.Core.WordPredictionManagement.WordPredictionManager, Core]._wordPredictors"}}},{"$type":"[SST:Statements.ReturnStatement]","Expression":{"$type":"[SST:Expressions.Simple.ReferenceExpression]","Reference":{"$type":"[SST:References.PropertyReference]","Reference":{"$type":"[SST:References.VariableReference]","Identifier":"$0"},"PropertyName":"0P:get [i:System.Collections.Generic.ICollection`1[[T -> System.Type, mscorlib, 4.0.0.0]], mscorlib, 4.0.0.0] [ACAT.Lib.Core.WordPredictionManagement.WordPredictors, Core].Collection()"}},"IsVoid":false}],"Set":[]}],"Methods":[{"$type":"[SST:Declarations.MethodDeclaration]","Name":"0M:static [p:void] [ACAT.Lib.Core.WordPredictionManagement.WordPredictionManager, Core]..cinit()","IsEntryPoint":false,"Body":[{"$type":"[SST:Statements.Assignment]","Reference":{"$type":"[SST:References.FieldReference]","Reference":{"$type":"[SST:References.VariableReference]","Identifier":""},"FieldName":"0F:static [p:string] [ACAT.Lib.Core.WordPredictionManagement.WordPredictionManager, Core].WordPredictorsRootName"},"Expression":{"$type":"[SST:Expressions.Simple.ConstantValueExpression]"}},{"$type":"[SST:Statements.Assignment]","Reference":{"$type":"[SST:References.FieldReference]","Reference":{"$type":"[SST:References.VariableReference]","Identifier":""},"FieldName":"0F:static [ACAT.Lib.Core.WordPredictionManagement.WordPredictionManager, Core] [ACAT.Lib.Core.WordPredictionManagement.WordPredictionManager, Core]._instance"},"Expression":{"$type":"[SST:Expressions.Assignable.InvocationExpression]","Reference":{"$type":"[SST:References.VariableReference]","Identifier":""},"MethodName":"0M:[p:void] [ACAT.Lib.Core.WordPredictionManagement.WordPredictionManager, Core]..ctor()","Parameters":[]}}]},{"$type":"[SST:Declarations.MethodDeclaration]","Name":"0M:[p:void] [ACAT.Lib.Core.WordPredictionManagement.WordPredictionManager, Core]..init()","IsEntryPoint":false,"Body":[{"$type":"[SST:Statements.Assignment]","Reference":{"$type":"[SST:References.FieldReference]","Reference":{"$type":"[SST:References.VariableReference]","Identifier":"this"},"FieldName":"0F:[p:bool] [ACAT.Lib.Core.WordPredictionManagement.WordPredictionManager, Core]._disposed"},"Expression":{"$type":"[SST:Expressions.Simple.ConstantValueExpression]","Value":"false"}}]},{"$type":"[SST:Declarations.MethodDeclaration]","Name":"0M:[p:void] [ACAT.Lib.Core.WordPredictionManagement.WordPredictionManager, Core]..ctor()","IsEntryPoint":true,"Body":[{"$type":"[SST:Statements.VariableDeclaration]","Reference":{"$type":"[SST:References.VariableReference]","Identifier":"currentDomain"},"Type":"0T:System.AppDomain, mscorlib, 4.0.0.0"},{"$type":"[SST:Statements.Assignment]","Reference":{"$type":"[SST:References.VariableReference]","Identifier":"currentDomain"},"Expression":{"$type":"[SST:Expressions.Simple.ReferenceExpression]","Reference":{"$type":"[SST:References.PropertyReference]","Reference":{"$type":"[SST:References.VariableReference]","Identifier":""},"PropertyName":"0P:get static [System.AppDomain, mscorlib, 4.0.0.0] [System.AppDomain, mscorlib, 4.0.0.0].CurrentDomain()"}}},{"$type":"[SST:Statements.EventSubscriptionStatement]","Reference":{"$type":"[SST:References.EventReference]","Reference":{"$type":"[SST:References.VariableReference]","Identifier":"currentDomain"},"EventName":"0E:[d:[System.Reflection.Assembly, mscorlib, 4.0.0.0] [System.ResolveEventHandler, mscorlib, 4.0.0.0].([p:object] sender, [System.ResolveEventArgs, mscorlib, 4.0.0.0] args)] [System.AppDomain, mscorlib, 4.0.0.0].AssemblyResolve"},"Operation":0,"Expression":{"$type":"[SST:Expressions.Simple.ReferenceExpression]","Reference":{"$type":"[SST:References.MethodReference]","Reference":{"$type":"[SST:References.VariableReference]","Identifier":"this"},"MethodName":"0M:[System.Reflection.Assembly, mscorlib, 4.0.0.0] [ACAT.Lib.Core.WordPredictionManagement.WordPredictionManager, Core].currentDomain_AssemblyResolve([p:object] sender, [System.ResolveEventArgs, mscorlib, 4.0.0.0] args)"}}},{"$type":"[SST:Statements.Assignment]","Reference":{"$type":"[SST:References.FieldReference]","Reference":{"$type":"[SST:References.VariableReference]","Identifier":"this"},"FieldName":"0F:[i:ACAT.Lib.Core.WordPredictionManagement.IWordPredictor, Core] [ACAT.Lib.Core.WordPredictionManagement.WordPredictionManager, Core]._nullWordPredictor"},"Expression":{"$type":"[SST:Expressions.Assignable.InvocationExpression]","Reference":{"$type":"[SST:References.VariableReference]","Identifier":""},"MethodName":"0M:[p:void] [ACAT.Lib.Core.WordPredictionManagement.NullWordPredictor, Core]..ctor()","Parameters":[]}},{"$type":"[SST:Statements.VariableDeclaration]","Reference":{"$type":"[SST:References.VariableReference]","Identifier":"$0"},"Type":"0T:i:ACAT.Lib.Core.WordPredictionManagement.IWordPredictor, Core"},{"$type":"[SST:Statements.Assignment]","Reference":{"$type":"[SST:References.VariableReference]","Identifier":"$0"},"Expression":{"$type":"[SST:Expressions.Simple.ReferenceExpression]","Reference":{"$type":"[SST:References.FieldReference]","Reference":{"$type":"[SST:References.VariableReference]","Identifier":"this"},"FieldName":"0F:[i:ACAT.Lib.Core.WordPredictionManagement.IWordPredictor, Core] [ACAT.Lib.Core.WordPredictionManagement.WordPredictionManager, Core]._nullWordPredictor"}}},{"$type":"[SST:Statements.ExpressionStatement]","Expression":{"$type":"[SST:Expressions.Assignable.InvocationExpression]","Reference":{"$type":"[SST:References.VariableReference]","Identifier":"$0"},"MethodName":"0M:[p:bool] [i:ACAT.Lib.Core.WordPredictionManagement.IWordPredictor, Core].Init()","Parameters":[]}},{"$type":"[SST:Statements.Assignment]","Reference":{"$type":"[SST:References.FieldReference]","Reference":{"$type":"[SST:References.VariableReference]","Identifier":"this"},"FieldName":"0F:[i:ACAT.Lib.Core.WordPredictionManagement.IWordPredictor, Core] [ACAT.Lib.Core.WordPredictionManagement.WordPredictionManager, Core]._activeWordPredictor"},"Expression":{"$type":"[SST:Expressions.Simple.ReferenceExpression]","Reference":{"$type":"[SST:References.FieldReference]","Reference":{"$type":"[SST:References.VariableReference]","Identifier":"this"},"FieldName":"0F:[i:ACAT.Lib.Core.WordPredictionManagement.IWordPredictor, Core] [ACAT.Lib.Core.WordPredictionManagement.WordPredictionManager, Core]._nullWordPredictor"}}},{"$type":"[SST:Statements.Assignment]","Reference":{"$type":"[SST:References.FieldReference]","Reference":{"$type":"[SST:References.VariableReference]","Identifier":"this"},"FieldName":"0F:[p:string] [ACAT.Lib.Core.WordPredictionManagement.WordPredictionManager, Core]._userWordPredictorRootDir"},"Expression":{"$type":"[SST:Expressions.Assignable.InvocationExpression]","Reference":{"$type":"[SST:References.VariableReference]","Identifier":""},"MethodName":"0M:static [p:string] [ACAT.Lib.Core.UserManagement.UserManager, Core].GetFullPath([p:string] path)","Parameters":[{"$type":"[SST:Expressions.Simple.ReferenceExpression]","Reference":{"$type":"[SST:References.FieldReference]","Reference":{"$type":"[SST:References.VariableReference]","Identifier":""},"FieldName":"0F:static [p:string] [ACAT.Lib.Core.WordPredictionManagement.WordPredictionManager, Core].WordPredictorsRootName"}}]}},{"$type":"[SST:Statements.Assignment]","Reference":{"$type":"[SST:References.FieldReference]","Reference":{"$type":"[SST:References.VariableReference]","Identifier":"this"},"FieldName":"0F:[p:string] [ACAT.Lib.Core.WordPredictionManagement.WordPredictionManager, Core]._profileRootDir"},"Expression":{"$type":"[SST:Expressions.Assignable.InvocationExpression]","Reference":{"$type":"[SST:References.VariableReference]","Identifier":""},"MethodName":"0M:static [p:string] [ACAT.Lib.Core.UserManagement.ProfileManager, Core].GetFullPath([p:string] path)","Parameters":[{"$type":"[SST:Expressions.Simple.ReferenceExpression]","Reference":{"$type":"[SST:References.FieldReference]","Reference":{"$type":"[SST:References.VariableReference]","Identifier":""},"FieldName":"0F:static [p:string] [ACAT.Lib.Core.WordPredictionManagement.WordPredictionManager, Core].WordPredictorsRootName"}}]}}]},{"$type":"[SST:Declarations.MethodDeclaration]","Name":"0M:[p:void] [ACAT.Lib.Core.WordPredictionManagement.WordPredictionManager, Core].Dispose()","IsEntryPoint":true,"Body":[{"$type":"[SST:Statements.ExpressionStatement]","Expression":{"$type":"[SST:Expressions.Assignable.InvocationExpression]","Reference":{"$type":"[SST:References.VariableReference]","Identifier":"this"},"MethodName":"0M:[p:void] [ACAT.Lib.Core.WordPredictionManagement.WordPredictionManager, Core].Dispose([p:bool] disposing)","Parameters":[{"$type":"[SST:Expressions.Simple.ConstantValueExpression]","Value":"true"}]}},{"$type":"[SST:Statements.ExpressionStatement]","Expression":{"$type":"[SST:Expressions.Assignable.InvocationExpression]","Reference":{"$type":"[SST:References.VariableReference]","Identifier":""},"MethodName":"0M:static [p:void] [System.GC, mscorlib, 4.0.0.0].SuppressFinalize([p:object] obj)","Parameters":[{"$type":"[SST:Expressions.Simple.ReferenceExpression]","Reference":{"$type":"[SST:References.VariableReference]","Identifier":"this"}}]}}]},{"$type":"[SST:Declarations.MethodDeclaration]","Name":"0M:[p:bool] [ACAT.Lib.Core.WordPredictionManagement.WordPredictionManager, Core].Init([i:System.Collections.Generic.IEnumerable`1[[T -> p:string]], mscorlib, 4.0.0.0] extensionDirs)","IsEntryPoint":true,"Body":[{"$type":"[SST:Statements.VariableDeclaration]","Reference":{"$type":"[SST:References.VariableReference]","Identifier":"retVal"},"Type":"0T:p:bool"},{"$type":"[SST:Statements.Assignment]","Reference":{"$type":"[SST:References.VariableReference]","Identifier":"retVal"},"Expression":{"$type":"[SST:Expressions.Simple.ConstantValueExpression]","Value":"true"}},{"$type":"[SST:Statements.VariableDeclaration]","Reference":{"$type":"[SST:References.VariableReference]","Identifier":"$0"},"Type":"0T:p:bool"},{"$type":"[SST:Statements.Assignment]","Reference":{"$type":"[SST:References.VariableReference]","Identifier":"$0"},"Expression":{"$type":"[SST:Expressions.Assignable.BinaryExpression]","LeftOperand":{"$type":"[SST:Expressions.Simple.ReferenceExpression]","Reference":{"$type":"[SST:References.FieldReference]","Reference":{"$type":"[SST:References.VariableReference]","Identifier":"this"},"FieldName":"0F:[ACAT.Lib.Core.WordPredictionManagement.WordPredictors, Core] [ACAT.Lib.Core.WordPredictionManagement.WordPredictionManager, Core]._wordPredictors"}},"Operator":3,"RightOperand":{"$type":"[SST:Expressions.Simple.ConstantValueExpression]","Value":"null"}}},{"$type":"[SST:Blocks.IfElseBlock]","Condition":{"$type":"[SST:Expressions.Simple.ReferenceExpression]","Reference":{"$type":"[SST:References.VariableReference]","Identifier":"$0"}},"Then":[{"$type":"[SST:Statements.Assignment]","Reference":{"$type":"[SST:References.FieldReference]","Reference":{"$type":"[SST:References.VariableReference]","Identifier":"this"},"FieldName":"0F:[ACAT.Lib.Core.WordPredictionManagement.WordPredictors, Core] [ACAT.Lib.Core.WordPredictionManagement.WordPredictionManager, Core]._wordPredictors"},"Expression":{"$type":"[SST:Expressions.Assignable.InvocationExpression]","Reference":{"$type":"[SST:References.VariableReference]","Identifier":""},"MethodName":"0M:[p:void] [ACAT.Lib.Core.WordPredictionManagement.WordPredictors, Core]..ctor()","Parameters":[]}},{"$type":"[SST:Statements.VariableDeclaration]","Reference":{"$type":"[SST:References.VariableReference]","Identifier":"descriptor"},"Type":"0T:i:ACAT.Lib.Core.Utility.IDescriptor, Core"},{"$type":"[SST:Statements.VariableDeclaration]","Reference":{"$type":"[SST:References.VariableReference]","Identifier":"$1"},"Type":"0T:i:ACAT.Lib.Core.WordPredictionManagement.IWordPredictor, Core"},{"$type":"[SST:Statements.Assignment]","Reference":{"$type":"[SST:References.VariableReference]","Identifier":"$1"},"Expression":{"$type":"[SST:Expressions.Simple.ReferenceExpression]","Reference":{"$type":"[SST:References.FieldReference]","Reference":{"$type":"[SST:References.VariableReference]","Identifier":"this"},"FieldName":"0F:[i:ACAT.Lib.Core.WordPredictionManagement.IWordPredictor, Core] [ACAT.Lib.Core.WordPredictionManagement.WordPredictionManager, Core]._nullWordPredictor"}}},{"$type":"[SST:Statements.Assignment]","Reference":{"$type":"[SST:References.VariableReference]","Identifier":"descriptor"},"Expression":{"$type":"[SST:Expressions.Simple.ReferenceExpression]","Reference":{"$type":"[SST:References.PropertyReference]","Reference":{"$type":"[SST:References.VariableReference]","Identifier":"$1"},"PropertyName":"0P:get [i:ACAT.Lib.Core.Utility.IDescriptor, Core] [i:ACAT.Lib.Core.WordPredictionManagement.IWordPredictor, Core].Descriptor()"}}},{"$type":"[SST:Statements.VariableDeclaration]","Reference":{"$type":"[SST:References.VariableReference]","Identifier":"$2"},"Type":"0T:p:bool"},{"$type":"[SST:Statements.Assignment]","Reference":{"$type":"[SST:References.VariableReference]","Identifier":"$2"},"Expression":{"$type":"[SST:Expressions.Assignable.BinaryExpression]","LeftOperand":{"$type":"[SST:Expressions.Simple.ReferenceExpression]","Reference":{"$type":"[SST:References.VariableReference]","Identifier":"descriptor"}},"Operator":6,"RightOperand":{"$type":"[SST:Expressions.Simple.ConstantValueExpression]","Value":"null"}}},{"$type":"[SST:Blocks.IfElseBlock]","Condition":{"$type":"[SST:Expressions.Simple.ReferenceExpression]","Reference":{"$type":"[SST:References.VariableReference]","Identifier":"$2"}},"Then":[{"$type":"[SST:Statements.VariableDeclaration]","Reference":{"$type":"[SST:References.VariableReference]","Identifier":"$3"},"Type":"0T:ACAT.Lib.Core.WordPredictionManagement.WordPredictors, Core"},{"$type":"[SST:Statements.Assignment]","Reference":{"$type":"[SST:References.VariableReference]","Identifier":"$3"},"Expression":{"$type":"[SST:Expressions.Simple.ReferenceExpression]","Reference":{"$type":"[SST:References.FieldReference]","Reference":{"$type":"[SST:References.VariableReference]","Identifier":"this"},"FieldName":"0F:[ACAT.Lib.Core.WordPredictionManagement.WordPredictors, Core] [ACAT.Lib.Core.WordPredictionManagement.WordPredictionManager, Core]._wordPredictors"}}},{"$type":"[SST:Statements.ExpressionStatement]","Expression":{"$type":"[SST:Expressions.Assignable.InvocationExpression]","Reference":{"$type":"[SST:References.VariableReference]","Identifier":"$3"},"MethodName":"0M:[p:void] [ACAT.Lib.Core.WordPredictionManagement.WordPredictors, Core].Add([s:System.Guid, mscorlib, 4.0.0.0] guid, [System.Type, mscorlib, 4.0.0.0] type)","Parameters":[{"$type":"[SST:Expressions.Simple.ReferenceExpression]","Reference":{"$type":"[SST:References.PropertyReference]","Reference":{"$type":"[SST:References.VariableReference]","Identifier":"descriptor"},"PropertyName":"0P:get [s:System.Guid, mscorlib, 4.0.0.0] [i:ACAT.Lib.Core.Utility.IDescriptor, Core].Id()"}},{"$type":"[SST:Expressions.Simple.ConstantValueExpression]","Value":"typeof"}]}}],"Else":[]},{"$type":"[SST:Statements.VariableDeclaration]","Reference":{"$type":"[SST:References.VariableReference]","Identifier":"$4"},"Type":"0T:ACAT.Lib.Core.WordPredictionManagement.WordPredictors, Core"},{"$type":"[SST:Statements.Assignment]","Reference":{"$type":"[SST:References.VariableReference]","Identifier":"$4"},"Expression":{"$type":"[SST:Expressions.Simple.ReferenceExpression]","Reference":{"$type":"[SST:References.FieldReference]","Reference":{"$type":"[SST:References.VariableReference]","Identifier":"this"},"FieldName":"0F:[ACAT.Lib.Core.WordPredictionManagement.WordPredictors, Core] [ACAT.Lib.Core.WordPredictionManagement.WordPredictionManager, Core]._wordPredictors"}}},{"$type":"[SST:Statements.Assignment]","Reference":{"$type":"[SST:References.VariableReference]","Identifier":"retVal"},"Expression":{"$type":"[SST:Expressions.Assignable.InvocationExpression]","Reference":{"$type":"[SST:References.VariableReference]","Identifier":"$4"},"MethodName":"0M:[p:bool] [ACAT.Lib.Core.WordPredictionManagement.WordPredictors, Core].Load([i:System.Collections.Generic.IEnumerable`1[[T -> p:string]], mscorlib, 4.0.0.0] extensionDirs, opt [p:bool] recursive)","Parameters":[{"$type":"[SST:Expressions.Simple.ReferenceExpression]","Reference":{"$type":"[SST:References.VariableReference]","Identifier":"extensionDirs"}}]}}],"Else":[]},{"$type":"[SST:Statements.ReturnStatement]","Expression":{"$type":"[SST:Expressions.Simple.ReferenceExpression]","Reference":{"$type":"[SST:References.VariableReference]","Identifier":"retVal"}},"IsVoid":false}]},{"$type":"[SST:Declarations.MethodDeclaration]","Name":"0M:[p:void] [ACAT.Lib.Core.WordPredictionManagement.WordPredictionManager, Core].LoadDefaultSettings()","IsEntryPoint":true,"Body":[{"$type":"[SST:Statements.ExpressionStatement]","Expression":{"$type":"[SST:Expressions.Assignable.InvocationExpression]","Reference":{"$type":"[SST:References.VariableReference]","Identifier":"this"},"MethodName":"0M:[p:void] [ACAT.Lib.Core.WordPredictionManagement.WordPredictionManager, Core].loadDefaultSettings([i:ACAT.Lib.Core.WordPredictionManagement.IWordPredictor, Core] wordPredictor)","Parameters":[{"$type":"[SST:Expressions.Simple.ReferenceExpression]","Reference":{"$type":"[SST:References.FieldReference]","Reference":{"$type":"[SST:References.VariableReference]","Identifier":"this"},"FieldName":"0F:[i:ACAT.Lib.Core.WordPredictionManagement.IWordPredictor, Core] [ACAT.Lib.Core.WordPredictionManagement.WordPredictionManager, Core]._activeWordPredictor"}}]}}]},{"$type":"[SST:Declarations.MethodDeclaration]","Name":"0M:[p:void] [ACAT.Lib.Core.WordPredictionManagement.WordPredictionManager, Core].SaveSettings()","IsEntryPoint":true,"Body":[{"$type":"[SST:Statements.ExpressionStatement]","Expression":{"$type":"[SST:Expressions.Assignable.InvocationExpression]","Reference":{"$type":"[SST:References.VariableReference]","Identifier":"this"},"MethodName":"0M:[p:void] [ACAT.Lib.Core.WordPredictionManagement.WordPredictionManager, Core].saveSettings([i:ACAT.Lib.Core.WordPredictionManagement.IWordPredictor, Core] wordPredictor)","Parameters":[{"$type":"[SST:Expressions.Simple.ReferenceExpression]","Reference":{"$type":"[SST:References.FieldReference]","Reference":{"$type":"[SST:References.VariableReference]","Identifier":"this"},"FieldName":"0F:[i:ACAT.Lib.Core.WordPredictionManagement.IWordPredictor, Core] [ACAT.Lib.Core.WordPredictionManagement.WordPredictionManager, Core]._activeWordPredictor"}}]}}]},{"$type":"[SST:Declarations.MethodDeclaration]","Name":"0M:[p:bool] [ACAT.Lib.Core.WordPredictionManagement.WordPredictionManager, Core].SetActiveWordPredictor([p:string] idOrName)","IsEntryPoint":true,"Body":[{"$type":"[SST:Statements.VariableDeclaration]","Reference":{"$type":"[SST:References.VariableReference]","Identifier":"retVal"},"Type":"0T:p:bool"},{"$type":"[SST:Statements.Assignment]","Reference":{"$type":"[SST:References.VariableReference]","Identifier":"retVal"},"Expression":{"$type":"[SST:Expressions.Simple.ConstantValueExpression]","Value":"true"}},{"$type":"[SST:Statements.VariableDeclaration]","Reference":{"$type":"[SST:References.VariableReference]","Identifier":"guid"},"Type":"0T:s:System.Guid, mscorlib, 4.0.0.0"},{"$type":"[SST:Statements.Assignment]","Reference":{"$type":"[SST:References.VariableReference]","Identifier":"guid"},"Expression":{"$type":"[SST:Expressions.Simple.ReferenceExpression]","Reference":{"$type":"[SST:References.FieldReference]","Reference":{"$type":"[SST:References.VariableReference]","Identifier":""},"FieldName":"0F:static [s:System.Guid, mscorlib, 4.0.0.0] [s:System.Guid, mscorlib, 4.0.0.0].Empty"}}},{"$type":"[SST:Statements.VariableDeclaration]","Reference":{"$type":"[SST:References.VariableReference]","Identifier":"$0"},"Type":"0T:p:bool"},{"$type":"[SST:Statements.Assignment]","Reference":{"$type":"[SST:References.VariableReference]","Identifier":"$0"},"Expression":{"$type":"[SST:Expressions.Assignable.InvocationExpression]","Reference":{"$type":"[SST:References.VariableReference]","Identifier":""},"MethodName":"0M:static [p:bool] [s:System.Guid, mscorlib, 4.0.0.0].TryParse([p:string] input, out [s:System.Guid, mscorlib, 4.0.0.0] result)","Parameters":[{"$type":"[SST:Expressions.Simple.ReferenceExpression]","Reference":{"$type":"[SST:References.VariableReference]","Identifier":"idOrName"}},{"$type":"[SST:Expressions.Simple.ReferenceExpression]","Reference":{"$type":"[SST:References.VariableReference]","Identifier":"guid"}}]}},{"$type":"[SST:Statements.VariableDeclaration]","Reference":{"$type":"[SST:References.VariableReference]","Identifier":"$1"},"Type":"0T:p:bool"},{"$type":"[SST:Statements.Assignment]","Reference":{"$type":"[SST:References.VariableReference]","Identifier":"$1"},"Expression":{"$type":"[SST:Expressions.Assignable.UnaryExpression]","Operator":1,"Operand":{"$type":"[SST:Expressions.Simple.ReferenceExpression]","Reference":{"$type":"[SST:References.VariableReference]","Identifier":"$0"}}}},{"$type":"[SST:Blocks.IfElseBlock]","Condition":{"$type":"[SST:Expressions.Simple.ReferenceExpression]","Reference":{"$type":"[SST:References.VariableReference]","Identifier":"$1"}},"Then":[{"$type":"[SST:Statements.VariableDeclaration]","Reference":{"$type":"[SST:References.VariableReference]","Identifier":"$2"},"Type":"0T:ACAT.Lib.Core.WordPredictionManagement.WordPredictors, Core"},{"$type":"[SST:Statements.Assignment]","Reference":{"$type":"[SST:References.VariableReference]","Identifier":"$2"},"Expression":{"$type":"[SST:Expressions.Simple.ReferenceExpression]","Reference":{"$type":"[SST:References.FieldReference]","Reference":{"$type":"[SST:References.VariableReference]","Identifier":"this"},"FieldName":"0F:[ACAT.Lib.Core.WordPredictionManagement.WordPredictors, Core] [ACAT.Lib.Core.WordPredictionManagement.WordPredictionManager, Core]._wordPredictors"}}},{"$type":"[SST:Statements.Assignment]","Reference":{"$type":"[SST:References.VariableReference]","Identifier":"guid"},"Expression":{"$type":"[SST:Expressions.Assignable.InvocationExpression]","Reference":{"$type":"[SST:References.VariableReference]","Identifier":"$2"},"MethodName":"0M:[s:System.Guid, mscorlib, 4.0.0.0] [ACAT.Lib.Core.WordPredictionManagement.WordPredictors, Core].GetByName([p:string] name)","Parameters":[{"$type":"[SST:Expressions.Simple.ReferenceExpression]","Reference":{"$type":"[SST:References.VariableReference]","Identifier":"idOrName"}}]}}],"Else":[]},{"$type":"[SST:Statements.VariableDeclaration]","Reference":{"$type":"[SST:References.VariableReference]","Identifier":"type"},"Type":"0T:System.Type, mscorlib, 4.0.0.0"},{"$type":"[SST:Statements.VariableDeclaration]","Reference":{"$type":"[SST:References.VariableReference]","Identifier":"$3"},"Type":"0T:p:bool"},{"$type":"[SST:Statements.Assignment]","Reference":{"$type":"[SST:References.VariableReference]","Identifier":"$3"},"Expression":{"$type":"[SST:Expressions.Assignable.InvocationExpression]","Reference":{"$type":"[SST:References.VariableReference]","Identifier":""},"MethodName":"0M:static [p:bool] [p:object].Equals([p:object] objA, [p:object] objB)","Parameters":[{"$type":"[SST:Expressions.Simple.ReferenceExpression]","Reference":{"$type":"[SST:References.VariableReference]","Identifier":"idOrName"}},{"$type":"[SST:Expressions.Simple.ReferenceExpression]","Reference":{"$type":"[SST:References.FieldReference]","Reference":{"$type":"[SST:References.VariableReference]","Identifier":""},"FieldName":"0F:static [s:System.Guid, mscorlib, 4.0.0.0] [s:System.Guid, mscorlib, 4.0.0.0].Empty"}}]}},{"$type":"[SST:Statements.VariableDeclaration]","Reference":{"$type":"[SST:References.VariableReference]","Identifier":"$4"},"Type":"0T:ACAT.Lib.Core.WordPredictionManagement.WordPredictors, Core"},{"$type":"[SST:Statements.Assignment]","Reference":{"$type":"[SST:References.VariableReference]","Identifier":"$4"},"Expression":{"$type":"[SST:Expressions.Simple.ReferenceExpression]","Reference":{"$type":"[SST:References.FieldReference]","Reference":{"$type":"[SST:References.VariableReference]","Identifier":"this"},"FieldName":"0F:[ACAT.Lib.Core.WordPredictionManagement.WordPredictors, Core] [ACAT.Lib.Core.WordPredictionManagement.WordPredictionManager, Core]._wordPredictors"}}},{"$type":"[SST:Statements.VariableDeclaration]","Reference":{"$type":"[SST:References.VariableReference]","Identifier":"$5"},"Type":"0T:System.Type, mscorlib, 4.0.0.0"},{"$type":"[SST:Statements.Assignment]","Reference":{"$type":"[SST:References.VariableReference]","Identifier":"$5"},"Expression":{"$type":"[SST:Expressions.Assignable.InvocationExpression]","Reference":{"$type":"[SST:References.VariableReference]","Identifier":"$4"},"MethodName":"0M:[System.Type, mscorlib, 4.0.0.0] [ACAT.Lib.Core.WordPredictionManagement.WordPredictors, Core].Lookup([s:System.Guid, mscorlib, 4.0.0.0] guid)","Parameters":[{"$type":"[SST:Expressions.Simple.ReferenceExpression]","Reference":{"$type":"[SST:References.VariableReference]","Identifier":"guid"}}]}},{"$type":"[SST:Statements.Assignment]","Reference":{"$type":"[SST:References.VariableReference]","Identifier":"type"},"Expression":{"$type":"[SST:Expressions.Assignable.IfElseExpression]","Condition":{"$type":"[SST:Expressions.Simple.ReferenceExpression]","Reference":{"$type":"[SST:References.VariableReference]","Identifier":"$3"}},"ThenExpression":{"$type":"[SST:Expressions.Simple.ConstantValueExpression]","Value":"typeof"},"ElseExpression":{"$type":"[SST:Expressions.Simple.ReferenceExpression]","Reference":{"$type":"[SST:References.VariableReference]","Identifier":"$5"}}}},{"$type":"[SST:Statements.VariableDeclaration]","Reference":{"$type":"[SST:References.VariableReference]","Identifier":"$6"},"Type":"0T:p:bool"},{"$type":"[SST:Statements.Assignment]","Reference":{"$type":"[SST:References.VariableReference]","Identifier":"$6"},"Expression":{"$type":"[SST:Expressions.Assignable.BinaryExpression]","LeftOperand":{"$type":"[SST:Expressions.Simple.ReferenceExpression]","Reference":{"$type":"[SST:References.VariableReference]","Identifier":"type"}},"Operator":6,"RightOperand":{"$type":"[SST:Expressions.Simple.ConstantValueExpression]","Value":"null"}}},{"$type":"[SST:Blocks.IfElseBlock]","Condition":{"$type":"[SST:Expressions.Simple.ReferenceExpression]","Reference":{"$type":"[SST:References.VariableReference]","Identifier":"$6"}},"Then":[{"$type":"[SST:Statements.VariableDeclaration]","Reference":{"$type":"[SST:References.VariableReference]","Identifier":"$7"},"Type":"0T:p:bool"},{"$type":"[SST:Statements.Assignment]","Reference":{"$type":"[SST:References.VariableReference]","Identifier":"$7"},"Expression":{"$type":"[SST:Expressions.Assignable.BinaryExpression]","LeftOperand":{"$type":"[SST:Expressions.Simple.ReferenceExpression]","Reference":{"$type":"[SST:References.FieldReference]","Reference":{"$type":"[SST:References.VariableReference]","Identifier":"this"},"FieldName":"0F:[i:ACAT.Lib.Core.WordPredictionManagement.IWordPredictor, Core] [ACAT.Lib.Core.WordPredictionManagement.WordPredictionManager, Core]._activeWordPredictor"}},"Operator":6,"RightOperand":{"$type":"[SST:Expressions.Simple.ConstantValueExpression]","Value":"null"}}},{"$type":"[SST:Blocks.IfElseBlock]","Condition":{"$type":"[SST:Expressions.Simple.ReferenceExpression]","Reference":{"$type":"[SST:References.VariableReference]","Identifier":"$7"}},"Then":[{"$type":"[SST:Statements.VariableDeclaration]","Reference":{"$type":"[SST:References.VariableReference]","Identifier":"$8"},"Type":"0T:i:ACAT.Lib.Core.WordPredictionManagement.IWordPredictor, Core"},{"$type":"[SST:Statements.Assignment]","Reference":{"$type":"[SST:References.VariableReference]","Identifier":"$8"},"Expression":{"$type":"[SST:Expressions.Simple.ReferenceExpression]","Reference":{"$type":"[SST:References.FieldReference]","Reference":{"$type":"[SST:References.VariableReference]","Identifier":"this"},"FieldName":"0F:[i:ACAT.Lib.Core.WordPredictionManagement.IWordPredictor, Core] [ACAT.Lib.Core.WordPredictionManagement.WordPredictionManager, Core]._activeWordPredictor"}}},{"$type":"[SST:Statements.ExpressionStatement]","Expression":{"$type":"[SST:Expressions.Assignable.InvocationExpression]","Reference":{"$type":"[SST:References.VariableReference]","Identifier":"$8"},"MethodName":"0M:[p:void] [i:System.IDisposable, mscorlib, 4.0.0.0].Dispose()","Parameters":[]}},{"$type":"[SST:Statements.Assignment]","Reference":{"$type":"[SST:References.FieldReference]","Reference":{"$type":"[SST:References.VariableReference]","Identifier":"this"},"FieldName":"0F:[i:ACAT.Lib.Core.WordPredictionManagement.IWordPredictor, Core] [ACAT.Lib.Core.WordPredictionManagement.WordPredictionManager, Core]._activeWordPredictor"},"Expression":{"$type":"[SST:Expressions.Simple.ConstantValueExpression]","Value":"null"}}],"Else":[]},{"$type":"[SST:Statements.Assignment]","Reference":{"$type":"[SST:References.VariableReference]","Identifier":"retVal"},"Expression":{"$type":"[SST:Expressions.Assignable.InvocationExpression]","Reference":{"$type":"[SST:References.VariableReference]","Identifier":"this"},"MethodName":"0M:[p:bool] [ACAT.Lib.Core.WordPredictionManagement.WordPredictionManager, Core].createAndSetActiveWordPredictor([System.Type, mscorlib, 4.0.0.0] type)","Parameters":[{"$type":"[SST:Expressions.Simple.ReferenceExpression]","Reference":{"$type":"[SST:References.VariableReference]","Identifier":"type"}}]}}],"Else":[{"$type":"[SST:Statements.ExpressionStatement]","Expression":{"$type":"[SST:Expressions.Assignable.InvocationExpression]","Reference":{"$type":"[SST:References.VariableReference]","Identifier":"this"},"MethodName":"0M:[p:bool] [ACAT.Lib.Core.WordPredictionManagement.WordPredictionManager, Core].createAndSetActiveWordPredictor([System.Type, mscorlib, 4.0.0.0] type)","Parameters":[{"$type":"[SST:Expressions.Simple.ConstantValueExpression]","Value":"typeof"}]}},{"$type":"[SST:Statements.Assignment]","Reference":{"$type":"[SST:References.VariableReference]","Identifier":"retVal"},"Expression":{"$type":"[SST:Expressions.Simple.ConstantValueExpression]","Value":"false"}}]},{"$type":"[SST:Statements.ReturnStatement]","Expression":{"$type":"[SST:Expressions.Simple.ReferenceExpression]","Reference":{"$type":"[SST:References.VariableReference]","Identifier":"retVal"}},"IsVoid":false}]},{"$type":"[SST:Declarations.MethodDeclaration]","Name":"0M:[p:void] [ACAT.Lib.Core.WordPredictionManagement.WordPredictionManager, Core].Dispose([p:bool] disposing)","IsEntryPoint":false,"Body":[{"$type":"[SST:Statements.VariableDeclaration]","Reference":{"$type":"[SST:References.VariableReference]","Identifier":"$0"},"Type":"0T:p:bool"},{"$type":"[SST:Statements.Assignment]","Reference":{"$type":"[SST:References.VariableReference]","Identifier":"$0"},"Expression":{"$type":"[SST:Expressions.Assignable.UnaryExpression]","Operator":1,"Operand":{"$type":"[SST:Expressions.Simple.ReferenceExpression]","Reference":{"$type":"[SST:References.FieldReference]","Reference":{"$type":"[SST:References.VariableReference]","Identifier":"this"},"FieldName":"0F:[p:bool] [ACAT.Lib.Core.WordPredictionManagement.WordPredictionManager, Core]._disposed"}}}},{"$type":"[SST:Blocks.IfElseBlock]","Condition":{"$type":"[SST:Expressions.Simple.ReferenceExpression]","Reference":{"$type":"[SST:References.VariableReference]","Identifier":"$0"}},"Then":[{"$type":"[SST:Statements.ExpressionStatement]","Expression":{"$type":"[SST:Expressions.Assignable.InvocationExpression]","Reference":{"$type":"[SST:References.VariableReference]","Identifier":""},"MethodName":"0M:static [p:void] [ACAT.Lib.Core.Utility.Log, Core].Debug()","Parameters":[]}},{"$type":"[SST:Blocks.IfElseBlock]","Condition":{"$type":"[SST:Expressions.Simple.ReferenceExpression]","Reference":{"$type":"[SST:References.VariableReference]","Identifier":"disposing"}},"Then":[{"$type":"[SST:Statements.VariableDeclaration]","Reference":{"$type":"[SST:References.VariableReference]","Identifier":"$1"},"Type":"0T:p:bool"},{"$type":"[SST:Statements.Assignment]","Reference":{"$type":"[SST:References.VariableReference]","Identifier":"$1"},"Expression":{"$type":"[SST:Expressions.Assignable.BinaryExpression]","LeftOperand":{"$type":"[SST:Expressions.Simple.ReferenceExpression]","Reference":{"$type":"[SST:References.FieldReference]","Reference":{"$type":"[SST:References.VariableReference]","Identifier":"this"},"FieldName":"0F:[i:ACAT.Lib.Core.WordPredictionManagement.IWordPredictor, Core] [ACAT.Lib.Core.WordPredictionManagement.WordPredictionManager, Core]._activeWordPredictor"}},"Operator":6,"RightOperand":{"$type":"[SST:Expressions.Simple.ConstantValueExpression]","Value":"null"}}},{"$type":"[SST:Blocks.IfElseBlock]","Condition":{"$type":"[SST:Expressions.Simple.ReferenceExpression]","Reference":{"$type":"[SST:References.VariableReference]","Identifier":"$1"}},"Then":[{"$type":"[SST:Statements.VariableDeclaration]","Reference":{"$type":"[SST:References.VariableReference]","Identifier":"$2"},"Type":"0T:i:ACAT.Lib.Core.WordPredictionManagement.IWordPredictor, Core"},{"$type":"[SST:Statements.Assignment]","Reference":{"$type":"[SST:References.VariableReference]","Identifier":"$2"},"Expression":{"$type":"[SST:Expressions.Simple.ReferenceExpression]","Reference":{"$type":"[SST:References.FieldReference]","Reference":{"$type":"[SST:References.VariableReference]","Identifier":"this"},"FieldName":"0F:[i:ACAT.Lib.Core.WordPredictionManagement.IWordPredictor, Core] [ACAT.Lib.Core.WordPredictionManagement.WordPredictionManager, Core]._activeWordPredictor"}}},{"$type":"[SST:Statements.ExpressionStatement]","Expression":{"$type":"[SST:Expressions.Assignable.InvocationExpression]","Reference":{"$type":"[SST:References.VariableReference]","Identifier":"$2"},"MethodName":"0M:[p:void] [i:System.IDisposable, mscorlib, 4.0.0.0].Dispose()","Parameters":[]}}],"Else":[]},{"$type":"[SST:Statements.VariableDeclaration]","Reference":{"$type":"[SST:References.VariableReference]","Identifier":"$3"},"Type":"0T:p:bool"},{"$type":"[SST:Statements.Assignment]","Reference":{"$type":"[SST:References.VariableReference]","Identifier":"$3"},"Expression":{"$type":"[SST:Expressions.Assignable.BinaryExpression]","LeftOperand":{"$type":"[SST:Expressions.Simple.ReferenceExpression]","Reference":{"$type":"[SST:References.FieldReference]","Reference":{"$type":"[SST:References.VariableReference]","Identifier":"this"},"FieldName":"0F:[ACAT.Lib.Core.WordPredictionManagement.WordPredictors, Core] [ACAT.Lib.Core.WordPredictionManagement.WordPredictionManager, Core]._wordPredictors"}},"Operator":6,"RightOperand":{"$type":"[SST:Expressions.Simple.ConstantValueExpression]","Value":"null"}}},{"$type":"[SST:Blocks.IfElseBlock]","Condition":{"$type":"[SST:Expressions.Simple.ReferenceExpression]","Reference":{"$type":"[SST:References.VariableReference]","Identifier":"$3"}},"Then":[{"$type":"[SST:Statements.VariableDeclaration]","Reference":{"$type":"[SST:References.VariableReference]","Identifier":"$4"},"Type":"0T:ACAT.Lib.Core.WordPredictionManagement.WordPredictors, Core"},{"$type":"[SST:Statements.Assignment]","Reference":{"$type":"[SST:References.VariableReference]","Identifier":"$4"},"Expression":{"$type":"[SST:Expressions.Simple.ReferenceExpression]","Reference":{"$type":"[SST:References.FieldReference]","Reference":{"$type":"[SST:References.VariableReference]","Identifier":"this"},"FieldName":"0F:[ACAT.Lib.Core.WordPredictionManagement.WordPredictors, Core] [ACAT.Lib.Core.WordPredictionManagement.WordPredictionManager, Core]._wordPredictors"}}},{"$type":"[SST:Statements.ExpressionStatement]","Expression":{"$type":"[SST:Expressions.Assignable.InvocationExpression]","Reference":{"$type":"[SST:References.VariableReference]","Identifier":"$4"},"MethodName":"0M:[p:void] [ACAT.Lib.Core.WordPredictionManagement.WordPredictors, Core].Dispose()","Parameters":[]}}],"Else":[]},{"$type":"[SST:Statements.VariableDeclaration]","Reference":{"$type":"[SST:References.VariableReference]","Identifier":"$5"},"Type":"0T:p:bool"},{"$type":"[SST:Statements.Assignment]","Reference":{"$type":"[SST:References.VariableReference]","Identifier":"$5"},"Expression":{"$type":"[SST:Expressions.Assignable.BinaryExpression]","LeftOperand":{"$type":"[SST:Expressions.Simple.ReferenceExpression]","Reference":{"$type":"[SST:References.FieldReference]","Reference":{"$type":"[SST:References.VariableReference]","Identifier":"this"},"FieldName":"0F:[i:ACAT.Lib.Core.WordPredictionManagement.IWordPredictor, Core] [ACAT.Lib.Core.WordPredictionManagement.WordPredictionManager, Core]._nullWordPredictor"}},"Operator":6,"RightOperand":{"$type":"[SST:Expressions.Simple.ConstantValueExpression]","Value":"null"}}},{"$type":"[SST:Blocks.IfElseBlock]","Condition":{"$type":"[SST:Expressions.Simple.ReferenceExpression]","Reference":{"$type":"[SST:References.VariableReference]","Identifier":"$5"}},"Then":[{"$type":"[SST:Statements.VariableDeclaration]","Reference":{"$type":"[SST:References.VariableReference]","Identifier":"$6"},"Type":"0T:i:ACAT.Lib.Core.WordPredictionManagement.IWordPredictor, Core"},{"$type":"[SST:Statements.Assignment]","Reference":{"$type":"[SST:References.VariableReference]","Identifier":"$6"},"Expression":{"$type":"[SST:Expressions.Simple.ReferenceExpression]","Reference":{"$type":"[SST:References.FieldReference]","Reference":{"$type":"[SST:References.VariableReference]","Identifier":"this"},"FieldName":"0F:[i:ACAT.Lib.Core.WordPredictionManagement.IWordPredictor, Core] [ACAT.Lib.Core.WordPredictionManagement.WordPredictionManager, Core]._nullWordPredictor"}}},{"$type":"[SST:Statements.ExpressionStatement]","Expression":{"$type":"[SST:Expressions.Assignable.InvocationExpression]","Reference":{"$type":"[SST:References.VariableReference]","Identifier":"$6"},"MethodName":"0M:[p:void] [i:System.IDisposable, mscorlib, 4.0.0.0].Dispose()","Parameters":[]}}],"Else":[]}],"Else":[]}],"Else":[]},{"$type":"[SST:Statements.Assignment]","Reference":{"$type":"[SST:References.FieldReference]","Reference":{"$type":"[SST:References.VariableReference]","Identifier":"this"},"FieldName":"0F:[p:bool] [ACAT.Lib.Core.WordPredictionManagement.WordPredictionManager, Core]._disposed"},"Expression":{"$type":"[SST:Expressions.Simple.ConstantValueExpression]","Value":"true"}}]},{"$type":"[SST:Declarations.MethodDeclaration]","Name":"0M:[p:bool] [ACAT.Lib.Core.WordPredictionManagement.WordPredictionManager, Core].createAndSetActiveWordPredictor([System.Type, mscorlib, 4.0.0.0] type)","IsEntryPoint":false,"Body":[{"$type":"[SST:Statements.VariableDeclaration]","Reference":{"$type":"[SST:References.VariableReference]","Identifier":"retVal"},"Type":"0T:p:bool"},{"$type":"[SST:Blocks.TryBlock]","Body":[{"$type":"[SST:Statements.VariableDeclaration]","Reference":{"$type":"[SST:References.VariableReference]","Identifier":"wordPredictor"},"Type":"0T:i:ACAT.Lib.Core.WordPredictionManagement.IWordPredictor, Core"},{"$type":"[SST:Statements.VariableDeclaration]","Reference":{"$type":"[SST:References.VariableReference]","Identifier":"$0"},"Type":"0T:p:object"},{"$type":"[SST:Statements.Assignment]","Reference":{"$type":"[SST:References.VariableReference]","Identifier":"$0"},"Expression":{"$type":"[SST:Expressions.Assignable.InvocationExpression]","Reference":{"$type":"[SST:References.VariableReference]","Identifier":""},"MethodName":"0M:static [p:object] [System.Activator, mscorlib, 4.0.0.0].CreateInstance([System.Type, mscorlib, 4.0.0.0] type)","Parameters":[{"$type":"[SST:Expressions.Simple.ReferenceExpression]","Reference":{"$type":"[SST:References.VariableReference]","Identifier":"type"}}]}},{"$type":"[SST:Statements.Assignment]","Reference":{"$type":"[SST:References.VariableReference]","Identifier":"wordPredictor"},"Expression":{"$type":"[SST:Expressions.Assignable.CastExpression]","TargetType":"0T:i:ACAT.Lib.Core.WordPredictionManagement.IWordPredictor, Core","Operator":0,"Reference":{"$type":"[SST:References.VariableReference]","Identifier":"$0"}}},{"$type":"[SST:Statements.Assignment]","Reference":{"$type":"[SST:References.VariableReference]","Identifier":"retVal"},"Expression":{"$type":"[SST:Expressions.Assignable.InvocationExpression]","Reference":{"$type":"[SST:References.VariableReference]","Identifier":"wordPredictor"},"MethodName":"0M:[p:bool] [i:ACAT.Lib.Core.WordPredictionManagement.IWordPredictor, Core].Init()","Parameters":[]}},{"$type":"[SST:Blocks.IfElseBlock]","Condition":{"$type":"[SST:Expressions.Simple.ReferenceExpression]","Reference":{"$type":"[SST:References.VariableReference]","Identifier":"retVal"}},"Then":[{"$type":"[SST:Statements.ExpressionStatement]","Expression":{"$type":"[SST:Expressions.Assignable.InvocationExpression]","Reference":{"$type":"[SST:References.VariableReference]","Identifier":"this"},"MethodName":"0M:[p:void] [ACAT.Lib.Core.WordPredictionManagement.WordPredictionManager, Core].saveSettings([i:ACAT.Lib.Core.WordPredictionManagement.IWordPredictor, Core] wordPredictor)","Parameters":[{"$type":"[SST:Expressions.Simple.ReferenceExpression]","Reference":{"$type":"[SST:References.VariableReference]","Identifier":"wordPredictor"}}]}},{"$type":"[SST:Statements.Assignment]","Reference":{"$type":"[SST:References.FieldReference]","Reference":{"$type":"[SST:References.VariableReference]","Identifier":"this"},"FieldName":"0F:[i:ACAT.Lib.Core.WordPredictionManagement.IWordPredictor, Core] [ACAT.Lib.Core.WordPredictionManagement.WordPredictionManager, Core]._activeWordPredictor"},"Expression":{"$type":"[SST:Expressions.Simple.ReferenceExpression]","Reference":{"$type":"[SST:References.VariableReference]","Identifier":"wordPredictor"}}}],"Else":[]}],"CatchBlocks":[{"$type":"[SST:Blocks.CatchBlock]","Kind":0,"Parameter":"0Param:[System.Exception, mscorlib, 4.0.0.0] ex","Body":[{"$type":"[SST:Statements.VariableDeclaration]","Reference":{"$type":"[SST:References.VariableReference]","Identifier":"$1"},"Type":"0T:p:string"},{"$type":"[SST:Statements.Assignment]","Reference":{"$type":"[SST:References.VariableReference]","Identifier":"$1"},"Expression":{"$type":"[SST:Expressions.Assignable.BinaryExpression]","LeftOperand":{"$type":"[SST:Expressions.Simple.ConstantValueExpression]"},"Operator":9,"RightOperand":{"$type":"[SST:Expressions.Simple.ReferenceExpression]","Reference":{"$type":"[SST:References.VariableReference]","Identifier":"type"}}}},{"$type":"[SST:Statements.VariableDeclaration]","Reference":{"$type":"[SST:References.VariableReference]","Identifier":"$2"},"Type":"0T:p:string"},{"$type":"[SST:Statements.Assignment]","Reference":{"$type":"[SST:References.VariableReference]","Identifier":"$2"},"Expression":{"$type":"[SST:Expressions.Assignable.BinaryExpression]","LeftOperand":{"$type":"[SST:Expressions.Simple.ReferenceExpression]","Reference":{"$type":"[SST:References.VariableReference]","Identifier":"$1"}},"Operator":9,"RightOperand":{"$type":"[SST:Expressions.Simple.ConstantValueExpression]"}}},{"$type":"[SST:Statements.VariableDeclaration]","Reference":{"$type":"[SST:References.VariableReference]","Identifier":"$3"},"Type":"0T:System.Reflection.Assembly, mscorlib, 4.0.0.0"},{"$type":"[SST:Statements.Assignment]","Reference":{"$type":"[SST:References.VariableReference]","Identifier":"$3"},"Expression":{"$type":"[SST:Expressions.Simple.ReferenceExpression]","Reference":{"$type":"[SST:References.PropertyReference]","Reference":{"$type":"[SST:References.VariableReference]","Identifier":"type"},"PropertyName":"0P:get [System.Reflection.Assembly, mscorlib, 4.0.0.0] [System.Type, mscorlib, 4.0.0.0].Assembly()"}}},{"$type":"[SST:Statements.VariableDeclaration]","Reference":{"$type":"[SST:References.VariableReference]","Identifier":"$4"},"Type":"0T:p:string"},{"$type":"[SST:Statements.Assignment]","Reference":{"$type":"[SST:References.VariableReference]","Identifier":"$4"},"Expression":{"$type":"[SST:Expressions.Assignable.BinaryExpression]","LeftOperand":{"$type":"[SST:Expressions.Simple.ReferenceExpression]","Reference":{"$type":"[SST:References.VariableReference]","Identifier":"$2"}},"Operator":9,"RightOperand":{"$type":"[SST:Expressions.Simple.ReferenceExpression]","Reference":{"$type":"[SST:References.PropertyReference]","Reference":{"$type":"[SST:References.VariableReference]","Identifier":"$3"},"PropertyName":"0P:get [p:string] [System.Reflection.Assembly, mscorlib, 4.0.0.0].FullName()"}}}},{"$type":"[SST:Statements.VariableDeclaration]","Reference":{"$type":"[SST:References.VariableReference]","Identifier":"$5"},"Type":"0T:p:string"},{"$type":"[SST:Statements.Assignment]","Reference":{"$type":"[SST:References.VariableReference]","Identifier":"$5"},"Expression":{"$type":"[SST:Expressions.Assignable.BinaryExpression]","LeftOperand":{"$type":"[SST:Expressions.Simple.ReferenceExpression]","Reference":{"$type":"[SST:References.VariableReference]","Identifier":"$4"}},"Operator":9,"RightOperand":{"$type":"[SST:Expressions.Simple.ConstantValueExpression]"}}},{"$type":"[SST:Statements.VariableDeclaration]","Reference":{"$type":"[SST:References.VariableReference]","Identifier":"$6"},"Type":"0T:p:string"},{"$type":"[SST:Statements.Assignment]","Reference":{"$type":"[SST:References.VariableReference]","Identifier":"$6"},"Expression":{"$type":"[SST:Expressions.Assignable.InvocationExpression]","Reference":{"$type":"[SST:References.VariableReference]","Identifier":"ex"},"MethodName":"0M:[p:string] [System.Exception, mscorlib, 4.0.0.0].ToString()","Parameters":[]}},{"$type":"[SST:Statements.VariableDeclaration]","Reference":{"$type":"[SST:References.VariableReference]","Identifier":"$7"},"Type":"0T:p:string"},{"$type":"[SST:Statements.Assignment]","Reference":{"$type":"[SST:References.VariableReference]","Identifier":"$7"},"Expression":{"$type":"[SST:Expressions.Assignable.BinaryExpression]","LeftOperand":{"$type":"[SST:Expressions.Simple.ReferenceExpression]","Reference":{"$type":"[SST:References.VariableReference]","Identifier":"$5"}},"Operator":9,"RightOperand":{"$type":"[SST:Expressions.Simple.ReferenceExpression]","Reference":{"$type":"[SST:References.VariableReference]","Identifier":"$6"}}}},{"$type":"[SST:Statements.ExpressionStatement]","Expression":{"$type":"[SST:Expressions.Assignable.InvocationExpression]","Reference":{"$type":"[SST:References.VariableReference]","Identifier":""},"MethodName":"0M:static [p:void] [ACAT.Lib.Core.Utility.Log, Core].Debug([p:string] message)","Parameters":[{"$type":"[SST:Expressions.Simple.ReferenceExpression]","Reference":{"$type":"[SST:References.VariableReference]","Identifier":"$7"}}]}},{"$type":"[SST:Statements.Assignment]","Reference":{"$type":"[SST:References.VariableReference]","Identifier":"retVal"},"Expression":{"$type":"[SST:Expressions.Simple.ConstantValueExpression]","Value":"false"}}]}],"Finally":[]},{"$type":"[SST:Statements.VariableDeclaration]","Reference":{"$type":"[SST:References.VariableReference]","Identifier":"$8"},"Type":"0T:p:bool"},{"$type":"[SST:Statements.Assignment]","Reference":{"$type":"[SST:References.VariableReference]","Identifier":"$8"},"Expression":{"$type":"[SST:Expressions.Assignable.UnaryExpression]","Operator":1,"Operand":{"$type":"[SST:Expressions.Simple.ReferenceExpression]","Reference":{"$type":"[SST:References.VariableReference]","Identifier":"retVal"}}}},{"$type":"[SST:Blocks.IfElseBlock]","Condition":{"$type":"[SST:Expressions.Simple.ReferenceExpression]","Reference":{"$type":"[SST:References.VariableReference]","Identifier":"$8"}},"Then":[{"$type":"[SST:Statements.Assignment]","Reference":{"$type":"[SST:References.FieldReference]","Reference":{"$type":"[SST:References.VariableReference]","Identifier":"this"},"FieldName":"0F:[i:ACAT.Lib.Core.WordPredictionManagement.IWordPredictor, Core] [ACAT.Lib.Core.WordPredictionManagement.WordPredictionManager, Core]._activeWordPredictor"},"Expression":{"$type":"[SST:Expressions.Simple.ReferenceExpression]","Reference":{"$type":"[SST:References.FieldReference]","Reference":{"$type":"[SST:References.VariableReference]","Identifier":"this"},"FieldName":"0F:[i:ACAT.Lib.Core.WordPredictionManagement.IWordPredictor, Core] [ACAT.Lib.Core.WordPredictionManagement.WordPredictionManager, Core]._nullWordPredictor"}}}],"Else":[]},{"$type":"[SST:Statements.ReturnStatement]","Expression":{"$type":"[SST:Expressions.Simple.ReferenceExpression]","Reference":{"$type":"[SST:References.VariableReference]","Identifier":"retVal"}},"IsVoid":false}]},{"$type":"[SST:Declarations.MethodDeclaration]","Name":"0M:[System.Reflection.Assembly, mscorlib, 4.0.0.0] [ACAT.Lib.Core.WordPredictionManagement.WordPredictionManager, Core].currentDomain_AssemblyResolve([p:object] sender, [System.ResolveEventArgs, mscorlib, 4.0.0.0] args)","IsEntryPoint":false,"Body":[{"$type":"[SST:Statements.VariableDeclaration]","Reference":{"$type":"[SST:References.VariableReference]","Identifier":"$0"},"Type":"0T:System.Reflection.Assembly, mscorlib, 4.0.0.0"},{"$type":"[SST:Statements.Assignment]","Reference":{"$type":"[SST:References.VariableReference]","Identifier":"$0"},"Expression":{"$type":"[SST:Expressions.Assignable.InvocationExpression]","Reference":{"$type":"[SST:References.VariableReference]","Identifier":""},"MethodName":"0M:static [System.Reflection.Assembly, mscorlib, 4.0.0.0] [System.Reflection.Assembly, mscorlib, 4.0.0.0].GetExecutingAssembly()","Parameters":[]}},{"$type":"[SST:Statements.VariableDeclaration]","Reference":{"$type":"[SST:References.VariableReference]","Identifier":"$1"},"Type":"0T:System.Reflection.Assembly, mscorlib, 4.0.0.0"},{"$type":"[SST:Statements.Assignment]","Reference":{"$type":"[SST:References.VariableReference]","Identifier":"$1"},"Expression":{"$type":"[SST:Expressions.Assignable.InvocationExpression]","Reference":{"$type":"[SST:References.VariableReference]","Identifier":""},"MethodName":"0M:static [System.Reflection.Assembly, mscorlib, 4.0.0.0] [ACAT.Lib.Core.Utility.FileUtils, Core].AssemblyResolve([System.Reflection.Assembly, mscorlib, 4.0.0.0] executingAssembly, [System.ResolveEventArgs, mscorlib, 4.0.0.0] args)","Parameters":[{"$type":"[SST:Expressions.Simple.ReferenceExpression]","Reference":{"$type":"[SST:References.VariableReference]","Identifier":"$0"}},{"$type":"[SST:Expressions.Simple.ReferenceExpression]","Reference":{"$type":"[SST:References.VariableReference]","Identifier":"args"}}]}},{"$type":"[SST:Statements.ReturnStatement]","Expression":{"$type":"[SST:Expressions.Simple.ReferenceExpression]","Reference":{"$type":"[SST:References.VariableReference]","Identifier":"$1"}},"IsVoid":false}]},{"$type":"[SST:Declarations.MethodDeclaration]","Name":"0M:[p:void] [ACAT.Lib.Core.WordPredictionManagement.WordPredictionManager, Core].loadDefaultSettings([i:ACAT.Lib.Core.WordPredictionManagement.IWordPredictor, Core] wordPredictor)","IsEntryPoint":false,"Body":[{"$type":"[SST:Statements.ExpressionStatement]","Expression":{"$type":"[SST:Expressions.Assignable.InvocationExpression]","Reference":{"$type":"[SST:References.VariableReference]","Identifier":"wordPredictor"},"MethodName":"0M:[p:bool] [i:ACAT.Lib.Core.WordPredictionManagement.IWordPredictor, Core].LoadDefaultSettings()","Parameters":[]}}]},{"$type":"[SST:Declarations.MethodDeclaration]","Name":"0M:[p:void] [ACAT.Lib.Core.WordPredictionManagement.WordPredictionManager, Core].saveSettings([i:ACAT.Lib.Core.WordPredictionManagement.IWordPredictor, Core] wordPredictor)","IsEntryPoint":false,"Body":[{"$type":"[SST:Statements.ExpressionStatement]","Expression":{"$type":"[SST:Expressions.Assignable.InvocationExpression]","Reference":{"$type":"[SST:References.VariableReference]","Identifier":"wordPredictor"},"MethodName":"0M:[p:bool] [i:ACAT.Lib.Core.WordPredictionManagement.IWordPredictor, Core].SaveSettings([p:string] configFileDirectory)","Parameters":[{"$type":"[SST:Expressions.Simple.ConstantValueExpression]"}]}}]}],"Events":[],"Delegates":[]}}