{"$type":"KaVE.Commons.Model.Events.CompletionEvents.Context, KaVE.Commons","TypeShape":{"$type":"KaVE.Commons.Model.TypeShapes.TypeShape, KaVE.Commons","TypeHierarchy":{"$type":"KaVE.Commons.Model.TypeShapes.TypeHierarchy, KaVE.Commons","Element":"0T:i:ACAT.Lib.Extension.AppAgents.Outlook.IOutlookInspector, Extension","Implements":[]},"NestedTypes":[],"Delegates":[],"EventHierarchies":[],"Fields":[],"MethodHierarchies":[{"$type":"KaVE.Commons.Model.TypeShapes.MethodHierarchy, KaVE.Commons","Element":"0M:[e:ACAT.Lib.Extension.AppAgents.Outlook.OutlookWindowTypes, Extension] [i:ACAT.Lib.Extension.AppAgents.Outlook.IOutlookInspector, Extension].IdentifyWindow([?] monitorInfo, ref [e:ACAT.Lib.Extension.AppAgents.Outlook.OutlookControlSubType, Extension] subType)"},{"$type":"KaVE.Commons.Model.TypeShapes.MethodHierarchy, KaVE.Commons","Element":"0M:[p:bool] [i:ACAT.Lib.Extension.AppAgents.Outlook.IOutlookInspector, Extension].IsAddressBookDetailsWindow([?] monitorInfo)"},{"$type":"KaVE.Commons.Model.TypeShapes.MethodHierarchy, KaVE.Commons","Element":"0M:[p:bool] [i:ACAT.Lib.Extension.AppAgents.Outlook.IOutlookInspector, Extension].IsAddressBookWindow([?] monitorInfo, ref [e:ACAT.Lib.Extension.AppAgents.Outlook.OutlookControlSubType, Extension] subType)"},{"$type":"KaVE.Commons.Model.TypeShapes.MethodHierarchy, KaVE.Commons","Element":"0M:[p:bool] [i:ACAT.Lib.Extension.AppAgents.Outlook.IOutlookInspector, Extension].IsAppointmentSchedulingWindow([?] monitorInfo, ref [e:ACAT.Lib.Extension.AppAgents.Outlook.OutlookControlSubType, Extension] subType)"},{"$type":"KaVE.Commons.Model.TypeShapes.MethodHierarchy, KaVE.Commons","Element":"0M:[p:bool] [i:ACAT.Lib.Extension.AppAgents.Outlook.IOutlookInspector, Extension].IsCalendarWindow([?] monitorInfo)"},{"$type":"KaVE.Commons.Model.TypeShapes.MethodHierarchy, KaVE.Commons","Element":"0M:[p:bool] [i:ACAT.Lib.Extension.AppAgents.Outlook.IOutlookInspector, Extension].IsContactsWindow([?] monitorInfo)"},{"$type":"KaVE.Commons.Model.TypeShapes.MethodHierarchy, KaVE.Commons","Element":"0M:[p:bool] [i:ACAT.Lib.Extension.AppAgents.Outlook.IOutlookInspector, Extension].IsEmailMsgWindow([?] monitorInfo, ref [p:bool] isNewMessage, ref [e:ACAT.Lib.Extension.AppAgents.Outlook.OutlookControlSubType, Extension] subType)"},{"$type":"KaVE.Commons.Model.TypeShapes.MethodHierarchy, KaVE.Commons","Element":"0M:[p:bool] [i:ACAT.Lib.Extension.AppAgents.Outlook.IOutlookInspector, Extension].IsInboxWindow([?] monitorInfo)"},{"$type":"KaVE.Commons.Model.TypeShapes.MethodHierarchy, KaVE.Commons","Element":"0M:[p:bool] [i:ACAT.Lib.Extension.AppAgents.Outlook.IOutlookInspector, Extension].IsNotesWindow([?] monitorInfo)"},{"$type":"KaVE.Commons.Model.TypeShapes.MethodHierarchy, KaVE.Commons","Element":"0M:[p:bool] [i:ACAT.Lib.Extension.AppAgents.Outlook.IOutlookInspector, Extension].IsOpenAppointmentWindow([?] monitorInfo, ref [e:ACAT.Lib.Extension.AppAgents.Outlook.OutlookControlSubType, Extension] subType)"},{"$type":"KaVE.Commons.Model.TypeShapes.MethodHierarchy, KaVE.Commons","Element":"0M:[p:bool] [i:ACAT.Lib.Extension.AppAgents.Outlook.IOutlookInspector, Extension].IsOpenContactWindow([?] monitorInfo, ref [e:ACAT.Lib.Extension.AppAgents.Outlook.OutlookControlSubType, Extension] subType)"},{"$type":"KaVE.Commons.Model.TypeShapes.MethodHierarchy, KaVE.Commons","Element":"0M:[p:bool] [i:ACAT.Lib.Extension.AppAgents.Outlook.IOutlookInspector, Extension].IsOpenNoteWindow([?] monitorInfo, ref [e:ACAT.Lib.Extension.AppAgents.Outlook.OutlookControlSubType, Extension] subType)"},{"$type":"KaVE.Commons.Model.TypeShapes.MethodHierarchy, KaVE.Commons","Element":"0M:[p:bool] [i:ACAT.Lib.Extension.AppAgents.Outlook.IOutlookInspector, Extension].IsOpenTaskWindow([?] monitorInfo, ref [e:ACAT.Lib.Extension.AppAgents.Outlook.OutlookControlSubType, Extension] subType)"},{"$type":"KaVE.Commons.Model.TypeShapes.MethodHierarchy, KaVE.Commons","Element":"0M:[p:bool] [i:ACAT.Lib.Extension.AppAgents.Outlook.IOutlookInspector, Extension].IsTasksWindow([?] monitorInfo)"}],"PropertyHierarchies":[]},"SST":{"$type":"[SST:SST]","EnclosingType":"0T:i:ACAT.Lib.Extension.AppAgents.Outlook.IOutlookInspector, Extension","Fields":[],"Properties":[],"Methods":[{"$type":"[SST:Declarations.MethodDeclaration]","Name":"0M:[e:ACAT.Lib.Extension.AppAgents.Outlook.OutlookWindowTypes, Extension] [i:ACAT.Lib.Extension.AppAgents.Outlook.IOutlookInspector, Extension].IdentifyWindow([?] monitorInfo, ref [e:ACAT.Lib.Extension.AppAgents.Outlook.OutlookControlSubType, Extension] subType)","IsEntryPoint":false,"Body":[]},{"$type":"[SST:Declarations.MethodDeclaration]","Name":"0M:[p:bool] [i:ACAT.Lib.Extension.AppAgents.Outlook.IOutlookInspector, Extension].IsAddressBookDetailsWindow([?] monitorInfo)","IsEntryPoint":false,"Body":[]},{"$type":"[SST:Declarations.MethodDeclaration]","Name":"0M:[p:bool] [i:ACAT.Lib.Extension.AppAgents.Outlook.IOutlookInspector, Extension].IsAddressBookWindow([?] monitorInfo, ref [e:ACAT.Lib.Extension.AppAgents.Outlook.OutlookControlSubType, Extension] subType)","IsEntryPoint":false,"Body":[]},{"$type":"[SST:Declarations.MethodDeclaration]","Name":"0M:[p:bool] [i:ACAT.Lib.Extension.AppAgents.Outlook.IOutlookInspector, Extension].IsAppointmentSchedulingWindow([?] monitorInfo, ref [e:ACAT.Lib.Extension.AppAgents.Outlook.OutlookControlSubType, Extension] subType)","IsEntryPoint":false,"Body":[]},{"$type":"[SST:Declarations.MethodDeclaration]","Name":"0M:[p:bool] [i:ACAT.Lib.Extension.AppAgents.Outlook.IOutlookInspector, Extension].IsCalendarWindow([?] monitorInfo)","IsEntryPoint":false,"Body":[]},{"$type":"[SST:Declarations.MethodDeclaration]","Name":"0M:[p:bool] [i:ACAT.Lib.Extension.AppAgents.Outlook.IOutlookInspector, Extension].IsContactsWindow([?] monitorInfo)","IsEntryPoint":false,"Body":[]},{"$type":"[SST:Declarations.MethodDeclaration]","Name":"0M:[p:bool] [i:ACAT.Lib.Extension.AppAgents.Outlook.IOutlookInspector, Extension].IsEmailMsgWindow([?] monitorInfo, ref [p:bool] isNewMessage, ref [e:ACAT.Lib.Extension.AppAgents.Outlook.OutlookControlSubType, Extension] subType)","IsEntryPoint":false,"Body":[]},{"$type":"[SST:Declarations.MethodDeclaration]","Name":"0M:[p:bool] [i:ACAT.Lib.Extension.AppAgents.Outlook.IOutlookInspector, Extension].IsInboxWindow([?] monitorInfo)","IsEntryPoint":false,"Body":[]},{"$type":"[SST:Declarations.MethodDeclaration]","Name":"0M:[p:bool] [i:ACAT.Lib.Extension.AppAgents.Outlook.IOutlookInspector, Extension].IsNotesWindow([?] monitorInfo)","IsEntryPoint":false,"Body":[]},{"$type":"[SST:Declarations.MethodDeclaration]","Name":"0M:[p:bool] [i:ACAT.Lib.Extension.AppAgents.Outlook.IOutlookInspector, Extension].IsOpenAppointmentWindow([?] monitorInfo, ref [e:ACAT.Lib.Extension.AppAgents.Outlook.OutlookControlSubType, Extension] subType)","IsEntryPoint":false,"Body":[]},{"$type":"[SST:Declarations.MethodDeclaration]","Name":"0M:[p:bool] [i:ACAT.Lib.Extension.AppAgents.Outlook.IOutlookInspector, Extension].IsOpenContactWindow([?] monitorInfo, ref [e:ACAT.Lib.Extension.AppAgents.Outlook.OutlookControlSubType, Extension] subType)","IsEntryPoint":false,"Body":[]},{"$type":"[SST:Declarations.MethodDeclaration]","Name":"0M:[p:bool] [i:ACAT.Lib.Extension.AppAgents.Outlook.IOutlookInspector, Extension].IsOpenNoteWindow([?] monitorInfo, ref [e:ACAT.Lib.Extension.AppAgents.Outlook.OutlookControlSubType, Extension] subType)","IsEntryPoint":false,"Body":[]},{"$type":"[SST:Declarations.MethodDeclaration]","Name":"0M:[p:bool] [i:ACAT.Lib.Extension.AppAgents.Outlook.IOutlookInspector, Extension].IsOpenTaskWindow([?] monitorInfo, ref [e:ACAT.Lib.Extension.AppAgents.Outlook.OutlookControlSubType, Extension] subType)","IsEntryPoint":false,"Body":[]},{"$type":"[SST:Declarations.MethodDeclaration]","Name":"0M:[p:bool] [i:ACAT.Lib.Extension.AppAgents.Outlook.IOutlookInspector, Extension].IsTasksWindow([?] monitorInfo)","IsEntryPoint":false,"Body":[]}],"Events":[],"Delegates":[]}}