{"$type":"KaVE.Commons.Model.Events.CompletionEvents.Context, KaVE.Commons","TypeShape":{"$type":"KaVE.Commons.Model.TypeShapes.TypeShape, KaVE.Commons","TypeHierarchy":{"$type":"KaVE.Commons.Model.TypeShapes.TypeHierarchy, KaVE.Commons","Element":"0T:e:ACAT.Lib.Extension.AppAgents.Outlook.OutlookControlSubType, Extension","Implements":[]},"NestedTypes":[],"Delegates":[],"EventHierarchies":[],"Fields":["0F:[e:ACAT.Lib.Extension.AppAgents.Outlook.OutlookControlSubType, Extension] [e:ACAT.Lib.Extension.AppAgents.Outlook.OutlookControlSubType, Extension].Unknown","0F:[e:ACAT.Lib.Extension.AppAgents.Outlook.OutlookControlSubType, Extension] [e:ACAT.Lib.Extension.AppAgents.Outlook.OutlookControlSubType, Extension].NewEmailToButton","0F:[e:ACAT.Lib.Extension.AppAgents.Outlook.OutlookControlSubType, Extension] [e:ACAT.Lib.Extension.AppAgents.Outlook.OutlookControlSubType, Extension].NewEmailCCButton","0F:[e:ACAT.Lib.Extension.AppAgents.Outlook.OutlookControlSubType, Extension] [e:ACAT.Lib.Extension.AppAgents.Outlook.OutlookControlSubType, Extension].NewEmailSendButton","0F:[e:ACAT.Lib.Extension.AppAgents.Outlook.OutlookControlSubType, Extension] [e:ACAT.Lib.Extension.AppAgents.Outlook.OutlookControlSubType, Extension].NewEmailSubjectField","0F:[e:ACAT.Lib.Extension.AppAgents.Outlook.OutlookControlSubType, Extension] [e:ACAT.Lib.Extension.AppAgents.Outlook.OutlookControlSubType, Extension].NewEmailMessageBodyField","0F:[e:ACAT.Lib.Extension.AppAgents.Outlook.OutlookControlSubType, Extension] [e:ACAT.Lib.Extension.AppAgents.Outlook.OutlookControlSubType, Extension].AppointmentSubjectField","0F:[e:ACAT.Lib.Extension.AppAgents.Outlook.OutlookControlSubType, Extension] [e:ACAT.Lib.Extension.AppAgents.Outlook.OutlookControlSubType, Extension].AppointmentMessageBodyField","0F:[e:ACAT.Lib.Extension.AppAgents.Outlook.OutlookControlSubType, Extension] [e:ACAT.Lib.Extension.AppAgents.Outlook.OutlookControlSubType, Extension].ContactMessageField","0F:[e:ACAT.Lib.Extension.AppAgents.Outlook.OutlookControlSubType, Extension] [e:ACAT.Lib.Extension.AppAgents.Outlook.OutlookControlSubType, Extension].TaskSubjectField","0F:[e:ACAT.Lib.Extension.AppAgents.Outlook.OutlookControlSubType, Extension] [e:ACAT.Lib.Extension.AppAgents.Outlook.OutlookControlSubType, Extension].TaskMessageBodyField","0F:[e:ACAT.Lib.Extension.AppAgents.Outlook.OutlookControlSubType, Extension] [e:ACAT.Lib.Extension.AppAgents.Outlook.OutlookControlSubType, Extension].OpenNoteMessageBodyField","0F:[e:ACAT.Lib.Extension.AppAgents.Outlook.OutlookControlSubType, Extension] [e:ACAT.Lib.Extension.AppAgents.Outlook.OutlookControlSubType, Extension].AddressBookSearchField"],"MethodHierarchies":[],"PropertyHierarchies":[]},"SST":{"$type":"[SST:SST]","EnclosingType":"0T:e:ACAT.Lib.Extension.AppAgents.Outlook.OutlookControlSubType, Extension","Fields":[{"$type":"[SST:Declarations.FieldDeclaration]","Name":"0F:[e:ACAT.Lib.Extension.AppAgents.Outlook.OutlookControlSubType, Extension] [e:ACAT.Lib.Extension.AppAgents.Outlook.OutlookControlSubType, Extension].Unknown"},{"$type":"[SST:Declarations.FieldDeclaration]","Name":"0F:[e:ACAT.Lib.Extension.AppAgents.Outlook.OutlookControlSubType, Extension] [e:ACAT.Lib.Extension.AppAgents.Outlook.OutlookControlSubType, Extension].NewEmailToButton"},{"$type":"[SST:Declarations.FieldDeclaration]","Name":"0F:[e:ACAT.Lib.Extension.AppAgents.Outlook.OutlookControlSubType, Extension] [e:ACAT.Lib.Extension.AppAgents.Outlook.OutlookControlSubType, Extension].NewEmailCCButton"},{"$type":"[SST:Declarations.FieldDeclaration]","Name":"0F:[e:ACAT.Lib.Extension.AppAgents.Outlook.OutlookControlSubType, Extension] [e:ACAT.Lib.Extension.AppAgents.Outlook.OutlookControlSubType, Extension].NewEmailSendButton"},{"$type":"[SST:Declarations.FieldDeclaration]","Name":"0F:[e:ACAT.Lib.Extension.AppAgents.Outlook.OutlookControlSubType, Extension] [e:ACAT.Lib.Extension.AppAgents.Outlook.OutlookControlSubType, Extension].NewEmailSubjectField"},{"$type":"[SST:Declarations.FieldDeclaration]","Name":"0F:[e:ACAT.Lib.Extension.AppAgents.Outlook.OutlookControlSubType, Extension] [e:ACAT.Lib.Extension.AppAgents.Outlook.OutlookControlSubType, Extension].NewEmailMessageBodyField"},{"$type":"[SST:Declarations.FieldDeclaration]","Name":"0F:[e:ACAT.Lib.Extension.AppAgents.Outlook.OutlookControlSubType, Extension] [e:ACAT.Lib.Extension.AppAgents.Outlook.OutlookControlSubType, Extension].AppointmentSubjectField"},{"$type":"[SST:Declarations.FieldDeclaration]","Name":"0F:[e:ACAT.Lib.Extension.AppAgents.Outlook.OutlookControlSubType, Extension] [e:ACAT.Lib.Extension.AppAgents.Outlook.OutlookControlSubType, Extension].AppointmentMessageBodyField"},{"$type":"[SST:Declarations.FieldDeclaration]","Name":"0F:[e:ACAT.Lib.Extension.AppAgents.Outlook.OutlookControlSubType, Extension] [e:ACAT.Lib.Extension.AppAgents.Outlook.OutlookControlSubType, Extension].ContactMessageField"},{"$type":"[SST:Declarations.FieldDeclaration]","Name":"0F:[e:ACAT.Lib.Extension.AppAgents.Outlook.OutlookControlSubType, Extension] [e:ACAT.Lib.Extension.AppAgents.Outlook.OutlookControlSubType, Extension].TaskSubjectField"},{"$type":"[SST:Declarations.FieldDeclaration]","Name":"0F:[e:ACAT.Lib.Extension.AppAgents.Outlook.OutlookControlSubType, Extension] [e:ACAT.Lib.Extension.AppAgents.Outlook.OutlookControlSubType, Extension].TaskMessageBodyField"},{"$type":"[SST:Declarations.FieldDeclaration]","Name":"0F:[e:ACAT.Lib.Extension.AppAgents.Outlook.OutlookControlSubType, Extension] [e:ACAT.Lib.Extension.AppAgents.Outlook.OutlookControlSubType, Extension].OpenNoteMessageBodyField"},{"$type":"[SST:Declarations.FieldDeclaration]","Name":"0F:[e:ACAT.Lib.Extension.AppAgents.Outlook.OutlookControlSubType, Extension] [e:ACAT.Lib.Extension.AppAgents.Outlook.OutlookControlSubType, Extension].AddressBookSearchField"}],"Properties":[],"Methods":[],"Events":[],"Delegates":[]}}