{"$type":"KaVE.Commons.Model.Events.CompletionEvents.Context, KaVE.Commons","TypeShape":{"$type":"KaVE.Commons.Model.TypeShapes.TypeShape, KaVE.Commons","TypeHierarchy":{"$type":"KaVE.Commons.Model.TypeShapes.TypeHierarchy, KaVE.Commons","Element":"0T:e:ACAT.Lib.Extension.AppAgents.Outlook.OutlookWindowTypes, Extension","Implements":[]},"NestedTypes":[],"Delegates":[],"EventHierarchies":[],"Fields":["0F:[e:ACAT.Lib.Extension.AppAgents.Outlook.OutlookWindowTypes, Extension] [e:ACAT.Lib.Extension.AppAgents.Outlook.OutlookWindowTypes, Extension].Unknown","0F:[e:ACAT.Lib.Extension.AppAgents.Outlook.OutlookWindowTypes, Extension] [e:ACAT.Lib.Extension.AppAgents.Outlook.OutlookWindowTypes, Extension].EmailMessage","0F:[e:ACAT.Lib.Extension.AppAgents.Outlook.OutlookWindowTypes, Extension] [e:ACAT.Lib.Extension.AppAgents.Outlook.OutlookWindowTypes, Extension].NewEmailMessage","0F:[e:ACAT.Lib.Extension.AppAgents.Outlook.OutlookWindowTypes, Extension] [e:ACAT.Lib.Extension.AppAgents.Outlook.OutlookWindowTypes, Extension].Inbox","0F:[e:ACAT.Lib.Extension.AppAgents.Outlook.OutlookWindowTypes, Extension] [e:ACAT.Lib.Extension.AppAgents.Outlook.OutlookWindowTypes, Extension].Calendar","0F:[e:ACAT.Lib.Extension.AppAgents.Outlook.OutlookWindowTypes, Extension] [e:ACAT.Lib.Extension.AppAgents.Outlook.OutlookWindowTypes, Extension].Tasks","0F:[e:ACAT.Lib.Extension.AppAgents.Outlook.OutlookWindowTypes, Extension] [e:ACAT.Lib.Extension.AppAgents.Outlook.OutlookWindowTypes, Extension].Contacts","0F:[e:ACAT.Lib.Extension.AppAgents.Outlook.OutlookWindowTypes, Extension] [e:ACAT.Lib.Extension.AppAgents.Outlook.OutlookWindowTypes, Extension].Notes","0F:[e:ACAT.Lib.Extension.AppAgents.Outlook.OutlookWindowTypes, Extension] [e:ACAT.Lib.Extension.AppAgents.Outlook.OutlookWindowTypes, Extension].OpenNote","0F:[e:ACAT.Lib.Extension.AppAgents.Outlook.OutlookWindowTypes, Extension] [e:ACAT.Lib.Extension.AppAgents.Outlook.OutlookWindowTypes, Extension].OpenAppointment","0F:[e:ACAT.Lib.Extension.AppAgents.Outlook.OutlookWindowTypes, Extension] [e:ACAT.Lib.Extension.AppAgents.Outlook.OutlookWindowTypes, Extension].AppointmentScheduling","0F:[e:ACAT.Lib.Extension.AppAgents.Outlook.OutlookWindowTypes, Extension] [e:ACAT.Lib.Extension.AppAgents.Outlook.OutlookWindowTypes, Extension].OpenContact","0F:[e:ACAT.Lib.Extension.AppAgents.Outlook.OutlookWindowTypes, Extension] [e:ACAT.Lib.Extension.AppAgents.Outlook.OutlookWindowTypes, Extension].OpenTask","0F:[e:ACAT.Lib.Extension.AppAgents.Outlook.OutlookWindowTypes, Extension] [e:ACAT.Lib.Extension.AppAgents.Outlook.OutlookWindowTypes, Extension].AddressBook","0F:[e:ACAT.Lib.Extension.AppAgents.Outlook.OutlookWindowTypes, Extension] [e:ACAT.Lib.Extension.AppAgents.Outlook.OutlookWindowTypes, Extension].AddressBookDetails"],"MethodHierarchies":[],"PropertyHierarchies":[]},"SST":{"$type":"[SST:SST]","EnclosingType":"0T:e:ACAT.Lib.Extension.AppAgents.Outlook.OutlookWindowTypes, Extension","Fields":[{"$type":"[SST:Declarations.FieldDeclaration]","Name":"0F:[e:ACAT.Lib.Extension.AppAgents.Outlook.OutlookWindowTypes, Extension] [e:ACAT.Lib.Extension.AppAgents.Outlook.OutlookWindowTypes, Extension].Unknown"},{"$type":"[SST:Declarations.FieldDeclaration]","Name":"0F:[e:ACAT.Lib.Extension.AppAgents.Outlook.OutlookWindowTypes, Extension] [e:ACAT.Lib.Extension.AppAgents.Outlook.OutlookWindowTypes, Extension].EmailMessage"},{"$type":"[SST:Declarations.FieldDeclaration]","Name":"0F:[e:ACAT.Lib.Extension.AppAgents.Outlook.OutlookWindowTypes, Extension] [e:ACAT.Lib.Extension.AppAgents.Outlook.OutlookWindowTypes, Extension].NewEmailMessage"},{"$type":"[SST:Declarations.FieldDeclaration]","Name":"0F:[e:ACAT.Lib.Extension.AppAgents.Outlook.OutlookWindowTypes, Extension] [e:ACAT.Lib.Extension.AppAgents.Outlook.OutlookWindowTypes, Extension].Inbox"},{"$type":"[SST:Declarations.FieldDeclaration]","Name":"0F:[e:ACAT.Lib.Extension.AppAgents.Outlook.OutlookWindowTypes, Extension] [e:ACAT.Lib.Extension.AppAgents.Outlook.OutlookWindowTypes, Extension].Calendar"},{"$type":"[SST:Declarations.FieldDeclaration]","Name":"0F:[e:ACAT.Lib.Extension.AppAgents.Outlook.OutlookWindowTypes, Extension] [e:ACAT.Lib.Extension.AppAgents.Outlook.OutlookWindowTypes, Extension].Tasks"},{"$type":"[SST:Declarations.FieldDeclaration]","Name":"0F:[e:ACAT.Lib.Extension.AppAgents.Outlook.OutlookWindowTypes, Extension] [e:ACAT.Lib.Extension.AppAgents.Outlook.OutlookWindowTypes, Extension].Contacts"},{"$type":"[SST:Declarations.FieldDeclaration]","Name":"0F:[e:ACAT.Lib.Extension.AppAgents.Outlook.OutlookWindowTypes, Extension] [e:ACAT.Lib.Extension.AppAgents.Outlook.OutlookWindowTypes, Extension].Notes"},{"$type":"[SST:Declarations.FieldDeclaration]","Name":"0F:[e:ACAT.Lib.Extension.AppAgents.Outlook.OutlookWindowTypes, Extension] [e:ACAT.Lib.Extension.AppAgents.Outlook.OutlookWindowTypes, Extension].OpenNote"},{"$type":"[SST:Declarations.FieldDeclaration]","Name":"0F:[e:ACAT.Lib.Extension.AppAgents.Outlook.OutlookWindowTypes, Extension] [e:ACAT.Lib.Extension.AppAgents.Outlook.OutlookWindowTypes, Extension].OpenAppointment"},{"$type":"[SST:Declarations.FieldDeclaration]","Name":"0F:[e:ACAT.Lib.Extension.AppAgents.Outlook.OutlookWindowTypes, Extension] [e:ACAT.Lib.Extension.AppAgents.Outlook.OutlookWindowTypes, Extension].AppointmentScheduling"},{"$type":"[SST:Declarations.FieldDeclaration]","Name":"0F:[e:ACAT.Lib.Extension.AppAgents.Outlook.OutlookWindowTypes, Extension] [e:ACAT.Lib.Extension.AppAgents.Outlook.OutlookWindowTypes, Extension].OpenContact"},{"$type":"[SST:Declarations.FieldDeclaration]","Name":"0F:[e:ACAT.Lib.Extension.AppAgents.Outlook.OutlookWindowTypes, Extension] [e:ACAT.Lib.Extension.AppAgents.Outlook.OutlookWindowTypes, Extension].OpenTask"},{"$type":"[SST:Declarations.FieldDeclaration]","Name":"0F:[e:ACAT.Lib.Extension.AppAgents.Outlook.OutlookWindowTypes, Extension] [e:ACAT.Lib.Extension.AppAgents.Outlook.OutlookWindowTypes, Extension].AddressBook"},{"$type":"[SST:Declarations.FieldDeclaration]","Name":"0F:[e:ACAT.Lib.Extension.AppAgents.Outlook.OutlookWindowTypes, Extension] [e:ACAT.Lib.Extension.AppAgents.Outlook.OutlookWindowTypes, Extension].AddressBookDetails"}],"Properties":[],"Methods":[],"Events":[],"Delegates":[]}}