{"$type":"KaVE.Commons.Model.Events.CompletionEvents.Context, KaVE.Commons","TypeShape":{"$type":"KaVE.Commons.Model.TypeShapes.TypeShape, KaVE.Commons","TypeHierarchy":{"$type":"KaVE.Commons.Model.TypeShapes.TypeHierarchy, KaVE.Commons","Element":"0T:ACAT.Lib.Extension.AppAgents.ACATApp.ACATAgentBase, Extension","Implements":[{"$type":"KaVE.Commons.Model.TypeShapes.TypeHierarchy, KaVE.Commons","Element":"0T:?","Implements":[]}]},"NestedTypes":[],"Delegates":[],"EventHierarchies":[],"Fields":["0F:[p:string] [ACAT.Lib.Extension.AppAgents.ACATApp.ACATAgentBase, Extension]._currentProcessName"],"MethodHierarchies":[{"$type":"KaVE.Commons.Model.TypeShapes.MethodHierarchy, KaVE.Commons","Element":"0M:[p:void] [ACAT.Lib.Extension.AppAgents.ACATApp.ACATAgentBase, Extension]..ctor()"},{"$type":"KaVE.Commons.Model.TypeShapes.MethodHierarchy, KaVE.Commons","Element":"0M:[p:void] [ACAT.Lib.Extension.AppAgents.ACATApp.ACATAgentBase, Extension].OnContextMenuRequest([?] monitorInfo)"},{"$type":"KaVE.Commons.Model.TypeShapes.MethodHierarchy, KaVE.Commons","Element":"0M:[p:void] [ACAT.Lib.Extension.AppAgents.ACATApp.ACATAgentBase, Extension].OnFocusChanged([?] monitorInfo, ref [p:bool] handled)"}],"PropertyHierarchies":[{"$type":"KaVE.Commons.Model.TypeShapes.PropertyHierarchy, KaVE.Commons","Element":"0P:get [i:System.Collections.Generic.IEnumerable`1[[T -> ?]], mscorlib, 4.0.0.0] [ACAT.Lib.Extension.AppAgents.ACATApp.ACATAgentBase, Extension].ProcessesSupported()"}]},"SST":{"$type":"[SST:SST]","EnclosingType":"0T:ACAT.Lib.Extension.AppAgents.ACATApp.ACATAgentBase, Extension","Fields":[{"$type":"[SST:Declarations.FieldDeclaration]","Name":"0F:[p:string] [ACAT.Lib.Extension.AppAgents.ACATApp.ACATAgentBase, Extension]._currentProcessName"}],"Properties":[{"$type":"[SST:Declarations.PropertyDeclaration]","Name":"0P:get [i:System.Collections.Generic.IEnumerable`1[[T -> ?]], mscorlib, 4.0.0.0] [ACAT.Lib.Extension.AppAgents.ACATApp.ACATAgentBase, Extension].ProcessesSupported()","Get":[{"$type":"[SST:Statements.ReturnStatement]","Expression":{"$type":"[SST:Expressions.Simple.UnknownExpression]"},"IsVoid":false}],"Set":[]}],"Methods":[{"$type":"[SST:Declarations.MethodDeclaration]","Name":"0M:[p:void] [ACAT.Lib.Extension.AppAgents.ACATApp.ACATAgentBase, Extension]..ctor()","IsEntryPoint":true,"Body":[{"$type":"[SST:Statements.VariableDeclaration]","Reference":{"$type":"[SST:References.VariableReference]","Identifier":"$0"},"Type":"0T:System.Diagnostics.Process, System, 4.0.0.0"},{"$type":"[SST:Statements.Assignment]","Reference":{"$type":"[SST:References.VariableReference]","Identifier":"$0"},"Expression":{"$type":"[SST:Expressions.Assignable.InvocationExpression]","Reference":{"$type":"[SST:References.VariableReference]","Identifier":""},"MethodName":"0M:static [System.Diagnostics.Process, System, 4.0.0.0] [System.Diagnostics.Process, System, 4.0.0.0].GetCurrentProcess()","Parameters":[]}},{"$type":"[SST:Statements.VariableDeclaration]","Reference":{"$type":"[SST:References.VariableReference]","Identifier":"$1"},"Type":"0T:p:string"},{"$type":"[SST:Statements.Assignment]","Reference":{"$type":"[SST:References.VariableReference]","Identifier":"$1"},"Expression":{"$type":"[SST:Expressions.Simple.ReferenceExpression]","Reference":{"$type":"[SST:References.PropertyReference]","Reference":{"$type":"[SST:References.VariableReference]","Identifier":"$0"},"PropertyName":"0P:get [p:string] [System.Diagnostics.Process, System, 4.0.0.0].ProcessName()"}}},{"$type":"[SST:Statements.Assignment]","Reference":{"$type":"[SST:References.FieldReference]","Reference":{"$type":"[SST:References.VariableReference]","Identifier":"this"},"FieldName":"0F:[p:string] [ACAT.Lib.Extension.AppAgents.ACATApp.ACATAgentBase, Extension]._currentProcessName"},"Expression":{"$type":"[SST:Expressions.Assignable.InvocationExpression]","Reference":{"$type":"[SST:References.VariableReference]","Identifier":"$1"},"MethodName":"0M:[p:string] [p:string].ToLower()","Parameters":[]}}]},{"$type":"[SST:Declarations.MethodDeclaration]","Name":"0M:[p:void] [ACAT.Lib.Extension.AppAgents.ACATApp.ACATAgentBase, Extension].OnContextMenuRequest([?] monitorInfo)","IsEntryPoint":true,"Body":[]},{"$type":"[SST:Declarations.MethodDeclaration]","Name":"0M:[p:void] [ACAT.Lib.Extension.AppAgents.ACATApp.ACATAgentBase, Extension].OnFocusChanged([?] monitorInfo, ref [p:bool] handled)","IsEntryPoint":true,"Body":[{"$type":"[SST:Statements.ExpressionStatement]","Expression":{"$type":"[SST:Expressions.Assignable.InvocationExpression]","Reference":{"$type":"[SST:References.VariableReference]","Identifier":""},"MethodName":"0M:[?] [?].???()","Parameters":[]}},{"$type":"[SST:Statements.Assignment]","Reference":{"$type":"[SST:References.VariableReference]","Identifier":"handled"},"Expression":{"$type":"[SST:Expressions.Simple.ConstantValueExpression]","Value":"true"}}]}],"Events":[],"Delegates":[]}}