{"$type":"KaVE.Commons.Model.Events.CompletionEvents.Context, KaVE.Commons","TypeShape":{"$type":"KaVE.Commons.Model.TypeShapes.TypeShape, KaVE.Commons","TypeHierarchy":{"$type":"KaVE.Commons.Model.TypeShapes.TypeHierarchy, KaVE.Commons","Element":"0T:ACAT.Lib.Extension.AppAgents.DialogControlAgent.DialogControlAgentBase, Extension","Implements":[{"$type":"KaVE.Commons.Model.TypeShapes.TypeHierarchy, KaVE.Commons","Element":"0T:?","Implements":[]}]},"NestedTypes":[],"Delegates":[],"EventHierarchies":[],"Fields":["0F:[p:bool] [ACAT.Lib.Extension.AppAgents.DialogControlAgent.DialogControlAgentBase, Extension].autoSwitchScanners","0F:[s:System.IntPtr, mscorlib, 4.0.0.0] [ACAT.Lib.Extension.AppAgents.DialogControlAgent.DialogControlAgentBase, Extension]._prevHwnd"],"MethodHierarchies":[{"$type":"KaVE.Commons.Model.TypeShapes.MethodHierarchy, KaVE.Commons","Element":"0M:[p:void] [ACAT.Lib.Extension.AppAgents.DialogControlAgent.DialogControlAgentBase, Extension].OnContextMenuRequest([?] monitorInfo)"},{"$type":"KaVE.Commons.Model.TypeShapes.MethodHierarchy, KaVE.Commons","Element":"0M:[p:void] [ACAT.Lib.Extension.AppAgents.DialogControlAgent.DialogControlAgentBase, Extension].OnFocusChanged([?] monitorInfo, ref [p:bool] handled)"},{"$type":"KaVE.Commons.Model.TypeShapes.MethodHierarchy, KaVE.Commons","Element":"0M:[p:void] [ACAT.Lib.Extension.AppAgents.DialogControlAgent.DialogControlAgentBase, Extension].OnFocusLost()"}],"PropertyHierarchies":[{"$type":"KaVE.Commons.Model.TypeShapes.PropertyHierarchy, KaVE.Commons","Element":"0P:get [i:System.Collections.Generic.IEnumerable`1[[T -> ?]], mscorlib, 4.0.0.0] [ACAT.Lib.Extension.AppAgents.DialogControlAgent.DialogControlAgentBase, Extension].ProcessesSupported()"}]},"SST":{"$type":"[SST:SST]","EnclosingType":"0T:ACAT.Lib.Extension.AppAgents.DialogControlAgent.DialogControlAgentBase, Extension","Fields":[{"$type":"[SST:Declarations.FieldDeclaration]","Name":"0F:[p:bool] [ACAT.Lib.Extension.AppAgents.DialogControlAgent.DialogControlAgentBase, Extension].autoSwitchScanners"},{"$type":"[SST:Declarations.FieldDeclaration]","Name":"0F:[s:System.IntPtr, mscorlib, 4.0.0.0] [ACAT.Lib.Extension.AppAgents.DialogControlAgent.DialogControlAgentBase, Extension]._prevHwnd"}],"Properties":[{"$type":"[SST:Declarations.PropertyDeclaration]","Name":"0P:get [i:System.Collections.Generic.IEnumerable`1[[T -> ?]], mscorlib, 4.0.0.0] [ACAT.Lib.Extension.AppAgents.DialogControlAgent.DialogControlAgentBase, Extension].ProcessesSupported()","Get":[{"$type":"[SST:Statements.ReturnStatement]","Expression":{"$type":"[SST:Expressions.Simple.UnknownExpression]"},"IsVoid":false}],"Set":[]}],"Methods":[{"$type":"[SST:Declarations.MethodDeclaration]","Name":"0M:[p:void] [ACAT.Lib.Extension.AppAgents.DialogControlAgent.DialogControlAgentBase, Extension]..init()","IsEntryPoint":false,"Body":[{"$type":"[SST:Statements.Assignment]","Reference":{"$type":"[SST:References.FieldReference]","Reference":{"$type":"[SST:References.VariableReference]","Identifier":"this"},"FieldName":"0F:[p:bool] [ACAT.Lib.Extension.AppAgents.DialogControlAgent.DialogControlAgentBase, Extension].autoSwitchScanners"},"Expression":{"$type":"[SST:Expressions.Simple.ConstantValueExpression]","Value":"true"}},{"$type":"[SST:Statements.Assignment]","Reference":{"$type":"[SST:References.FieldReference]","Reference":{"$type":"[SST:References.VariableReference]","Identifier":"this"},"FieldName":"0F:[s:System.IntPtr, mscorlib, 4.0.0.0] [ACAT.Lib.Extension.AppAgents.DialogControlAgent.DialogControlAgentBase, Extension]._prevHwnd"},"Expression":{"$type":"[SST:Expressions.Simple.ReferenceExpression]","Reference":{"$type":"[SST:References.FieldReference]","Reference":{"$type":"[SST:References.VariableReference]","Identifier":""},"FieldName":"0F:static [s:System.IntPtr, mscorlib, 4.0.0.0] [s:System.IntPtr, mscorlib, 4.0.0.0].Zero"}}}]},{"$type":"[SST:Declarations.MethodDeclaration]","Name":"0M:[p:void] [ACAT.Lib.Extension.AppAgents.DialogControlAgent.DialogControlAgentBase, Extension].OnContextMenuRequest([?] monitorInfo)","IsEntryPoint":true,"Body":[{"$type":"[SST:Statements.VariableDeclaration]","Reference":{"$type":"[SST:References.VariableReference]","Identifier":"$0"},"Type":"0T:?"},{"$type":"[SST:Statements.Assignment]","Reference":{"$type":"[SST:References.VariableReference]","Identifier":"$0"},"Expression":{"$type":"[SST:Expressions.Assignable.InvocationExpression]","Reference":{"$type":"[SST:References.VariableReference]","Identifier":""},"MethodName":"0M:[?] [?].???()","Parameters":[]}},{"$type":"[SST:Statements.ExpressionStatement]","Expression":{"$type":"[SST:Expressions.Assignable.InvocationExpression]","Reference":{"$type":"[SST:References.VariableReference]","Identifier":""},"MethodName":"0M:[?] [?].???()","Parameters":[{"$type":"[SST:Expressions.Simple.ReferenceExpression]","Reference":{"$type":"[SST:References.VariableReference]","Identifier":"this"}},{"$type":"[SST:Expressions.Simple.ReferenceExpression]","Reference":{"$type":"[SST:References.VariableReference]","Identifier":"$0"}}]}}]},{"$type":"[SST:Declarations.MethodDeclaration]","Name":"0M:[p:void] [ACAT.Lib.Extension.AppAgents.DialogControlAgent.DialogControlAgentBase, Extension].OnFocusChanged([?] monitorInfo, ref [p:bool] handled)","IsEntryPoint":true,"Body":[{"$type":"[SST:Statements.ExpressionStatement]","Expression":{"$type":"[SST:Expressions.Assignable.InvocationExpression]","Reference":{"$type":"[SST:References.VariableReference]","Identifier":""},"MethodName":"0M:[?] [?].???()","Parameters":[]}},{"$type":"[SST:Statements.VariableDeclaration]","Reference":{"$type":"[SST:References.VariableReference]","Identifier":"$0"},"Type":"0T:p:string"},{"$type":"[SST:Statements.Assignment]","Reference":{"$type":"[SST:References.VariableReference]","Identifier":"$0"},"Expression":{"$type":"[SST:Expressions.Assignable.BinaryExpression]","LeftOperand":{"$type":"[SST:Expressions.Simple.ConstantValueExpression]"},"Operator":9,"RightOperand":{"$type":"[SST:Expressions.Simple.ReferenceExpression]","Reference":{"$type":"[SST:References.FieldReference]","Reference":{"$type":"[SST:References.VariableReference]","Identifier":"this"},"FieldName":"0F:[s:System.IntPtr, mscorlib, 4.0.0.0] [ACAT.Lib.Extension.AppAgents.DialogControlAgent.DialogControlAgentBase, Extension]._prevHwnd"}}}},{"$type":"[SST:Statements.VariableDeclaration]","Reference":{"$type":"[SST:References.VariableReference]","Identifier":"$1"},"Type":"0T:p:string"},{"$type":"[SST:Statements.Assignment]","Reference":{"$type":"[SST:References.VariableReference]","Identifier":"$1"},"Expression":{"$type":"[SST:Expressions.Assignable.BinaryExpression]","LeftOperand":{"$type":"[SST:Expressions.Simple.ReferenceExpression]","Reference":{"$type":"[SST:References.VariableReference]","Identifier":"$0"}},"Operator":9,"RightOperand":{"$type":"[SST:Expressions.Simple.ConstantValueExpression]"}}},{"$type":"[SST:Statements.VariableDeclaration]","Reference":{"$type":"[SST:References.VariableReference]","Identifier":"$2"},"Type":"0T:p:string"},{"$type":"[SST:Statements.Assignment]","Reference":{"$type":"[SST:References.VariableReference]","Identifier":"$2"},"Expression":{"$type":"[SST:Expressions.Assignable.BinaryExpression]","LeftOperand":{"$type":"[SST:Expressions.Simple.ReferenceExpression]","Reference":{"$type":"[SST:References.VariableReference]","Identifier":"$1"}},"Operator":9,"RightOperand":{"$type":"[SST:Expressions.Simple.ReferenceExpression]","Reference":{"$type":"[SST:References.UnknownReference]"}}}},{"$type":"[SST:Statements.ExpressionStatement]","Expression":{"$type":"[SST:Expressions.Assignable.InvocationExpression]","Reference":{"$type":"[SST:References.VariableReference]","Identifier":""},"MethodName":"0M:[?] [?].???()","Parameters":[{"$type":"[SST:Expressions.Simple.ReferenceExpression]","Reference":{"$type":"[SST:References.VariableReference]","Identifier":"$2"}}]}},{"$type":"[SST:Statements.VariableDeclaration]","Reference":{"$type":"[SST:References.VariableReference]","Identifier":"$3"},"Type":"0T:p:bool"},{"$type":"[SST:Statements.Assignment]","Reference":{"$type":"[SST:References.VariableReference]","Identifier":"$3"},"Expression":{"$type":"[SST:Expressions.Assignable.BinaryExpression]","LeftOperand":{"$type":"[SST:Expressions.Simple.ReferenceExpression]","Reference":{"$type":"[SST:References.FieldReference]","Reference":{"$type":"[SST:References.VariableReference]","Identifier":"this"},"FieldName":"0F:[s:System.IntPtr, mscorlib, 4.0.0.0] [ACAT.Lib.Extension.AppAgents.DialogControlAgent.DialogControlAgentBase, Extension]._prevHwnd"}},"Operator":6,"RightOperand":{"$type":"[SST:Expressions.Simple.ReferenceExpression]","Reference":{"$type":"[SST:References.UnknownReference]"}}}},{"$type":"[SST:Statements.VariableDeclaration]","Reference":{"$type":"[SST:References.VariableReference]","Identifier":"$4"},"Type":"0T:p:bool"},{"$type":"[SST:Statements.Assignment]","Reference":{"$type":"[SST:References.VariableReference]","Identifier":"$4"},"Expression":{"$type":"[SST:Expressions.Assignable.BinaryExpression]","LeftOperand":{"$type":"[SST:Expressions.Simple.ReferenceExpression]","Reference":{"$type":"[SST:References.FieldReference]","Reference":{"$type":"[SST:References.VariableReference]","Identifier":"this"},"FieldName":"0F:[p:bool] [ACAT.Lib.Extension.AppAgents.DialogControlAgent.DialogControlAgentBase, Extension].autoSwitchScanners"}},"Operator":7,"RightOperand":{"$type":"[SST:Expressions.Simple.ReferenceExpression]","Reference":{"$type":"[SST:References.VariableReference]","Identifier":"$3"}}}},{"$type":"[SST:Blocks.IfElseBlock]","Condition":{"$type":"[SST:Expressions.Simple.ReferenceExpression]","Reference":{"$type":"[SST:References.VariableReference]","Identifier":"$4"}},"Then":[{"$type":"[SST:Statements.ExpressionStatement]","Expression":{"$type":"[SST:Expressions.Assignable.InvocationExpression]","Reference":{"$type":"[SST:References.VariableReference]","Identifier":""},"MethodName":"0M:[?] [?].???()","Parameters":[{"$type":"[SST:Expressions.Simple.ConstantValueExpression]"}]}},{"$type":"[SST:Statements.ExpressionStatement]","Expression":{"$type":"[SST:Expressions.Assignable.InvocationExpression]","Reference":{"$type":"[SST:References.VariableReference]","Identifier":""},"MethodName":"0M:[?] [?].???()","Parameters":[{"$type":"[SST:Expressions.Simple.ReferenceExpression]","Reference":{"$type":"[SST:References.VariableReference]","Identifier":"monitorInfo"}},{"$type":"[SST:Expressions.Simple.ReferenceExpression]","Reference":{"$type":"[SST:References.VariableReference]","Identifier":"handled"}}]}},{"$type":"[SST:Statements.VariableDeclaration]","Reference":{"$type":"[SST:References.VariableReference]","Identifier":"$5"},"Type":"0T:?"},{"$type":"[SST:Statements.Assignment]","Reference":{"$type":"[SST:References.VariableReference]","Identifier":"$5"},"Expression":{"$type":"[SST:Expressions.Assignable.InvocationExpression]","Reference":{"$type":"[SST:References.VariableReference]","Identifier":""},"MethodName":"0M:[?] [?].???()","Parameters":[]}},{"$type":"[SST:Statements.ExpressionStatement]","Expression":{"$type":"[SST:Expressions.Assignable.InvocationExpression]","Reference":{"$type":"[SST:References.VariableReference]","Identifier":""},"MethodName":"0M:[?] [?].???()","Parameters":[{"$type":"[SST:Expressions.Simple.ReferenceExpression]","Reference":{"$type":"[SST:References.VariableReference]","Identifier":"this"}},{"$type":"[SST:Expressions.Simple.ReferenceExpression]","Reference":{"$type":"[SST:References.VariableReference]","Identifier":"$5"}}]}},{"$type":"[SST:Statements.Assignment]","Reference":{"$type":"[SST:References.FieldReference]","Reference":{"$type":"[SST:References.VariableReference]","Identifier":"this"},"FieldName":"0F:[s:System.IntPtr, mscorlib, 4.0.0.0] [ACAT.Lib.Extension.AppAgents.DialogControlAgent.DialogControlAgentBase, Extension]._prevHwnd"},"Expression":{"$type":"[SST:Expressions.Simple.ReferenceExpression]","Reference":{"$type":"[SST:References.UnknownReference]"}}}],"Else":[]},{"$type":"[SST:Statements.Assignment]","Reference":{"$type":"[SST:References.VariableReference]","Identifier":"handled"},"Expression":{"$type":"[SST:Expressions.Simple.ConstantValueExpression]","Value":"true"}}]},{"$type":"[SST:Declarations.MethodDeclaration]","Name":"0M:[p:void] [ACAT.Lib.Extension.AppAgents.DialogControlAgent.DialogControlAgentBase, Extension].OnFocusLost()","IsEntryPoint":true,"Body":[{"$type":"[SST:Statements.Assignment]","Reference":{"$type":"[SST:References.FieldReference]","Reference":{"$type":"[SST:References.VariableReference]","Identifier":"this"},"FieldName":"0F:[s:System.IntPtr, mscorlib, 4.0.0.0] [ACAT.Lib.Extension.AppAgents.DialogControlAgent.DialogControlAgentBase, Extension]._prevHwnd"},"Expression":{"$type":"[SST:Expressions.Simple.ReferenceExpression]","Reference":{"$type":"[SST:References.FieldReference]","Reference":{"$type":"[SST:References.VariableReference]","Identifier":""},"FieldName":"0F:static [s:System.IntPtr, mscorlib, 4.0.0.0] [s:System.IntPtr, mscorlib, 4.0.0.0].Zero"}}}]}],"Events":[],"Delegates":[]}}