{"$type":"KaVE.Commons.Model.Events.CompletionEvents.Context, KaVE.Commons","TypeShape":{"$type":"KaVE.Commons.Model.TypeShapes.TypeShape, KaVE.Commons","TypeHierarchy":{"$type":"KaVE.Commons.Model.TypeShapes.TypeHierarchy, KaVE.Commons","Element":"0T:s:ACAT.Lib.Core.ActuatorManagement.DllImports+GUID, Core","Implements":[]},"NestedTypes":[],"Delegates":[],"EventHierarchies":[],"Fields":["0F:[p:int] [s:ACAT.Lib.Core.ActuatorManagement.DllImports+GUID, Core].Data1","0F:[p:ushort] [s:ACAT.Lib.Core.ActuatorManagement.DllImports+GUID, Core].Data2","0F:[p:ushort] [s:ACAT.Lib.Core.ActuatorManagement.DllImports+GUID, Core].Data3","0F:[p:byte[]] [s:ACAT.Lib.Core.ActuatorManagement.DllImports+GUID, Core].data4"],"MethodHierarchies":[],"PropertyHierarchies":[]},"SST":{"$type":"[SST:SST]","EnclosingType":"0T:s:ACAT.Lib.Core.ActuatorManagement.DllImports+GUID, Core","Fields":[{"$type":"[SST:Declarations.FieldDeclaration]","Name":"0F:[p:int] [s:ACAT.Lib.Core.ActuatorManagement.DllImports+GUID, Core].Data1"},{"$type":"[SST:Declarations.FieldDeclaration]","Name":"0F:[p:ushort] [s:ACAT.Lib.Core.ActuatorManagement.DllImports+GUID, Core].Data2"},{"$type":"[SST:Declarations.FieldDeclaration]","Name":"0F:[p:ushort] [s:ACAT.Lib.Core.ActuatorManagement.DllImports+GUID, Core].Data3"},{"$type":"[SST:Declarations.FieldDeclaration]","Name":"0F:[p:byte[]] [s:ACAT.Lib.Core.ActuatorManagement.DllImports+GUID, Core].data4"}],"Properties":[],"Methods":[],"Events":[],"Delegates":[]}}