{"$type":"KaVE.Commons.Model.Events.CompletionEvents.Context, KaVE.Commons","TypeShape":{"$type":"KaVE.Commons.Model.TypeShapes.TypeShape, KaVE.Commons","TypeHierarchy":{"$type":"KaVE.Commons.Model.TypeShapes.TypeHierarchy, KaVE.Commons","Element":"0T:e:ACAT.Lib.Extension.AppAgents.InternetExplorer.InternetExplorerAgentBase+ScannerType, Extension","Implements":[]},"NestedTypes":[],"Delegates":[],"EventHierarchies":[],"Fields":["0F:[e:ACAT.Lib.Extension.AppAgents.InternetExplorer.InternetExplorerAgentBase+ScannerType, Extension] [e:ACAT.Lib.Extension.AppAgents.InternetExplorer.InternetExplorerAgentBase+ScannerType, Extension].None","0F:[e:ACAT.Lib.Extension.AppAgents.InternetExplorer.InternetExplorerAgentBase+ScannerType, Extension] [e:ACAT.Lib.Extension.AppAgents.InternetExplorer.InternetExplorerAgentBase+ScannerType, Extension].Favorites","0F:[e:ACAT.Lib.Extension.AppAgents.InternetExplorer.InternetExplorerAgentBase+ScannerType, Extension] [e:ACAT.Lib.Extension.AppAgents.InternetExplorer.InternetExplorerAgentBase+ScannerType, Extension].Address","0F:[e:ACAT.Lib.Extension.AppAgents.InternetExplorer.InternetExplorerAgentBase+ScannerType, Extension] [e:ACAT.Lib.Extension.AppAgents.InternetExplorer.InternetExplorerAgentBase+ScannerType, Extension].Other"],"MethodHierarchies":[],"PropertyHierarchies":[]},"SST":{"$type":"[SST:SST]","EnclosingType":"0T:e:ACAT.Lib.Extension.AppAgents.InternetExplorer.InternetExplorerAgentBase+ScannerType, Extension","Fields":[{"$type":"[SST:Declarations.FieldDeclaration]","Name":"0F:[e:ACAT.Lib.Extension.AppAgents.InternetExplorer.InternetExplorerAgentBase+ScannerType, Extension] [e:ACAT.Lib.Extension.AppAgents.InternetExplorer.InternetExplorerAgentBase+ScannerType, Extension].None"},{"$type":"[SST:Declarations.FieldDeclaration]","Name":"0F:[e:ACAT.Lib.Extension.AppAgents.InternetExplorer.InternetExplorerAgentBase+ScannerType, Extension] [e:ACAT.Lib.Extension.AppAgents.InternetExplorer.InternetExplorerAgentBase+ScannerType, Extension].Favorites"},{"$type":"[SST:Declarations.FieldDeclaration]","Name":"0F:[e:ACAT.Lib.Extension.AppAgents.InternetExplorer.InternetExplorerAgentBase+ScannerType, Extension] [e:ACAT.Lib.Extension.AppAgents.InternetExplorer.InternetExplorerAgentBase+ScannerType, Extension].Address"},{"$type":"[SST:Declarations.FieldDeclaration]","Name":"0F:[e:ACAT.Lib.Extension.AppAgents.InternetExplorer.InternetExplorerAgentBase+ScannerType, Extension] [e:ACAT.Lib.Extension.AppAgents.InternetExplorer.InternetExplorerAgentBase+ScannerType, Extension].Other"}],"Properties":[],"Methods":[],"Events":[],"Delegates":[]}}