{"$type":"KaVE.Commons.Model.Events.CompletionEvents.Context, KaVE.Commons","TypeShape":{"$type":"KaVE.Commons.Model.TypeShapes.TypeShape, KaVE.Commons","TypeHierarchy":{"$type":"KaVE.Commons.Model.TypeShapes.TypeHierarchy, KaVE.Commons","Element":"0T:ACAT.Lib.Extension.CommandHandlers.ShowSettingsMenuHandler, Extension","Implements":[{"$type":"KaVE.Commons.Model.TypeShapes.TypeHierarchy, KaVE.Commons","Element":"0T:?","Implements":[]}]},"NestedTypes":[],"Delegates":[],"EventHierarchies":[],"Fields":[],"MethodHierarchies":[{"$type":"KaVE.Commons.Model.TypeShapes.MethodHierarchy, KaVE.Commons","Element":"0M:[p:void] [ACAT.Lib.Extension.CommandHandlers.ShowSettingsMenuHandler, Extension]..ctor([p:string] cmd)"},{"$type":"KaVE.Commons.Model.TypeShapes.MethodHierarchy, KaVE.Commons","Element":"0M:[p:bool] [ACAT.Lib.Extension.CommandHandlers.ShowSettingsMenuHandler, Extension].Execute(ref [p:bool] handled)"}],"PropertyHierarchies":[]},"SST":{"$type":"[SST:SST]","EnclosingType":"0T:ACAT.Lib.Extension.CommandHandlers.ShowSettingsMenuHandler, Extension","Fields":[],"Properties":[],"Methods":[{"$type":"[SST:Declarations.MethodDeclaration]","Name":"0M:[p:void] [ACAT.Lib.Extension.CommandHandlers.ShowSettingsMenuHandler, Extension]..ctor([p:string] cmd)","IsEntryPoint":true,"Body":[{"$type":"[SST:Statements.ExpressionStatement]","Expression":{"$type":"[SST:Expressions.Assignable.InvocationExpression]","Reference":{"$type":"[SST:References.VariableReference]","Identifier":"base"},"MethodName":"0M:[p:void] [p:object]..ctor()","Parameters":[{"$type":"[SST:Expressions.Simple.ReferenceExpression]","Reference":{"$type":"[SST:References.VariableReference]","Identifier":"cmd"}}]}}]},{"$type":"[SST:Declarations.MethodDeclaration]","Name":"0M:[p:bool] [ACAT.Lib.Extension.CommandHandlers.ShowSettingsMenuHandler, Extension].Execute(ref [p:bool] handled)","IsEntryPoint":true,"Body":[{"$type":"[SST:Statements.Assignment]","Reference":{"$type":"[SST:References.VariableReference]","Identifier":"handled"},"Expression":{"$type":"[SST:Expressions.Simple.ConstantValueExpression]","Value":"true"}},{"$type":"[SST:Statements.VariableDeclaration]","Reference":{"$type":"[SST:References.VariableReference]","Identifier":"settingsMenuForm"},"Type":"0T:System.Windows.Forms.Form, System.Windows.Forms, 4.0.0.0"},{"$type":"[SST:Statements.Assignment]","Reference":{"$type":"[SST:References.VariableReference]","Identifier":"settingsMenuForm"},"Expression":{"$type":"[SST:Expressions.Assignable.InvocationExpression]","Reference":{"$type":"[SST:References.VariableReference]","Identifier":""},"MethodName":"0M:[?] [?].???()","Parameters":[{"$type":"[SST:Expressions.Simple.ConstantValueExpression]"}]}},{"$type":"[SST:Statements.VariableDeclaration]","Reference":{"$type":"[SST:References.VariableReference]","Identifier":"$0"},"Type":"0T:p:bool"},{"$type":"[SST:Statements.Assignment]","Reference":{"$type":"[SST:References.VariableReference]","Identifier":"$0"},"Expression":{"$type":"[SST:Expressions.Assignable.BinaryExpression]","LeftOperand":{"$type":"[SST:Expressions.Simple.ReferenceExpression]","Reference":{"$type":"[SST:References.VariableReference]","Identifier":"settingsMenuForm"}},"Operator":6,"RightOperand":{"$type":"[SST:Expressions.Simple.ConstantValueExpression]","Value":"null"}}},{"$type":"[SST:Blocks.IfElseBlock]","Condition":{"$type":"[SST:Expressions.Simple.ReferenceExpression]","Reference":{"$type":"[SST:References.VariableReference]","Identifier":"$0"}},"Then":[{"$type":"[SST:Statements.VariableDeclaration]","Reference":{"$type":"[SST:References.VariableReference]","Identifier":"$1"},"Type":"0T:?"},{"$type":"[SST:Statements.Assignment]","Reference":{"$type":"[SST:References.VariableReference]","Identifier":"$1"},"Expression":{"$type":"[SST:Expressions.Assignable.CastExpression]","TargetType":"0T:?","Operator":0,"Reference":{"$type":"[SST:References.VariableReference]","Identifier":"settingsMenuForm"}}},{"$type":"[SST:Statements.ExpressionStatement]","Expression":{"$type":"[SST:Expressions.Assignable.InvocationExpression]","Reference":{"$type":"[SST:References.VariableReference]","Identifier":""},"MethodName":"0M:[?] [?].???()","Parameters":[{"$type":"[SST:Expressions.Simple.ReferenceExpression]","Reference":{"$type":"[SST:References.VariableReference]","Identifier":"$1"}}]}}],"Else":[]},{"$type":"[SST:Statements.ReturnStatement]","Expression":{"$type":"[SST:Expressions.Simple.ConstantValueExpression]","Value":"true"},"IsVoid":false}]}],"Events":[],"Delegates":[]}}