{"$type":"KaVE.Commons.Model.Events.CompletionEvents.Context, KaVE.Commons","TypeShape":{"$type":"KaVE.Commons.Model.TypeShapes.TypeShape, KaVE.Commons","TypeHierarchy":{"$type":"KaVE.Commons.Model.TypeShapes.TypeHierarchy, KaVE.Commons","Element":"0T:s:ACAT.Lib.Core.ActuatorManagement.DllImports+PSP_DEVICE_INTERFACE_DETAIL_DATA, Core","Implements":[]},"NestedTypes":[],"Delegates":[],"EventHierarchies":[],"Fields":["0F:[p:int] [s:ACAT.Lib.Core.ActuatorManagement.DllImports+PSP_DEVICE_INTERFACE_DETAIL_DATA, Core].cbSize","0F:[p:string] [s:ACAT.Lib.Core.ActuatorManagement.DllImports+PSP_DEVICE_INTERFACE_DETAIL_DATA, Core].DevicePath"],"MethodHierarchies":[],"PropertyHierarchies":[]},"SST":{"$type":"[SST:SST]","EnclosingType":"0T:s:ACAT.Lib.Core.ActuatorManagement.DllImports+PSP_DEVICE_INTERFACE_DETAIL_DATA, Core","Fields":[{"$type":"[SST:Declarations.FieldDeclaration]","Name":"0F:[p:int] [s:ACAT.Lib.Core.ActuatorManagement.DllImports+PSP_DEVICE_INTERFACE_DETAIL_DATA, Core].cbSize"},{"$type":"[SST:Declarations.FieldDeclaration]","Name":"0F:[p:string] [s:ACAT.Lib.Core.ActuatorManagement.DllImports+PSP_DEVICE_INTERFACE_DETAIL_DATA, Core].DevicePath"}],"Properties":[],"Methods":[],"Events":[],"Delegates":[]}}