{"$type":"KaVE.Commons.Model.Events.CompletionEvents.Context, KaVE.Commons","TypeShape":{"$type":"KaVE.Commons.Model.TypeShapes.TypeShape, KaVE.Commons","TypeHierarchy":{"$type":"KaVE.Commons.Model.TypeShapes.TypeHierarchy, KaVE.Commons","Element":"0T:s:ACAT.Lib.Core.ActuatorManagement.DllImports+SP_DEVICE_INTERFACE_DATA, Core","Implements":[]},"NestedTypes":[],"Delegates":[],"EventHierarchies":[],"Fields":["0F:[p:int] [s:ACAT.Lib.Core.ActuatorManagement.DllImports+SP_DEVICE_INTERFACE_DATA, Core].cbSize","0F:[s:ACAT.Lib.Core.ActuatorManagement.DllImports+GUID, Core] [s:ACAT.Lib.Core.ActuatorManagement.DllImports+SP_DEVICE_INTERFACE_DATA, Core].InterfaceClassGuid","0F:[p:int] [s:ACAT.Lib.Core.ActuatorManagement.DllImports+SP_DEVICE_INTERFACE_DATA, Core].Flags","0F:[p:int] [s:ACAT.Lib.Core.ActuatorManagement.DllImports+SP_DEVICE_INTERFACE_DATA, Core].Reserved"],"MethodHierarchies":[],"PropertyHierarchies":[]},"SST":{"$type":"[SST:SST]","EnclosingType":"0T:s:ACAT.Lib.Core.ActuatorManagement.DllImports+SP_DEVICE_INTERFACE_DATA, Core","Fields":[{"$type":"[SST:Declarations.FieldDeclaration]","Name":"0F:[p:int] [s:ACAT.Lib.Core.ActuatorManagement.DllImports+SP_DEVICE_INTERFACE_DATA, Core].cbSize"},{"$type":"[SST:Declarations.FieldDeclaration]","Name":"0F:[s:ACAT.Lib.Core.ActuatorManagement.DllImports+GUID, Core] [s:ACAT.Lib.Core.ActuatorManagement.DllImports+SP_DEVICE_INTERFACE_DATA, Core].InterfaceClassGuid"},{"$type":"[SST:Declarations.FieldDeclaration]","Name":"0F:[p:int] [s:ACAT.Lib.Core.ActuatorManagement.DllImports+SP_DEVICE_INTERFACE_DATA, Core].Flags"},{"$type":"[SST:Declarations.FieldDeclaration]","Name":"0F:[p:int] [s:ACAT.Lib.Core.ActuatorManagement.DllImports+SP_DEVICE_INTERFACE_DATA, Core].Reserved"}],"Properties":[],"Methods":[],"Events":[],"Delegates":[]}}