{"$type":"KaVE.Commons.Model.Events.CompletionEvents.Context, KaVE.Commons","TypeShape":{"$type":"KaVE.Commons.Model.TypeShapes.TypeShape, KaVE.Commons","TypeHierarchy":{"$type":"KaVE.Commons.Model.TypeShapes.TypeHierarchy, KaVE.Commons","Element":"0T:ACAT.Lib.Extension.CommandHandlers.NavigationHandler, Extension","Implements":[{"$type":"KaVE.Commons.Model.TypeShapes.TypeHierarchy, KaVE.Commons","Element":"0T:?","Implements":[]}]},"NestedTypes":[],"Delegates":[],"EventHierarchies":[],"Fields":[],"MethodHierarchies":[{"$type":"KaVE.Commons.Model.TypeShapes.MethodHierarchy, KaVE.Commons","Element":"0M:[p:void] [ACAT.Lib.Extension.CommandHandlers.NavigationHandler, Extension]..ctor([p:string] cmd)"},{"$type":"KaVE.Commons.Model.TypeShapes.MethodHierarchy, KaVE.Commons","Element":"0M:[p:bool] [ACAT.Lib.Extension.CommandHandlers.NavigationHandler, Extension].Execute(ref [p:bool] handled)"},{"$type":"KaVE.Commons.Model.TypeShapes.MethodHierarchy, KaVE.Commons","Element":"0M:[p:void] [ACAT.Lib.Extension.CommandHandlers.NavigationHandler, Extension].turnOnSelectModeIfStickyShiftEnabled()"}],"PropertyHierarchies":[]},"SST":{"$type":"[SST:SST]","EnclosingType":"0T:ACAT.Lib.Extension.CommandHandlers.NavigationHandler, Extension","Fields":[],"Properties":[],"Methods":[{"$type":"[SST:Declarations.MethodDeclaration]","Name":"0M:[p:void] [ACAT.Lib.Extension.CommandHandlers.NavigationHandler, Extension]..ctor([p:string] cmd)","IsEntryPoint":true,"Body":[{"$type":"[SST:Statements.ExpressionStatement]","Expression":{"$type":"[SST:Expressions.Assignable.InvocationExpression]","Reference":{"$type":"[SST:References.VariableReference]","Identifier":"base"},"MethodName":"0M:[p:void] [p:object]..ctor()","Parameters":[{"$type":"[SST:Expressions.Simple.ReferenceExpression]","Reference":{"$type":"[SST:References.VariableReference]","Identifier":"cmd"}}]}}]},{"$type":"[SST:Declarations.MethodDeclaration]","Name":"0M:[p:bool] [ACAT.Lib.Extension.CommandHandlers.NavigationHandler, Extension].Execute(ref [p:bool] handled)","IsEntryPoint":true,"Body":[{"$type":"[SST:Statements.VariableDeclaration]","Reference":{"$type":"[SST:References.VariableReference]","Identifier":"retVal"},"Type":"0T:p:bool"},{"$type":"[SST:Statements.Assignment]","Reference":{"$type":"[SST:References.VariableReference]","Identifier":"retVal"},"Expression":{"$type":"[SST:Expressions.Simple.ConstantValueExpression]","Value":"true"}},{"$type":"[SST:Statements.Assignment]","Reference":{"$type":"[SST:References.VariableReference]","Identifier":"handled"},"Expression":{"$type":"[SST:Expressions.Simple.ConstantValueExpression]","Value":"true"}},{"$type":"[SST:Blocks.TryBlock]","Body":[{"$type":"[SST:Statements.VariableDeclaration]","Reference":{"$type":"[SST:References.VariableReference]","Identifier":"context"},"Type":"0T:?"},{"$type":"[SST:Statements.Assignment]","Reference":{"$type":"[SST:References.VariableReference]","Identifier":"context"},"Expression":{"$type":"[SST:Expressions.Assignable.InvocationExpression]","Reference":{"$type":"[SST:References.VariableReference]","Identifier":""},"MethodName":"0M:[?] [?].???()","Parameters":[]}},{"$type":"[SST:Blocks.UsingBlock]","Reference":{"$type":"[SST:References.VariableReference]","Identifier":"context"},"Body":[{"$type":"[SST:Blocks.SwitchBlock]","Reference":{"$type":"[SST:References.VariableReference]","Identifier":""},"Sections":[{"$type":"[SST:Blocks.CaseBlock]","Label":{"$type":"[SST:Expressions.Simple.ConstantValueExpression]"},"Body":[{"$type":"[SST:Statements.ExpressionStatement]","Expression":{"$type":"[SST:Expressions.Assignable.InvocationExpression]","Reference":{"$type":"[SST:References.VariableReference]","Identifier":"this"},"MethodName":"0M:[p:void] [ACAT.Lib.Extension.CommandHandlers.NavigationHandler, Extension].turnOnSelectModeIfStickyShiftEnabled()","Parameters":[]}},{"$type":"[SST:Statements.ExpressionStatement]","Expression":{"$type":"[SST:Expressions.Assignable.InvocationExpression]","Reference":{"$type":"[SST:References.VariableReference]","Identifier":""},"MethodName":"0M:[?] [?].???()","Parameters":[{"$type":"[SST:Expressions.Simple.ReferenceExpression]","Reference":{"$type":"[SST:References.UnknownReference]"}}]}},{"$type":"[SST:Statements.BreakStatement]"}]},{"$type":"[SST:Blocks.CaseBlock]","Label":{"$type":"[SST:Expressions.Simple.ConstantValueExpression]"},"Body":[{"$type":"[SST:Statements.ExpressionStatement]","Expression":{"$type":"[SST:Expressions.Assignable.InvocationExpression]","Reference":{"$type":"[SST:References.VariableReference]","Identifier":"this"},"MethodName":"0M:[p:void] [ACAT.Lib.Extension.CommandHandlers.NavigationHandler, Extension].turnOnSelectModeIfStickyShiftEnabled()","Parameters":[]}},{"$type":"[SST:Statements.ExpressionStatement]","Expression":{"$type":"[SST:Expressions.Assignable.InvocationExpression]","Reference":{"$type":"[SST:References.VariableReference]","Identifier":""},"MethodName":"0M:[?] [?].???()","Parameters":[{"$type":"[SST:Expressions.Simple.ReferenceExpression]","Reference":{"$type":"[SST:References.UnknownReference]"}}]}},{"$type":"[SST:Statements.BreakStatement]"}]},{"$type":"[SST:Blocks.CaseBlock]","Label":{"$type":"[SST:Expressions.Simple.ConstantValueExpression]"},"Body":[{"$type":"[SST:Statements.ExpressionStatement]","Expression":{"$type":"[SST:Expressions.Assignable.InvocationExpression]","Reference":{"$type":"[SST:References.VariableReference]","Identifier":"this"},"MethodName":"0M:[p:void] [ACAT.Lib.Extension.CommandHandlers.NavigationHandler, Extension].turnOnSelectModeIfStickyShiftEnabled()","Parameters":[]}},{"$type":"[SST:Statements.ExpressionStatement]","Expression":{"$type":"[SST:Expressions.Assignable.InvocationExpression]","Reference":{"$type":"[SST:References.VariableReference]","Identifier":""},"MethodName":"0M:[?] [?].???()","Parameters":[{"$type":"[SST:Expressions.Simple.ReferenceExpression]","Reference":{"$type":"[SST:References.UnknownReference]"}}]}},{"$type":"[SST:Statements.BreakStatement]"}]},{"$type":"[SST:Blocks.CaseBlock]","Label":{"$type":"[SST:Expressions.Simple.ConstantValueExpression]"},"Body":[{"$type":"[SST:Statements.ExpressionStatement]","Expression":{"$type":"[SST:Expressions.Assignable.InvocationExpression]","Reference":{"$type":"[SST:References.VariableReference]","Identifier":"this"},"MethodName":"0M:[p:void] [ACAT.Lib.Extension.CommandHandlers.NavigationHandler, Extension].turnOnSelectModeIfStickyShiftEnabled()","Parameters":[]}},{"$type":"[SST:Statements.ExpressionStatement]","Expression":{"$type":"[SST:Expressions.Assignable.InvocationExpression]","Reference":{"$type":"[SST:References.VariableReference]","Identifier":""},"MethodName":"0M:[?] [?].???()","Parameters":[{"$type":"[SST:Expressions.Simple.ReferenceExpression]","Reference":{"$type":"[SST:References.UnknownReference]"}}]}},{"$type":"[SST:Statements.BreakStatement]"}]},{"$type":"[SST:Blocks.CaseBlock]","Label":{"$type":"[SST:Expressions.Simple.ConstantValueExpression]"},"Body":[{"$type":"[SST:Statements.ExpressionStatement]","Expression":{"$type":"[SST:Expressions.Assignable.InvocationExpression]","Reference":{"$type":"[SST:References.VariableReference]","Identifier":"this"},"MethodName":"0M:[p:void] [ACAT.Lib.Extension.CommandHandlers.NavigationHandler, Extension].turnOnSelectModeIfStickyShiftEnabled()","Parameters":[]}},{"$type":"[SST:Statements.ExpressionStatement]","Expression":{"$type":"[SST:Expressions.Assignable.InvocationExpression]","Reference":{"$type":"[SST:References.VariableReference]","Identifier":""},"MethodName":"0M:[?] [?].???()","Parameters":[{"$type":"[SST:Expressions.Simple.ReferenceExpression]","Reference":{"$type":"[SST:References.UnknownReference]"}}]}},{"$type":"[SST:Statements.BreakStatement]"}]},{"$type":"[SST:Blocks.CaseBlock]","Label":{"$type":"[SST:Expressions.Simple.ConstantValueExpression]"},"Body":[{"$type":"[SST:Statements.ExpressionStatement]","Expression":{"$type":"[SST:Expressions.Assignable.InvocationExpression]","Reference":{"$type":"[SST:References.VariableReference]","Identifier":"this"},"MethodName":"0M:[p:void] [ACAT.Lib.Extension.CommandHandlers.NavigationHandler, Extension].turnOnSelectModeIfStickyShiftEnabled()","Parameters":[]}},{"$type":"[SST:Statements.ExpressionStatement]","Expression":{"$type":"[SST:Expressions.Assignable.InvocationExpression]","Reference":{"$type":"[SST:References.VariableReference]","Identifier":""},"MethodName":"0M:[?] [?].???()","Parameters":[{"$type":"[SST:Expressions.Simple.ReferenceExpression]","Reference":{"$type":"[SST:References.UnknownReference]"}}]}},{"$type":"[SST:Statements.BreakStatement]"}]},{"$type":"[SST:Blocks.CaseBlock]","Label":{"$type":"[SST:Expressions.Simple.ConstantValueExpression]"},"Body":[{"$type":"[SST:Statements.ExpressionStatement]","Expression":{"$type":"[SST:Expressions.Assignable.InvocationExpression]","Reference":{"$type":"[SST:References.VariableReference]","Identifier":"this"},"MethodName":"0M:[p:void] [ACAT.Lib.Extension.CommandHandlers.NavigationHandler, Extension].turnOnSelectModeIfStickyShiftEnabled()","Parameters":[]}},{"$type":"[SST:Statements.ExpressionStatement]","Expression":{"$type":"[SST:Expressions.Assignable.InvocationExpression]","Reference":{"$type":"[SST:References.VariableReference]","Identifier":""},"MethodName":"0M:[?] [?].???()","Parameters":[{"$type":"[SST:Expressions.Simple.ReferenceExpression]","Reference":{"$type":"[SST:References.UnknownReference]"}}]}},{"$type":"[SST:Statements.BreakStatement]"}]},{"$type":"[SST:Blocks.CaseBlock]","Label":{"$type":"[SST:Expressions.Simple.ConstantValueExpression]"},"Body":[{"$type":"[SST:Statements.ExpressionStatement]","Expression":{"$type":"[SST:Expressions.Assignable.InvocationExpression]","Reference":{"$type":"[SST:References.VariableReference]","Identifier":"this"},"MethodName":"0M:[p:void] [ACAT.Lib.Extension.CommandHandlers.NavigationHandler, Extension].turnOnSelectModeIfStickyShiftEnabled()","Parameters":[]}},{"$type":"[SST:Statements.ExpressionStatement]","Expression":{"$type":"[SST:Expressions.Assignable.InvocationExpression]","Reference":{"$type":"[SST:References.VariableReference]","Identifier":""},"MethodName":"0M:[?] [?].???()","Parameters":[{"$type":"[SST:Expressions.Simple.ReferenceExpression]","Reference":{"$type":"[SST:References.UnknownReference]"}}]}},{"$type":"[SST:Statements.BreakStatement]"}]},{"$type":"[SST:Blocks.CaseBlock]","Label":{"$type":"[SST:Expressions.Simple.ConstantValueExpression]"},"Body":[{"$type":"[SST:Statements.ExpressionStatement]","Expression":{"$type":"[SST:Expressions.Assignable.InvocationExpression]","Reference":{"$type":"[SST:References.VariableReference]","Identifier":"this"},"MethodName":"0M:[p:void] [ACAT.Lib.Extension.CommandHandlers.NavigationHandler, Extension].turnOnSelectModeIfStickyShiftEnabled()","Parameters":[]}},{"$type":"[SST:Statements.ExpressionStatement]","Expression":{"$type":"[SST:Expressions.Assignable.InvocationExpression]","Reference":{"$type":"[SST:References.VariableReference]","Identifier":""},"MethodName":"0M:[?] [?].???()","Parameters":[{"$type":"[SST:Expressions.Simple.ReferenceExpression]","Reference":{"$type":"[SST:References.UnknownReference]"}}]}},{"$type":"[SST:Statements.BreakStatement]"}]},{"$type":"[SST:Blocks.CaseBlock]","Label":{"$type":"[SST:Expressions.Simple.ConstantValueExpression]"},"Body":[{"$type":"[SST:Statements.ExpressionStatement]","Expression":{"$type":"[SST:Expressions.Assignable.InvocationExpression]","Reference":{"$type":"[SST:References.VariableReference]","Identifier":"this"},"MethodName":"0M:[p:void] [ACAT.Lib.Extension.CommandHandlers.NavigationHandler, Extension].turnOnSelectModeIfStickyShiftEnabled()","Parameters":[]}},{"$type":"[SST:Statements.ExpressionStatement]","Expression":{"$type":"[SST:Expressions.Assignable.InvocationExpression]","Reference":{"$type":"[SST:References.VariableReference]","Identifier":""},"MethodName":"0M:[?] [?].???()","Parameters":[{"$type":"[SST:Expressions.Simple.ReferenceExpression]","Reference":{"$type":"[SST:References.UnknownReference]"}}]}},{"$type":"[SST:Statements.BreakStatement]"}]},{"$type":"[SST:Blocks.CaseBlock]","Label":{"$type":"[SST:Expressions.Simple.ConstantValueExpression]"},"Body":[{"$type":"[SST:Statements.ExpressionStatement]","Expression":{"$type":"[SST:Expressions.Assignable.InvocationExpression]","Reference":{"$type":"[SST:References.VariableReference]","Identifier":"this"},"MethodName":"0M:[p:void] [ACAT.Lib.Extension.CommandHandlers.NavigationHandler, Extension].turnOnSelectModeIfStickyShiftEnabled()","Parameters":[]}},{"$type":"[SST:Statements.ExpressionStatement]","Expression":{"$type":"[SST:Expressions.Assignable.InvocationExpression]","Reference":{"$type":"[SST:References.VariableReference]","Identifier":""},"MethodName":"0M:[?] [?].???()","Parameters":[{"$type":"[SST:Expressions.Simple.ReferenceExpression]","Reference":{"$type":"[SST:References.UnknownReference]"}}]}},{"$type":"[SST:Statements.BreakStatement]"}]},{"$type":"[SST:Blocks.CaseBlock]","Label":{"$type":"[SST:Expressions.Simple.ConstantValueExpression]"},"Body":[{"$type":"[SST:Statements.ExpressionStatement]","Expression":{"$type":"[SST:Expressions.Assignable.InvocationExpression]","Reference":{"$type":"[SST:References.VariableReference]","Identifier":"this"},"MethodName":"0M:[p:void] [ACAT.Lib.Extension.CommandHandlers.NavigationHandler, Extension].turnOnSelectModeIfStickyShiftEnabled()","Parameters":[]}},{"$type":"[SST:Statements.ExpressionStatement]","Expression":{"$type":"[SST:Expressions.Assignable.InvocationExpression]","Reference":{"$type":"[SST:References.VariableReference]","Identifier":""},"MethodName":"0M:[?] [?].???()","Parameters":[{"$type":"[SST:Expressions.Simple.ReferenceExpression]","Reference":{"$type":"[SST:References.UnknownReference]"}}]}},{"$type":"[SST:Statements.BreakStatement]"}]},{"$type":"[SST:Blocks.CaseBlock]","Label":{"$type":"[SST:Expressions.Simple.ConstantValueExpression]"},"Body":[{"$type":"[SST:Statements.ExpressionStatement]","Expression":{"$type":"[SST:Expressions.Assignable.InvocationExpression]","Reference":{"$type":"[SST:References.VariableReference]","Identifier":"this"},"MethodName":"0M:[p:void] [ACAT.Lib.Extension.CommandHandlers.NavigationHandler, Extension].turnOnSelectModeIfStickyShiftEnabled()","Parameters":[]}},{"$type":"[SST:Statements.ExpressionStatement]","Expression":{"$type":"[SST:Expressions.Assignable.InvocationExpression]","Reference":{"$type":"[SST:References.VariableReference]","Identifier":""},"MethodName":"0M:[?] [?].???()","Parameters":[{"$type":"[SST:Expressions.Simple.ReferenceExpression]","Reference":{"$type":"[SST:References.UnknownReference]"}}]}},{"$type":"[SST:Statements.BreakStatement]"}]},{"$type":"[SST:Blocks.CaseBlock]","Label":{"$type":"[SST:Expressions.Simple.ConstantValueExpression]"},"Body":[{"$type":"[SST:Statements.ExpressionStatement]","Expression":{"$type":"[SST:Expressions.Assignable.InvocationExpression]","Reference":{"$type":"[SST:References.VariableReference]","Identifier":"this"},"MethodName":"0M:[p:void] [ACAT.Lib.Extension.CommandHandlers.NavigationHandler, Extension].turnOnSelectModeIfStickyShiftEnabled()","Parameters":[]}},{"$type":"[SST:Statements.ExpressionStatement]","Expression":{"$type":"[SST:Expressions.Assignable.InvocationExpression]","Reference":{"$type":"[SST:References.VariableReference]","Identifier":""},"MethodName":"0M:[?] [?].???()","Parameters":[{"$type":"[SST:Expressions.Simple.ReferenceExpression]","Reference":{"$type":"[SST:References.UnknownReference]"}}]}},{"$type":"[SST:Statements.BreakStatement]"}]}],"DefaultSection":[{"$type":"[SST:Statements.Assignment]","Reference":{"$type":"[SST:References.VariableReference]","Identifier":"handled"},"Expression":{"$type":"[SST:Expressions.Simple.ConstantValueExpression]","Value":"false"}},{"$type":"[SST:Statements.BreakStatement]"}]}]}],"CatchBlocks":[{"$type":"[SST:Blocks.CatchBlock]","Kind":0,"Parameter":"0Param:[System.Exception, mscorlib, 4.0.0.0] ex","Body":[{"$type":"[SST:Statements.ExpressionStatement]","Expression":{"$type":"[SST:Expressions.Assignable.InvocationExpression]","Reference":{"$type":"[SST:References.VariableReference]","Identifier":""},"MethodName":"0M:[?] [?].???()","Parameters":[{"$type":"[SST:Expressions.Simple.ReferenceExpression]","Reference":{"$type":"[SST:References.VariableReference]","Identifier":"ex"}}]}},{"$type":"[SST:Statements.Assignment]","Reference":{"$type":"[SST:References.VariableReference]","Identifier":"retVal"},"Expression":{"$type":"[SST:Expressions.Simple.ConstantValueExpression]","Value":"false"}}]}],"Finally":[]},{"$type":"[SST:Statements.ReturnStatement]","Expression":{"$type":"[SST:Expressions.Simple.ReferenceExpression]","Reference":{"$type":"[SST:References.VariableReference]","Identifier":"retVal"}},"IsVoid":false}]},{"$type":"[SST:Declarations.MethodDeclaration]","Name":"0M:[p:void] [ACAT.Lib.Extension.CommandHandlers.NavigationHandler, Extension].turnOnSelectModeIfStickyShiftEnabled()","IsEntryPoint":false,"Body":[{"$type":"[SST:Blocks.TryBlock]","Body":[{"$type":"[SST:Statements.VariableDeclaration]","Reference":{"$type":"[SST:References.VariableReference]","Identifier":"$0"},"Type":"0T:?"},{"$type":"[SST:Statements.Assignment]","Reference":{"$type":"[SST:References.VariableReference]","Identifier":"$0"},"Expression":{"$type":"[SST:Expressions.Assignable.InvocationExpression]","Reference":{"$type":"[SST:References.VariableReference]","Identifier":""},"MethodName":"0M:[?] [?].???()","Parameters":[]}},{"$type":"[SST:Blocks.IfElseBlock]","Condition":{"$type":"[SST:Expressions.Simple.ReferenceExpression]","Reference":{"$type":"[SST:References.VariableReference]","Identifier":"$0"}},"Then":[{"$type":"[SST:Statements.VariableDeclaration]","Reference":{"$type":"[SST:References.VariableReference]","Identifier":"context"},"Type":"0T:?"},{"$type":"[SST:Statements.Assignment]","Reference":{"$type":"[SST:References.VariableReference]","Identifier":"context"},"Expression":{"$type":"[SST:Expressions.Assignable.InvocationExpression]","Reference":{"$type":"[SST:References.VariableReference]","Identifier":""},"MethodName":"0M:[?] [?].???()","Parameters":[]}},{"$type":"[SST:Blocks.UsingBlock]","Reference":{"$type":"[SST:References.VariableReference]","Identifier":"context"},"Body":[{"$type":"[SST:Statements.ExpressionStatement]","Expression":{"$type":"[SST:Expressions.Assignable.InvocationExpression]","Reference":{"$type":"[SST:References.VariableReference]","Identifier":""},"MethodName":"0M:[?] [?].???()","Parameters":[{"$type":"[SST:Expressions.Simple.ConstantValueExpression]","Value":"true"}]}}]}],"Else":[]}],"CatchBlocks":[{"$type":"[SST:Blocks.CatchBlock]","Kind":0,"Parameter":"0Param:[System.Exception, mscorlib, 4.0.0.0] ex","Body":[{"$type":"[SST:Statements.ExpressionStatement]","Expression":{"$type":"[SST:Expressions.Assignable.InvocationExpression]","Reference":{"$type":"[SST:References.VariableReference]","Identifier":""},"MethodName":"0M:[?] [?].???()","Parameters":[{"$type":"[SST:Expressions.Simple.ReferenceExpression]","Reference":{"$type":"[SST:References.VariableReference]","Identifier":"ex"}}]}}]}],"Finally":[]}]}],"Events":[],"Delegates":[]}}