{"$type":"KaVE.Commons.Model.Events.CompletionEvents.Context, KaVE.Commons","TypeShape":{"$type":"KaVE.Commons.Model.TypeShapes.TypeShape, KaVE.Commons","TypeHierarchy":{"$type":"KaVE.Commons.Model.TypeShapes.TypeHierarchy, KaVE.Commons","Element":"0T:ACAT.Lib.Extension.MenuPanel, Extension","Implements":[{"$type":"KaVE.Commons.Model.TypeShapes.TypeHierarchy, KaVE.Commons","Element":"0T:?","Implements":[]}]},"NestedTypes":["0T:ACAT.Lib.Extension.MenuPanel+Dispatcher, Extension"],"Delegates":[],"EventHierarchies":[],"Fields":["0F:[ACAT.Lib.Extension.MenuPanel+Dispatcher, Extension] [ACAT.Lib.Extension.MenuPanel, Extension].commandDispatcher"],"MethodHierarchies":[{"$type":"KaVE.Commons.Model.TypeShapes.MethodHierarchy, KaVE.Commons","Element":"0M:[p:void] [ACAT.Lib.Extension.MenuPanel, Extension]..ctor([p:string] panelClass, [p:string] panelTitle)"}],"PropertyHierarchies":[{"$type":"KaVE.Commons.Model.TypeShapes.PropertyHierarchy, KaVE.Commons","Element":"0P:get [?] [ACAT.Lib.Extension.MenuPanel, Extension].CommandDispatcher()"}]},"SST":{"$type":"[SST:SST]","EnclosingType":"0T:ACAT.Lib.Extension.MenuPanel, Extension","PartialClassIdentifier":"<Extension>\\UI\\MenuPanel.cs","Fields":[{"$type":"[SST:Declarations.FieldDeclaration]","Name":"0F:[ACAT.Lib.Extension.MenuPanel+Dispatcher, Extension] [ACAT.Lib.Extension.MenuPanel, Extension].commandDispatcher"}],"Properties":[{"$type":"[SST:Declarations.PropertyDeclaration]","Name":"0P:get [?] [ACAT.Lib.Extension.MenuPanel, Extension].CommandDispatcher()","Get":[{"$type":"[SST:Statements.ReturnStatement]","Expression":{"$type":"[SST:Expressions.Simple.ReferenceExpression]","Reference":{"$type":"[SST:References.FieldReference]","Reference":{"$type":"[SST:References.VariableReference]","Identifier":"this"},"FieldName":"0F:[ACAT.Lib.Extension.MenuPanel+Dispatcher, Extension] [ACAT.Lib.Extension.MenuPanel, Extension].commandDispatcher"}},"IsVoid":false}],"Set":[]}],"Methods":[{"$type":"[SST:Declarations.MethodDeclaration]","Name":"0M:[p:void] [ACAT.Lib.Extension.MenuPanel, Extension]..ctor([p:string] panelClass, [p:string] panelTitle)","IsEntryPoint":true,"Body":[{"$type":"[SST:Statements.ExpressionStatement]","Expression":{"$type":"[SST:Expressions.Assignable.InvocationExpression]","Reference":{"$type":"[SST:References.VariableReference]","Identifier":"base"},"MethodName":"0M:[p:void] [p:object]..ctor()","Parameters":[{"$type":"[SST:Expressions.Simple.ReferenceExpression]","Reference":{"$type":"[SST:References.VariableReference]","Identifier":"panelClass"}},{"$type":"[SST:Expressions.Simple.ReferenceExpression]","Reference":{"$type":"[SST:References.VariableReference]","Identifier":"panelTitle"}}]}},{"$type":"[SST:Statements.Assignment]","Reference":{"$type":"[SST:References.FieldReference]","Reference":{"$type":"[SST:References.VariableReference]","Identifier":"this"},"FieldName":"0F:[ACAT.Lib.Extension.MenuPanel+Dispatcher, Extension] [ACAT.Lib.Extension.MenuPanel, Extension].commandDispatcher"},"Expression":{"$type":"[SST:Expressions.Assignable.InvocationExpression]","Reference":{"$type":"[SST:References.VariableReference]","Identifier":""},"MethodName":"0M:[p:void] [ACAT.Lib.Extension.MenuPanel+Dispatcher, Extension]..ctor([?] panel)","Parameters":[{"$type":"[SST:Expressions.Simple.ReferenceExpression]","Reference":{"$type":"[SST:References.VariableReference]","Identifier":"this"}}]}}]}],"Events":[],"Delegates":[]}}