{"$type":"KaVE.Commons.Model.Events.CompletionEvents.Context, KaVE.Commons","TypeShape":{"$type":"KaVE.Commons.Model.TypeShapes.TypeShape, KaVE.Commons","TypeHierarchy":{"$type":"KaVE.Commons.Model.TypeShapes.TypeHierarchy, KaVE.Commons","Element":"0T:ACAT.Extensions.Default.AppAgents.ChromeBrowserAgent.ChromeBrowserAgent, ChromeBrowserAgent","Implements":[{"$type":"KaVE.Commons.Model.TypeShapes.TypeHierarchy, KaVE.Commons","Element":"0T:?","Implements":[]}]},"NestedTypes":[],"Delegates":[],"EventHierarchies":[],"Fields":["0F:static [ACAT.Extensions.Default.AppAgents.ChromeBrowserAgent.ChromeBrowserAgentSettings, ChromeBrowserAgent] [ACAT.Extensions.Default.AppAgents.ChromeBrowserAgent.ChromeBrowserAgent, ChromeBrowserAgent].Settings","0F:static [p:string] [ACAT.Extensions.Default.AppAgents.ChromeBrowserAgent.ChromeBrowserAgent, ChromeBrowserAgent].SettingsFileName"],"MethodHierarchies":[{"$type":"KaVE.Commons.Model.TypeShapes.MethodHierarchy, KaVE.Commons","Element":"0M:[p:void] [ACAT.Extensions.Default.AppAgents.ChromeBrowserAgent.ChromeBrowserAgent, ChromeBrowserAgent]..ctor()"}],"PropertyHierarchies":[]},"SST":{"$type":"[SST:SST]","EnclosingType":"0T:ACAT.Extensions.Default.AppAgents.ChromeBrowserAgent.ChromeBrowserAgent, ChromeBrowserAgent","Fields":[{"$type":"[SST:Declarations.FieldDeclaration]","Name":"0F:static [ACAT.Extensions.Default.AppAgents.ChromeBrowserAgent.ChromeBrowserAgentSettings, ChromeBrowserAgent] [ACAT.Extensions.Default.AppAgents.ChromeBrowserAgent.ChromeBrowserAgent, ChromeBrowserAgent].Settings"},{"$type":"[SST:Declarations.FieldDeclaration]","Name":"0F:static [p:string] [ACAT.Extensions.Default.AppAgents.ChromeBrowserAgent.ChromeBrowserAgent, ChromeBrowserAgent].SettingsFileName"}],"Properties":[],"Methods":[{"$type":"[SST:Declarations.MethodDeclaration]","Name":"0M:[p:void] [ACAT.Extensions.Default.AppAgents.ChromeBrowserAgent.ChromeBrowserAgent, ChromeBrowserAgent]..ctor()","IsEntryPoint":true,"Body":[{"$type":"[SST:Statements.Assignment]","Reference":{"$type":"[SST:References.FieldReference]","Reference":{"$type":"[SST:References.VariableReference]","Identifier":""},"FieldName":"0F:static [p:string] [ACAT.Extensions.Default.AppAgents.ChromeBrowserAgent.ChromeBrowserAgentSettings, ChromeBrowserAgent].PreferencesFilePath"},"Expression":{"$type":"[SST:Expressions.Assignable.InvocationExpression]","Reference":{"$type":"[SST:References.VariableReference]","Identifier":""},"MethodName":"0M:[?] [?].???()","Parameters":[{"$type":"[SST:Expressions.Simple.ReferenceExpression]","Reference":{"$type":"[SST:References.FieldReference]","Reference":{"$type":"[SST:References.VariableReference]","Identifier":""},"FieldName":"0F:static [p:string] [ACAT.Extensions.Default.AppAgents.ChromeBrowserAgent.ChromeBrowserAgent, ChromeBrowserAgent].SettingsFileName"}}]}},{"$type":"[SST:Statements.Assignment]","Reference":{"$type":"[SST:References.FieldReference]","Reference":{"$type":"[SST:References.VariableReference]","Identifier":""},"FieldName":"0F:static [ACAT.Extensions.Default.AppAgents.ChromeBrowserAgent.ChromeBrowserAgentSettings, ChromeBrowserAgent] [ACAT.Extensions.Default.AppAgents.ChromeBrowserAgent.ChromeBrowserAgent, ChromeBrowserAgent].Settings"},"Expression":{"$type":"[SST:Expressions.Assignable.InvocationExpression]","Reference":{"$type":"[SST:References.VariableReference]","Identifier":""},"MethodName":"0M:static [ACAT.Extensions.Default.AppAgents.ChromeBrowserAgent.ChromeBrowserAgentSettings, ChromeBrowserAgent] [ACAT.Extensions.Default.AppAgents.ChromeBrowserAgent.ChromeBrowserAgentSettings, ChromeBrowserAgent].Load()","Parameters":[]}},{"$type":"[SST:Statements.VariableDeclaration]","Reference":{"$type":"[SST:References.VariableReference]","Identifier":"$0"},"Type":"0T:ACAT.Extensions.Default.AppAgents.ChromeBrowserAgent.ChromeBrowserAgentSettings, ChromeBrowserAgent"},{"$type":"[SST:Statements.Assignment]","Reference":{"$type":"[SST:References.VariableReference]","Identifier":"$0"},"Expression":{"$type":"[SST:Expressions.Simple.ReferenceExpression]","Reference":{"$type":"[SST:References.FieldReference]","Reference":{"$type":"[SST:References.VariableReference]","Identifier":""},"FieldName":"0F:static [ACAT.Extensions.Default.AppAgents.ChromeBrowserAgent.ChromeBrowserAgentSettings, ChromeBrowserAgent] [ACAT.Extensions.Default.AppAgents.ChromeBrowserAgent.ChromeBrowserAgent, ChromeBrowserAgent].Settings"}}},{"$type":"[SST:Statements.Assignment]","Reference":{"$type":"[SST:References.UnknownReference]"},"Expression":{"$type":"[SST:Expressions.Simple.ReferenceExpression]","Reference":{"$type":"[SST:References.FieldReference]","Reference":{"$type":"[SST:References.VariableReference]","Identifier":"$0"},"FieldName":"0F:[p:bool] [ACAT.Extensions.Default.AppAgents.ChromeBrowserAgent.ChromeBrowserAgentSettings, ChromeBrowserAgent].AutoSwitchScannerEnable"}}}]}],"Events":[],"Delegates":[]}}