{"$type":"KaVE.Commons.Model.Events.CompletionEvents.Context, KaVE.Commons","TypeShape":{"$type":"KaVE.Commons.Model.TypeShapes.TypeShape, KaVE.Commons","TypeHierarchy":{"$type":"KaVE.Commons.Model.TypeShapes.TypeHierarchy, KaVE.Commons","Element":"0T:ACAT.Extensions.Default.AppAgents.FireFox.FireFoxAgentSettings, FireFoxAgent","Implements":[{"$type":"KaVE.Commons.Model.TypeShapes.TypeHierarchy, KaVE.Commons","Element":"0T:?","Implements":[]}]},"NestedTypes":[],"Delegates":[],"EventHierarchies":[],"Fields":["0F:static [p:string] [ACAT.Extensions.Default.AppAgents.FireFox.FireFoxAgentSettings, FireFoxAgent].PreferencesFilePath","0F:[p:bool] [ACAT.Extensions.Default.AppAgents.FireFox.FireFoxAgentSettings, FireFoxAgent].AutoSwitchScannerEnable"],"MethodHierarchies":[{"$type":"KaVE.Commons.Model.TypeShapes.MethodHierarchy, KaVE.Commons","Element":"0M:[p:void] [ACAT.Extensions.Default.AppAgents.FireFox.FireFoxAgentSettings, FireFoxAgent]..ctor()"},{"$type":"KaVE.Commons.Model.TypeShapes.MethodHierarchy, KaVE.Commons","Element":"0M:static [ACAT.Extensions.Default.AppAgents.FireFox.FireFoxAgentSettings, FireFoxAgent] [ACAT.Extensions.Default.AppAgents.FireFox.FireFoxAgentSettings, FireFoxAgent].Load()"},{"$type":"KaVE.Commons.Model.TypeShapes.MethodHierarchy, KaVE.Commons","Element":"0M:[p:bool] [ACAT.Extensions.Default.AppAgents.FireFox.FireFoxAgentSettings, FireFoxAgent].Save()"}],"PropertyHierarchies":[]},"SST":{"$type":"[SST:SST]","EnclosingType":"0T:ACAT.Extensions.Default.AppAgents.FireFox.FireFoxAgentSettings, FireFoxAgent","Fields":[{"$type":"[SST:Declarations.FieldDeclaration]","Name":"0F:static [p:string] [ACAT.Extensions.Default.AppAgents.FireFox.FireFoxAgentSettings, FireFoxAgent].PreferencesFilePath"},{"$type":"[SST:Declarations.FieldDeclaration]","Name":"0F:[p:bool] [ACAT.Extensions.Default.AppAgents.FireFox.FireFoxAgentSettings, FireFoxAgent].AutoSwitchScannerEnable"}],"Properties":[],"Methods":[{"$type":"[SST:Declarations.MethodDeclaration]","Name":"0M:[p:void] [ACAT.Extensions.Default.AppAgents.FireFox.FireFoxAgentSettings, FireFoxAgent]..ctor()","IsEntryPoint":true,"Body":[{"$type":"[SST:Statements.Assignment]","Reference":{"$type":"[SST:References.FieldReference]","Reference":{"$type":"[SST:References.VariableReference]","Identifier":"this"},"FieldName":"0F:[p:bool] [ACAT.Extensions.Default.AppAgents.FireFox.FireFoxAgentSettings, FireFoxAgent].AutoSwitchScannerEnable"},"Expression":{"$type":"[SST:Expressions.Simple.ConstantValueExpression]","Value":"true"}}]},{"$type":"[SST:Declarations.MethodDeclaration]","Name":"0M:static [ACAT.Extensions.Default.AppAgents.FireFox.FireFoxAgentSettings, FireFoxAgent] [ACAT.Extensions.Default.AppAgents.FireFox.FireFoxAgentSettings, FireFoxAgent].Load()","IsEntryPoint":true,"Body":[{"$type":"[SST:Statements.VariableDeclaration]","Reference":{"$type":"[SST:References.VariableReference]","Identifier":"$0"},"Type":"0T:?"},{"$type":"[SST:Statements.Assignment]","Reference":{"$type":"[SST:References.VariableReference]","Identifier":"$0"},"Expression":{"$type":"[SST:Expressions.Assignable.InvocationExpression]","Reference":{"$type":"[SST:References.VariableReference]","Identifier":""},"MethodName":"0M:[?] [?].???()","Parameters":[{"$type":"[SST:Expressions.Simple.ReferenceExpression]","Reference":{"$type":"[SST:References.FieldReference]","Reference":{"$type":"[SST:References.VariableReference]","Identifier":""},"FieldName":"0F:static [p:string] [ACAT.Extensions.Default.AppAgents.FireFox.FireFoxAgentSettings, FireFoxAgent].PreferencesFilePath"}}]}},{"$type":"[SST:Statements.ReturnStatement]","Expression":{"$type":"[SST:Expressions.Simple.ReferenceExpression]","Reference":{"$type":"[SST:References.VariableReference]","Identifier":"$0"}},"IsVoid":false}]},{"$type":"[SST:Declarations.MethodDeclaration]","Name":"0M:[p:bool] [ACAT.Extensions.Default.AppAgents.FireFox.FireFoxAgentSettings, FireFoxAgent].Save()","IsEntryPoint":true,"Body":[{"$type":"[SST:Statements.ReturnStatement]","Expression":{"$type":"[SST:Expressions.Simple.ConstantValueExpression]","Value":"true"},"IsVoid":false}]}],"Events":[],"Delegates":[]}}