{"$type":"KaVE.Commons.Model.Events.CompletionEvents.Context, KaVE.Commons","TypeShape":{"$type":"KaVE.Commons.Model.TypeShapes.TypeShape, KaVE.Commons","TypeHierarchy":{"$type":"KaVE.Commons.Model.TypeShapes.TypeHierarchy, KaVE.Commons","Element":"0T:ACAT.Extensions.Default.TTSEngines.SAPISettings, SAPIEngine","Implements":[{"$type":"KaVE.Commons.Model.TypeShapes.TypeHierarchy, KaVE.Commons","Element":"0T:?","Implements":[]}]},"NestedTypes":[],"Delegates":[],"EventHierarchies":[],"Fields":["0F:static [p:string] [ACAT.Extensions.Default.TTSEngines.SAPISettings, SAPIEngine].PreferencesFilePath","0F:[p:string] [ACAT.Extensions.Default.TTSEngines.SAPISettings, SAPIEngine].PronunciationsFile"],"MethodHierarchies":[{"$type":"KaVE.Commons.Model.TypeShapes.MethodHierarchy, KaVE.Commons","Element":"0M:[p:void] [ACAT.Extensions.Default.TTSEngines.SAPISettings, SAPIEngine]..ctor()"},{"$type":"KaVE.Commons.Model.TypeShapes.MethodHierarchy, KaVE.Commons","Element":"0M:static [ACAT.Extensions.Default.TTSEngines.SAPISettings, SAPIEngine] [ACAT.Extensions.Default.TTSEngines.SAPISettings, SAPIEngine].Load()"},{"$type":"KaVE.Commons.Model.TypeShapes.MethodHierarchy, KaVE.Commons","Element":"0M:[p:bool] [ACAT.Extensions.Default.TTSEngines.SAPISettings, SAPIEngine].Save()"}],"PropertyHierarchies":[{"$type":"KaVE.Commons.Model.TypeShapes.PropertyHierarchy, KaVE.Commons","Element":"0P:set get [p:int] [ACAT.Extensions.Default.TTSEngines.SAPISettings, SAPIEngine].Pitch()"},{"$type":"KaVE.Commons.Model.TypeShapes.PropertyHierarchy, KaVE.Commons","Element":"0P:set get [p:int] [ACAT.Extensions.Default.TTSEngines.SAPISettings, SAPIEngine].Rate()"},{"$type":"KaVE.Commons.Model.TypeShapes.PropertyHierarchy, KaVE.Commons","Element":"0P:set get [p:bool] [ACAT.Extensions.Default.TTSEngines.SAPISettings, SAPIEngine].UseAlternatePronunciations()"},{"$type":"KaVE.Commons.Model.TypeShapes.PropertyHierarchy, KaVE.Commons","Element":"0P:set get [p:int] [ACAT.Extensions.Default.TTSEngines.SAPISettings, SAPIEngine].Volume()"}]},"SST":{"$type":"[SST:SST]","EnclosingType":"0T:ACAT.Extensions.Default.TTSEngines.SAPISettings, SAPIEngine","Fields":[{"$type":"[SST:Declarations.FieldDeclaration]","Name":"0F:static [p:string] [ACAT.Extensions.Default.TTSEngines.SAPISettings, SAPIEngine].PreferencesFilePath"},{"$type":"[SST:Declarations.FieldDeclaration]","Name":"0F:[p:string] [ACAT.Extensions.Default.TTSEngines.SAPISettings, SAPIEngine].PronunciationsFile"}],"Properties":[{"$type":"[SST:Declarations.PropertyDeclaration]","Name":"0P:set get [p:int] [ACAT.Extensions.Default.TTSEngines.SAPISettings, SAPIEngine].Pitch()","Get":[],"Set":[]},{"$type":"[SST:Declarations.PropertyDeclaration]","Name":"0P:set get [p:int] [ACAT.Extensions.Default.TTSEngines.SAPISettings, SAPIEngine].Rate()","Get":[],"Set":[]},{"$type":"[SST:Declarations.PropertyDeclaration]","Name":"0P:set get [p:bool] [ACAT.Extensions.Default.TTSEngines.SAPISettings, SAPIEngine].UseAlternatePronunciations()","Get":[],"Set":[]},{"$type":"[SST:Declarations.PropertyDeclaration]","Name":"0P:set get [p:int] [ACAT.Extensions.Default.TTSEngines.SAPISettings, SAPIEngine].Volume()","Get":[],"Set":[]}],"Methods":[{"$type":"[SST:Declarations.MethodDeclaration]","Name":"0M:[p:void] [ACAT.Extensions.Default.TTSEngines.SAPISettings, SAPIEngine]..init()","IsEntryPoint":false,"Body":[{"$type":"[SST:Statements.Assignment]","Reference":{"$type":"[SST:References.FieldReference]","Reference":{"$type":"[SST:References.VariableReference]","Identifier":"this"},"FieldName":"0F:[p:string] [ACAT.Extensions.Default.TTSEngines.SAPISettings, SAPIEngine].PronunciationsFile"},"Expression":{"$type":"[SST:Expressions.Simple.ConstantValueExpression]"}}]},{"$type":"[SST:Declarations.MethodDeclaration]","Name":"0M:[p:void] [ACAT.Extensions.Default.TTSEngines.SAPISettings, SAPIEngine]..ctor()","IsEntryPoint":true,"Body":[{"$type":"[SST:Statements.Assignment]","Reference":{"$type":"[SST:References.PropertyReference]","Reference":{"$type":"[SST:References.VariableReference]","Identifier":"this"},"PropertyName":"0P:set get [p:int] [ACAT.Extensions.Default.TTSEngines.SAPISettings, SAPIEngine].Volume()"},"Expression":{"$type":"[SST:Expressions.Simple.ConstantValueExpression]"}},{"$type":"[SST:Statements.Assignment]","Reference":{"$type":"[SST:References.PropertyReference]","Reference":{"$type":"[SST:References.VariableReference]","Identifier":"this"},"PropertyName":"0P:set get [p:int] [ACAT.Extensions.Default.TTSEngines.SAPISettings, SAPIEngine].Rate()"},"Expression":{"$type":"[SST:Expressions.Simple.ConstantValueExpression]"}},{"$type":"[SST:Statements.Assignment]","Reference":{"$type":"[SST:References.PropertyReference]","Reference":{"$type":"[SST:References.VariableReference]","Identifier":"this"},"PropertyName":"0P:set get [p:bool] [ACAT.Extensions.Default.TTSEngines.SAPISettings, SAPIEngine].UseAlternatePronunciations()"},"Expression":{"$type":"[SST:Expressions.Simple.ConstantValueExpression]","Value":"true"}}]},{"$type":"[SST:Declarations.MethodDeclaration]","Name":"0M:static [ACAT.Extensions.Default.TTSEngines.SAPISettings, SAPIEngine] [ACAT.Extensions.Default.TTSEngines.SAPISettings, SAPIEngine].Load()","IsEntryPoint":true,"Body":[{"$type":"[SST:Statements.VariableDeclaration]","Reference":{"$type":"[SST:References.VariableReference]","Identifier":"retVal"},"Type":"0T:?"},{"$type":"[SST:Statements.Assignment]","Reference":{"$type":"[SST:References.VariableReference]","Identifier":"retVal"},"Expression":{"$type":"[SST:Expressions.Assignable.InvocationExpression]","Reference":{"$type":"[SST:References.VariableReference]","Identifier":""},"MethodName":"0M:[?] [?].???()","Parameters":[{"$type":"[SST:Expressions.Simple.ReferenceExpression]","Reference":{"$type":"[SST:References.FieldReference]","Reference":{"$type":"[SST:References.VariableReference]","Identifier":""},"FieldName":"0F:static [p:string] [ACAT.Extensions.Default.TTSEngines.SAPISettings, SAPIEngine].PreferencesFilePath"}}]}},{"$type":"[SST:Statements.VariableDeclaration]","Reference":{"$type":"[SST:References.VariableReference]","Identifier":"$0"},"Type":"0T:p:bool"},{"$type":"[SST:Statements.Assignment]","Reference":{"$type":"[SST:References.VariableReference]","Identifier":"$0"},"Expression":{"$type":"[SST:Expressions.Assignable.InvocationExpression]","Reference":{"$type":"[SST:References.VariableReference]","Identifier":""},"MethodName":"0M:static [p:bool] [System.IO.File, mscorlib, 4.0.0.0].Exists([p:string] path)","Parameters":[{"$type":"[SST:Expressions.Simple.ReferenceExpression]","Reference":{"$type":"[SST:References.FieldReference]","Reference":{"$type":"[SST:References.VariableReference]","Identifier":""},"FieldName":"0F:static [p:string] [ACAT.Extensions.Default.TTSEngines.SAPISettings, SAPIEngine].PreferencesFilePath"}}]}},{"$type":"[SST:Statements.VariableDeclaration]","Reference":{"$type":"[SST:References.VariableReference]","Identifier":"$1"},"Type":"0T:p:bool"},{"$type":"[SST:Statements.Assignment]","Reference":{"$type":"[SST:References.VariableReference]","Identifier":"$1"},"Expression":{"$type":"[SST:Expressions.Assignable.UnaryExpression]","Operator":1,"Operand":{"$type":"[SST:Expressions.Simple.ReferenceExpression]","Reference":{"$type":"[SST:References.VariableReference]","Identifier":"$0"}}}},{"$type":"[SST:Blocks.IfElseBlock]","Condition":{"$type":"[SST:Expressions.Simple.ReferenceExpression]","Reference":{"$type":"[SST:References.VariableReference]","Identifier":"$1"}},"Then":[{"$type":"[SST:Statements.ExpressionStatement]","Expression":{"$type":"[SST:Expressions.Assignable.InvocationExpression]","Reference":{"$type":"[SST:References.VariableReference]","Identifier":""},"MethodName":"0M:[?] [?].???()","Parameters":[]}}],"Else":[]},{"$type":"[SST:Statements.ReturnStatement]","Expression":{"$type":"[SST:Expressions.Simple.ReferenceExpression]","Reference":{"$type":"[SST:References.VariableReference]","Identifier":"retVal"}},"IsVoid":false}]},{"$type":"[SST:Declarations.MethodDeclaration]","Name":"0M:[p:bool] [ACAT.Extensions.Default.TTSEngines.SAPISettings, SAPIEngine].Save()","IsEntryPoint":true,"Body":[{"$type":"[SST:Statements.VariableDeclaration]","Reference":{"$type":"[SST:References.VariableReference]","Identifier":"retVal"},"Type":"0T:p:bool"},{"$type":"[SST:Statements.Assignment]","Reference":{"$type":"[SST:References.VariableReference]","Identifier":"retVal"},"Expression":{"$type":"[SST:Expressions.Assignable.InvocationExpression]","Reference":{"$type":"[SST:References.VariableReference]","Identifier":"this"},"MethodName":"0M:[p:bool] [ACAT.Extensions.Default.TTSEngines.SAPISettings, SAPIEngine].Save()","Parameters":[{"$type":"[SST:Expressions.Simple.ReferenceExpression]","Reference":{"$type":"[SST:References.VariableReference]","Identifier":"this"}},{"$type":"[SST:Expressions.Simple.ReferenceExpression]","Reference":{"$type":"[SST:References.FieldReference]","Reference":{"$type":"[SST:References.VariableReference]","Identifier":""},"FieldName":"0F:static [p:string] [ACAT.Extensions.Default.TTSEngines.SAPISettings, SAPIEngine].PreferencesFilePath"}}]}},{"$type":"[SST:Blocks.IfElseBlock]","Condition":{"$type":"[SST:Expressions.Simple.ReferenceExpression]","Reference":{"$type":"[SST:References.VariableReference]","Identifier":"retVal"}},"Then":[{"$type":"[SST:Statements.ExpressionStatement]","Expression":{"$type":"[SST:Expressions.Assignable.InvocationExpression]","Reference":{"$type":"[SST:References.VariableReference]","Identifier":""},"MethodName":"0M:[?] [?].???()","Parameters":[]}}],"Else":[]},{"$type":"[SST:Statements.ReturnStatement]","Expression":{"$type":"[SST:Expressions.Simple.ReferenceExpression]","Reference":{"$type":"[SST:References.VariableReference]","Identifier":"retVal"}},"IsVoid":false}]}],"Events":[],"Delegates":[]}}