{"$type":"KaVE.Commons.Model.Events.CompletionEvents.Context, KaVE.Commons","TypeShape":{"$type":"KaVE.Commons.Model.TypeShapes.TypeShape, KaVE.Commons","TypeHierarchy":{"$type":"KaVE.Commons.Model.TypeShapes.TypeHierarchy, KaVE.Commons","Element":"0T:ACAT.Lib.Core.InputActuators.ClientConnHandler+WorkItem, Core","Implements":[]},"NestedTypes":[],"Delegates":[],"EventHierarchies":[],"Fields":[],"MethodHierarchies":[],"PropertyHierarchies":[{"$type":"KaVE.Commons.Model.TypeShapes.PropertyHierarchy, KaVE.Commons","Element":"0P:set get [ACAT.Lib.Core.InputActuators.ClientConnHandler, Core] [ACAT.Lib.Core.InputActuators.ClientConnHandler+WorkItem, Core].ClientConn()"},{"$type":"KaVE.Commons.Model.TypeShapes.PropertyHierarchy, KaVE.Commons","Element":"0P:set get [p:byte[]] [ACAT.Lib.Core.InputActuators.ClientConnHandler+WorkItem, Core].Data()"}]},"SST":{"$type":"[SST:SST]","EnclosingType":"0T:ACAT.Lib.Core.InputActuators.ClientConnHandler+WorkItem, Core","Fields":[],"Properties":[{"$type":"[SST:Declarations.PropertyDeclaration]","Name":"0P:set get [ACAT.Lib.Core.InputActuators.ClientConnHandler, Core] [ACAT.Lib.Core.InputActuators.ClientConnHandler+WorkItem, Core].ClientConn()","Get":[],"Set":[]},{"$type":"[SST:Declarations.PropertyDeclaration]","Name":"0P:set get [p:byte[]] [ACAT.Lib.Core.InputActuators.ClientConnHandler+WorkItem, Core].Data()","Get":[],"Set":[]}],"Methods":[],"Events":[],"Delegates":[]}}