{"$type":"KaVE.Commons.Model.Events.CompletionEvents.Context, KaVE.Commons","TypeShape":{"$type":"KaVE.Commons.Model.TypeShapes.TypeShape, KaVE.Commons","TypeHierarchy":{"$type":"KaVE.Commons.Model.TypeShapes.TypeHierarchy, KaVE.Commons","Element":"0T:ACAT.Lib.Core.ActuatorManagement.ActuatorEx, Core","Implements":[]},"NestedTypes":["0T:ACAT.Lib.Core.ActuatorManagement.ActuatorEx+Worker, Core"],"Delegates":[],"EventHierarchies":[],"Fields":["0F:[i:ACAT.Lib.Core.ActuatorManagement.IActuator, Core] [ACAT.Lib.Core.ActuatorManagement.ActuatorEx, Core].SourceActuator","0F:[System.Threading.ManualResetEvent, mscorlib, 4.0.0.0] [ACAT.Lib.Core.ActuatorManagement.ActuatorEx, Core]._formCreatedEvent","0F:[ACAT.Lib.Core.ActuatorManagement.ActuatorEx+Worker, Core] [ACAT.Lib.Core.ActuatorManagement.ActuatorEx, Core]._bgWorker","0F:[System.Threading.ManualResetEvent, mscorlib, 4.0.0.0] [ACAT.Lib.Core.ActuatorManagement.ActuatorEx, Core]._bgTaskDoneEvent","0F:[System.Threading.ManualResetEvent, mscorlib, 4.0.0.0] [ACAT.Lib.Core.ActuatorManagement.ActuatorEx, Core]._calibrationDoneEvent","0F:[ACAT.Lib.Core.ActuatorManagement.CalibrationForm, Core] [ACAT.Lib.Core.ActuatorManagement.ActuatorEx, Core].calibrationForm","0F:[System.Threading.ManualResetEvent, mscorlib, 4.0.0.0] [ACAT.Lib.Core.ActuatorManagement.ActuatorEx, Core].initDoneEvent"],"MethodHierarchies":[{"$type":"KaVE.Commons.Model.TypeShapes.MethodHierarchy, KaVE.Commons","Element":"0M:[p:void] [ACAT.Lib.Core.ActuatorManagement.ActuatorEx, Core]..ctor([i:ACAT.Lib.Core.ActuatorManagement.IActuator, Core] src)"},{"$type":"KaVE.Commons.Model.TypeShapes.MethodHierarchy, KaVE.Commons","Element":"0M:[p:void] [ACAT.Lib.Core.ActuatorManagement.ActuatorEx, Core].CancelCalibration()"},{"$type":"KaVE.Commons.Model.TypeShapes.MethodHierarchy, KaVE.Commons","Element":"0M:[p:void] [ACAT.Lib.Core.ActuatorManagement.ActuatorEx, Core].Init()"},{"$type":"KaVE.Commons.Model.TypeShapes.MethodHierarchy, KaVE.Commons","Element":"0M:[p:void] [ACAT.Lib.Core.ActuatorManagement.ActuatorEx, Core].OnDialogRequest()"},{"$type":"KaVE.Commons.Model.TypeShapes.MethodHierarchy, KaVE.Commons","Element":"0M:[p:void] [ACAT.Lib.Core.ActuatorManagement.ActuatorEx, Core].OnEndCalibration(opt [p:string] errorMessage, opt [p:bool] enableConfigure)"},{"$type":"KaVE.Commons.Model.TypeShapes.MethodHierarchy, KaVE.Commons","Element":"0M:[p:void] [ACAT.Lib.Core.ActuatorManagement.ActuatorEx, Core].OnError([p:string] message, opt [p:bool] enableConfigure)"},{"$type":"KaVE.Commons.Model.TypeShapes.MethodHierarchy, KaVE.Commons","Element":"0M:[p:void] [ACAT.Lib.Core.ActuatorManagement.ActuatorEx, Core].OnInitDone(opt [p:bool] success)"},{"$type":"KaVE.Commons.Model.TypeShapes.MethodHierarchy, KaVE.Commons","Element":"0M:[p:void] [ACAT.Lib.Core.ActuatorManagement.ActuatorEx, Core].RequestCalibration()"},{"$type":"KaVE.Commons.Model.TypeShapes.MethodHierarchy, KaVE.Commons","Element":"0M:[p:void] [ACAT.Lib.Core.ActuatorManagement.ActuatorEx, Core].StartCalibration()"},{"$type":"KaVE.Commons.Model.TypeShapes.MethodHierarchy, KaVE.Commons","Element":"0M:[p:void] [ACAT.Lib.Core.ActuatorManagement.ActuatorEx, Core].UpdateCalibrationStatus([e:ACAT.Lib.Core.Utility.Windows+WindowPosition, Core] position, [p:string] caption, [p:string] prompt, [p:int] timeout, [p:bool] enableConfigure)"},{"$type":"KaVE.Commons.Model.TypeShapes.MethodHierarchy, KaVE.Commons","Element":"0M:[p:void] [ACAT.Lib.Core.ActuatorManagement.ActuatorEx, Core].WaitForCalibration()"},{"$type":"KaVE.Commons.Model.TypeShapes.MethodHierarchy, KaVE.Commons","Element":"0M:[p:void] [ACAT.Lib.Core.ActuatorManagement.ActuatorEx, Core].WaitForInit()"},{"$type":"KaVE.Commons.Model.TypeShapes.MethodHierarchy, KaVE.Commons","Element":"0M:[p:void] [ACAT.Lib.Core.ActuatorManagement.ActuatorEx, Core].bgWorker_DoWork([p:object] sender, [System.ComponentModel.DoWorkEventArgs, System, 4.0.0.0] e)"},{"$type":"KaVE.Commons.Model.TypeShapes.MethodHierarchy, KaVE.Commons","Element":"0M:[p:void] [ACAT.Lib.Core.ActuatorManagement.ActuatorEx, Core].bgWorker_RunCompleted([p:object] sender, [System.ComponentModel.RunWorkerCompletedEventArgs, System, 4.0.0.0] e)"},{"$type":"KaVE.Commons.Model.TypeShapes.MethodHierarchy, KaVE.Commons","Element":"0M:[p:void] [ACAT.Lib.Core.ActuatorManagement.ActuatorEx, Core].closeCalibrationForm()"},{"$type":"KaVE.Commons.Model.TypeShapes.MethodHierarchy, KaVE.Commons","Element":"0M:[p:void] [ACAT.Lib.Core.ActuatorManagement.ActuatorEx, Core].hideCalibrationForm()"},{"$type":"KaVE.Commons.Model.TypeShapes.MethodHierarchy, KaVE.Commons","Element":"0M:[p:void] [ACAT.Lib.Core.ActuatorManagement.ActuatorEx, Core].showCalibrationForm([e:ACAT.Lib.Core.Utility.Windows+WindowPosition, Core] position, [p:string] caption, [p:string] prompt, [p:int] timeout, [p:bool] enableConfigure)"}],"PropertyHierarchies":[{"$type":"KaVE.Commons.Model.TypeShapes.PropertyHierarchy, KaVE.Commons","Element":"0P:set get [p:bool] [ACAT.Lib.Core.ActuatorManagement.ActuatorEx, Core].InitError()"}]},"SST":{"$type":"[SST:SST]","EnclosingType":"0T:ACAT.Lib.Core.ActuatorManagement.ActuatorEx, Core","Fields":[{"$type":"[SST:Declarations.FieldDeclaration]","Name":"0F:[i:ACAT.Lib.Core.ActuatorManagement.IActuator, Core] [ACAT.Lib.Core.ActuatorManagement.ActuatorEx, Core].SourceActuator"},{"$type":"[SST:Declarations.FieldDeclaration]","Name":"0F:[System.Threading.ManualResetEvent, mscorlib, 4.0.0.0] [ACAT.Lib.Core.ActuatorManagement.ActuatorEx, Core]._formCreatedEvent"},{"$type":"[SST:Declarations.FieldDeclaration]","Name":"0F:[ACAT.Lib.Core.ActuatorManagement.ActuatorEx+Worker, Core] [ACAT.Lib.Core.ActuatorManagement.ActuatorEx, Core]._bgWorker"},{"$type":"[SST:Declarations.FieldDeclaration]","Name":"0F:[System.Threading.ManualResetEvent, mscorlib, 4.0.0.0] [ACAT.Lib.Core.ActuatorManagement.ActuatorEx, Core]._bgTaskDoneEvent"},{"$type":"[SST:Declarations.FieldDeclaration]","Name":"0F:[System.Threading.ManualResetEvent, mscorlib, 4.0.0.0] [ACAT.Lib.Core.ActuatorManagement.ActuatorEx, Core]._calibrationDoneEvent"},{"$type":"[SST:Declarations.FieldDeclaration]","Name":"0F:[ACAT.Lib.Core.ActuatorManagement.CalibrationForm, Core] [ACAT.Lib.Core.ActuatorManagement.ActuatorEx, Core].calibrationForm"},{"$type":"[SST:Declarations.FieldDeclaration]","Name":"0F:[System.Threading.ManualResetEvent, mscorlib, 4.0.0.0] [ACAT.Lib.Core.ActuatorManagement.ActuatorEx, Core].initDoneEvent"}],"Properties":[{"$type":"[SST:Declarations.PropertyDeclaration]","Name":"0P:set get [p:bool] [ACAT.Lib.Core.ActuatorManagement.ActuatorEx, Core].InitError()","Get":[],"Set":[]}],"Methods":[{"$type":"[SST:Declarations.MethodDeclaration]","Name":"0M:[p:void] [ACAT.Lib.Core.ActuatorManagement.ActuatorEx, Core]..init()","IsEntryPoint":false,"Body":[{"$type":"[SST:Statements.Assignment]","Reference":{"$type":"[SST:References.FieldReference]","Reference":{"$type":"[SST:References.VariableReference]","Identifier":"this"},"FieldName":"0F:[System.Threading.ManualResetEvent, mscorlib, 4.0.0.0] [ACAT.Lib.Core.ActuatorManagement.ActuatorEx, Core]._formCreatedEvent"},"Expression":{"$type":"[SST:Expressions.Assignable.InvocationExpression]","Reference":{"$type":"[SST:References.VariableReference]","Identifier":""},"MethodName":"0M:[p:void] [System.Threading.ManualResetEvent, mscorlib, 4.0.0.0]..ctor([p:bool] initialState)","Parameters":[{"$type":"[SST:Expressions.Simple.ConstantValueExpression]","Value":"false"}]}},{"$type":"[SST:Statements.Assignment]","Reference":{"$type":"[SST:References.FieldReference]","Reference":{"$type":"[SST:References.VariableReference]","Identifier":"this"},"FieldName":"0F:[System.Threading.ManualResetEvent, mscorlib, 4.0.0.0] [ACAT.Lib.Core.ActuatorManagement.ActuatorEx, Core]._bgTaskDoneEvent"},"Expression":{"$type":"[SST:Expressions.Assignable.InvocationExpression]","Reference":{"$type":"[SST:References.VariableReference]","Identifier":""},"MethodName":"0M:[p:void] [System.Threading.ManualResetEvent, mscorlib, 4.0.0.0]..ctor([p:bool] initialState)","Parameters":[{"$type":"[SST:Expressions.Simple.ConstantValueExpression]","Value":"true"}]}},{"$type":"[SST:Statements.Assignment]","Reference":{"$type":"[SST:References.FieldReference]","Reference":{"$type":"[SST:References.VariableReference]","Identifier":"this"},"FieldName":"0F:[System.Threading.ManualResetEvent, mscorlib, 4.0.0.0] [ACAT.Lib.Core.ActuatorManagement.ActuatorEx, Core]._calibrationDoneEvent"},"Expression":{"$type":"[SST:Expressions.Assignable.InvocationExpression]","Reference":{"$type":"[SST:References.VariableReference]","Identifier":""},"MethodName":"0M:[p:void] [System.Threading.ManualResetEvent, mscorlib, 4.0.0.0]..ctor([p:bool] initialState)","Parameters":[{"$type":"[SST:Expressions.Simple.ConstantValueExpression]","Value":"true"}]}},{"$type":"[SST:Statements.Assignment]","Reference":{"$type":"[SST:References.FieldReference]","Reference":{"$type":"[SST:References.VariableReference]","Identifier":"this"},"FieldName":"0F:[System.Threading.ManualResetEvent, mscorlib, 4.0.0.0] [ACAT.Lib.Core.ActuatorManagement.ActuatorEx, Core].initDoneEvent"},"Expression":{"$type":"[SST:Expressions.Assignable.InvocationExpression]","Reference":{"$type":"[SST:References.VariableReference]","Identifier":""},"MethodName":"0M:[p:void] [System.Threading.ManualResetEvent, mscorlib, 4.0.0.0]..ctor([p:bool] initialState)","Parameters":[{"$type":"[SST:Expressions.Simple.ConstantValueExpression]","Value":"false"}]}}]},{"$type":"[SST:Declarations.MethodDeclaration]","Name":"0M:[p:void] [ACAT.Lib.Core.ActuatorManagement.ActuatorEx, Core]..ctor([i:ACAT.Lib.Core.ActuatorManagement.IActuator, Core] src)","IsEntryPoint":true,"Body":[{"$type":"[SST:Statements.Assignment]","Reference":{"$type":"[SST:References.FieldReference]","Reference":{"$type":"[SST:References.VariableReference]","Identifier":"this"},"FieldName":"0F:[i:ACAT.Lib.Core.ActuatorManagement.IActuator, Core] [ACAT.Lib.Core.ActuatorManagement.ActuatorEx, Core].SourceActuator"},"Expression":{"$type":"[SST:Expressions.Simple.ReferenceExpression]","Reference":{"$type":"[SST:References.VariableReference]","Identifier":"src"}}}]},{"$type":"[SST:Declarations.MethodDeclaration]","Name":"0M:[p:void] [ACAT.Lib.Core.ActuatorManagement.ActuatorEx, Core].CancelCalibration()","IsEntryPoint":true,"Body":[{"$type":"[SST:Statements.ExpressionStatement]","Expression":{"$type":"[SST:Expressions.Assignable.InvocationExpression]","Reference":{"$type":"[SST:References.VariableReference]","Identifier":"this"},"MethodName":"0M:[p:void] [ACAT.Lib.Core.ActuatorManagement.ActuatorEx, Core].closeCalibrationForm()","Parameters":[]}},{"$type":"[SST:Statements.VariableDeclaration]","Reference":{"$type":"[SST:References.VariableReference]","Identifier":"$0"},"Type":"0T:System.Threading.ManualResetEvent, mscorlib, 4.0.0.0"},{"$type":"[SST:Statements.Assignment]","Reference":{"$type":"[SST:References.VariableReference]","Identifier":"$0"},"Expression":{"$type":"[SST:Expressions.Simple.ReferenceExpression]","Reference":{"$type":"[SST:References.FieldReference]","Reference":{"$type":"[SST:References.VariableReference]","Identifier":"this"},"FieldName":"0F:[System.Threading.ManualResetEvent, mscorlib, 4.0.0.0] [ACAT.Lib.Core.ActuatorManagement.ActuatorEx, Core]._calibrationDoneEvent"}}},{"$type":"[SST:Statements.ExpressionStatement]","Expression":{"$type":"[SST:Expressions.Assignable.InvocationExpression]","Reference":{"$type":"[SST:References.VariableReference]","Identifier":"$0"},"MethodName":"0M:[p:bool] [System.Threading.EventWaitHandle, mscorlib, 4.0.0.0].Set()","Parameters":[]}}]},{"$type":"[SST:Declarations.MethodDeclaration]","Name":"0M:[p:void] [ACAT.Lib.Core.ActuatorManagement.ActuatorEx, Core].Init()","IsEntryPoint":true,"Body":[{"$type":"[SST:Statements.VariableDeclaration]","Reference":{"$type":"[SST:References.VariableReference]","Identifier":"$0"},"Type":"0T:i:ACAT.Lib.Core.ActuatorManagement.IActuator, Core"},{"$type":"[SST:Statements.Assignment]","Reference":{"$type":"[SST:References.VariableReference]","Identifier":"$0"},"Expression":{"$type":"[SST:Expressions.Simple.ReferenceExpression]","Reference":{"$type":"[SST:References.FieldReference]","Reference":{"$type":"[SST:References.VariableReference]","Identifier":"this"},"FieldName":"0F:[i:ACAT.Lib.Core.ActuatorManagement.IActuator, Core] [ACAT.Lib.Core.ActuatorManagement.ActuatorEx, Core].SourceActuator"}}},{"$type":"[SST:Statements.ExpressionStatement]","Expression":{"$type":"[SST:Expressions.Assignable.InvocationExpression]","Reference":{"$type":"[SST:References.VariableReference]","Identifier":"$0"},"MethodName":"0M:[p:bool] [i:ACAT.Lib.Core.ActuatorManagement.IActuator, Core].Init()","Parameters":[]}},{"$type":"[SST:Statements.ExpressionStatement]","Expression":{"$type":"[SST:Expressions.Assignable.InvocationExpression]","Reference":{"$type":"[SST:References.VariableReference]","Identifier":""},"MethodName":"0M:static [p:void] [ACAT.Lib.Core.Utility.Log, Core].Debug([p:string] message)","Parameters":[{"$type":"[SST:Expressions.Simple.ConstantValueExpression]"}]}},{"$type":"[SST:Statements.ExpressionStatement]","Expression":{"$type":"[SST:Expressions.Assignable.InvocationExpression]","Reference":{"$type":"[SST:References.VariableReference]","Identifier":"this"},"MethodName":"0M:[p:void] [ACAT.Lib.Core.ActuatorManagement.ActuatorEx, Core].WaitForInit()","Parameters":[]}},{"$type":"[SST:Statements.ExpressionStatement]","Expression":{"$type":"[SST:Expressions.Assignable.InvocationExpression]","Reference":{"$type":"[SST:References.VariableReference]","Identifier":""},"MethodName":"0M:static [p:void] [ACAT.Lib.Core.Utility.Log, Core].Debug([p:string] message)","Parameters":[{"$type":"[SST:Expressions.Simple.ConstantValueExpression]"}]}}]},{"$type":"[SST:Declarations.MethodDeclaration]","Name":"0M:[p:void] [ACAT.Lib.Core.ActuatorManagement.ActuatorEx, Core].OnDialogRequest()","IsEntryPoint":true,"Body":[{"$type":"[SST:Statements.VariableDeclaration]","Reference":{"$type":"[SST:References.VariableReference]","Identifier":"form"},"Type":"0T:System.Windows.Forms.Form, System.Windows.Forms, 4.0.0.0"},{"$type":"[SST:Statements.VariableDeclaration]","Reference":{"$type":"[SST:References.VariableReference]","Identifier":"$0"},"Type":"0T:i:ACAT.Lib.Core.ActuatorManagement.IActuator, Core"},{"$type":"[SST:Statements.Assignment]","Reference":{"$type":"[SST:References.VariableReference]","Identifier":"$0"},"Expression":{"$type":"[SST:Expressions.Simple.ReferenceExpression]","Reference":{"$type":"[SST:References.FieldReference]","Reference":{"$type":"[SST:References.VariableReference]","Identifier":"this"},"FieldName":"0F:[i:ACAT.Lib.Core.ActuatorManagement.IActuator, Core] [ACAT.Lib.Core.ActuatorManagement.ActuatorEx, Core].SourceActuator"}}},{"$type":"[SST:Statements.Assignment]","Reference":{"$type":"[SST:References.VariableReference]","Identifier":"form"},"Expression":{"$type":"[SST:Expressions.Assignable.InvocationExpression]","Reference":{"$type":"[SST:References.VariableReference]","Identifier":"$0"},"MethodName":"0M:[System.Windows.Forms.Form, System.Windows.Forms, 4.0.0.0] [i:ACAT.Lib.Core.ActuatorManagement.IActuator, Core].GetSettingsDialog()","Parameters":[]}},{"$type":"[SST:Statements.VariableDeclaration]","Reference":{"$type":"[SST:References.VariableReference]","Identifier":"$1"},"Type":"0T:p:bool"},{"$type":"[SST:Statements.Assignment]","Reference":{"$type":"[SST:References.VariableReference]","Identifier":"$1"},"Expression":{"$type":"[SST:Expressions.Assignable.BinaryExpression]","LeftOperand":{"$type":"[SST:Expressions.Simple.ReferenceExpression]","Reference":{"$type":"[SST:References.VariableReference]","Identifier":"form"}},"Operator":3,"RightOperand":{"$type":"[SST:Expressions.Simple.ConstantValueExpression]","Value":"null"}}},{"$type":"[SST:Blocks.IfElseBlock]","Condition":{"$type":"[SST:Expressions.Simple.ReferenceExpression]","Reference":{"$type":"[SST:References.VariableReference]","Identifier":"$1"}},"Then":[{"$type":"[SST:Statements.ReturnStatement]","Expression":{"$type":"[SST:Expressions.Simple.UnknownExpression]"},"IsVoid":true}],"Else":[]},{"$type":"[SST:Statements.ExpressionStatement]","Expression":{"$type":"[SST:Expressions.Assignable.InvocationExpression]","Reference":{"$type":"[SST:References.VariableReference]","Identifier":"form"},"MethodName":"0M:[e:System.Windows.Forms.DialogResult, System.Windows.Forms, 4.0.0.0] [System.Windows.Forms.Form, System.Windows.Forms, 4.0.0.0].ShowDialog()","Parameters":[]}}]},{"$type":"[SST:Declarations.MethodDeclaration]","Name":"0M:[p:void] [ACAT.Lib.Core.ActuatorManagement.ActuatorEx, Core].OnEndCalibration(opt [p:string] errorMessage, opt [p:bool] enableConfigure)","IsEntryPoint":true,"Body":[{"$type":"[SST:Statements.ExpressionStatement]","Expression":{"$type":"[SST:Expressions.Assignable.InvocationExpression]","Reference":{"$type":"[SST:References.VariableReference]","Identifier":""},"MethodName":"0M:static [p:void] [ACAT.Lib.Core.Utility.Log, Core].Debug([p:string] message)","Parameters":[{"$type":"[SST:Expressions.Simple.ConstantValueExpression]"}]}},{"$type":"[SST:Statements.VariableDeclaration]","Reference":{"$type":"[SST:References.VariableReference]","Identifier":"$0"},"Type":"0T:p:string"},{"$type":"[SST:Statements.Assignment]","Reference":{"$type":"[SST:References.VariableReference]","Identifier":"$0"},"Expression":{"$type":"[SST:Expressions.Assignable.ComposedExpression]","References":[{"$type":"[SST:References.VariableReference]","Identifier":"errorMessage"}]}},{"$type":"[SST:Statements.VariableDeclaration]","Reference":{"$type":"[SST:References.VariableReference]","Identifier":"$1"},"Type":"0T:p:bool"},{"$type":"[SST:Statements.Assignment]","Reference":{"$type":"[SST:References.VariableReference]","Identifier":"$1"},"Expression":{"$type":"[SST:Expressions.Assignable.InvocationExpression]","Reference":{"$type":"[SST:References.VariableReference]","Identifier":""},"MethodName":"0M:static [p:bool] [p:string].IsNullOrEmpty([p:string] value)","Parameters":[{"$type":"[SST:Expressions.Simple.ReferenceExpression]","Reference":{"$type":"[SST:References.VariableReference]","Identifier":"$0"}}]}},{"$type":"[SST:Statements.VariableDeclaration]","Reference":{"$type":"[SST:References.VariableReference]","Identifier":"$2"},"Type":"0T:p:bool"},{"$type":"[SST:Statements.Assignment]","Reference":{"$type":"[SST:References.VariableReference]","Identifier":"$2"},"Expression":{"$type":"[SST:Expressions.Assignable.UnaryExpression]","Operator":1,"Operand":{"$type":"[SST:Expressions.Simple.ReferenceExpression]","Reference":{"$type":"[SST:References.VariableReference]","Identifier":"$1"}}}},{"$type":"[SST:Blocks.IfElseBlock]","Condition":{"$type":"[SST:Expressions.Simple.ReferenceExpression]","Reference":{"$type":"[SST:References.VariableReference]","Identifier":"$2"}},"Then":[{"$type":"[SST:Statements.ExpressionStatement]","Expression":{"$type":"[SST:Expressions.Assignable.InvocationExpression]","Reference":{"$type":"[SST:References.VariableReference]","Identifier":"this"},"MethodName":"0M:[p:void] [ACAT.Lib.Core.ActuatorManagement.ActuatorEx, Core].hideCalibrationForm()","Parameters":[]}},{"$type":"[SST:Statements.ExpressionStatement]","Expression":{"$type":"[SST:Expressions.Assignable.InvocationExpression]","Reference":{"$type":"[SST:References.VariableReference]","Identifier":"this"},"MethodName":"0M:[p:void] [ACAT.Lib.Core.ActuatorManagement.ActuatorEx, Core].OnError([p:string] message, opt [p:bool] enableConfigure)","Parameters":[{"$type":"[SST:Expressions.Simple.ReferenceExpression]","Reference":{"$type":"[SST:References.VariableReference]","Identifier":"errorMessage"}},{"$type":"[SST:Expressions.Simple.ReferenceExpression]","Reference":{"$type":"[SST:References.VariableReference]","Identifier":"enableConfigure"}}]}}],"Else":[]},{"$type":"[SST:Statements.ExpressionStatement]","Expression":{"$type":"[SST:Expressions.Assignable.InvocationExpression]","Reference":{"$type":"[SST:References.VariableReference]","Identifier":"this"},"MethodName":"0M:[p:void] [ACAT.Lib.Core.ActuatorManagement.ActuatorEx, Core].closeCalibrationForm()","Parameters":[]}},{"$type":"[SST:Statements.VariableDeclaration]","Reference":{"$type":"[SST:References.VariableReference]","Identifier":"$3"},"Type":"0T:System.Threading.ManualResetEvent, mscorlib, 4.0.0.0"},{"$type":"[SST:Statements.Assignment]","Reference":{"$type":"[SST:References.VariableReference]","Identifier":"$3"},"Expression":{"$type":"[SST:Expressions.Simple.ReferenceExpression]","Reference":{"$type":"[SST:References.FieldReference]","Reference":{"$type":"[SST:References.VariableReference]","Identifier":"this"},"FieldName":"0F:[System.Threading.ManualResetEvent, mscorlib, 4.0.0.0] [ACAT.Lib.Core.ActuatorManagement.ActuatorEx, Core]._calibrationDoneEvent"}}},{"$type":"[SST:Statements.ExpressionStatement]","Expression":{"$type":"[SST:Expressions.Assignable.InvocationExpression]","Reference":{"$type":"[SST:References.VariableReference]","Identifier":"$3"},"MethodName":"0M:[p:bool] [System.Threading.EventWaitHandle, mscorlib, 4.0.0.0].Set()","Parameters":[]}}]},{"$type":"[SST:Declarations.MethodDeclaration]","Name":"0M:[p:void] [ACAT.Lib.Core.ActuatorManagement.ActuatorEx, Core].OnError([p:string] message, opt [p:bool] enableConfigure)","IsEntryPoint":false,"Body":[{"$type":"[SST:Statements.VariableDeclaration]","Reference":{"$type":"[SST:References.VariableReference]","Identifier":"errorForm"},"Type":"0T:ACAT.Lib.Core.ActuatorManagement.ActuatorErrorForm, Core"},{"$type":"[SST:Statements.Assignment]","Reference":{"$type":"[SST:References.VariableReference]","Identifier":"errorForm"},"Expression":{"$type":"[SST:Expressions.Assignable.InvocationExpression]","Reference":{"$type":"[SST:References.VariableReference]","Identifier":""},"MethodName":"0M:[p:void] [ACAT.Lib.Core.ActuatorManagement.ActuatorErrorForm, Core]..ctor()","Parameters":[]}},{"$type":"[SST:Statements.Assignment]","Reference":{"$type":"[SST:References.PropertyReference]","Reference":{"$type":"[SST:References.VariableReference]","Identifier":"errorForm"},"PropertyName":"0P:set get [p:bool] [ACAT.Lib.Core.ActuatorManagement.ActuatorErrorForm, Core].EnableConfigure()"},"Expression":{"$type":"[SST:Expressions.Simple.ReferenceExpression]","Reference":{"$type":"[SST:References.VariableReference]","Identifier":"enableConfigure"}}},{"$type":"[SST:Statements.Assignment]","Reference":{"$type":"[SST:References.PropertyReference]","Reference":{"$type":"[SST:References.VariableReference]","Identifier":"errorForm"},"PropertyName":"0P:set get [p:string] [ACAT.Lib.Core.ActuatorManagement.ActuatorErrorForm, Core].Caption()"},"Expression":{"$type":"[SST:Expressions.Simple.ConstantValueExpression]"}},{"$type":"[SST:Statements.Assignment]","Reference":{"$type":"[SST:References.PropertyReference]","Reference":{"$type":"[SST:References.VariableReference]","Identifier":"errorForm"},"PropertyName":"0P:set get [i:ACAT.Lib.Core.ActuatorManagement.IActuator, Core] [ACAT.Lib.Core.ActuatorManagement.ActuatorErrorForm, Core].SourceActuator()"},"Expression":{"$type":"[SST:Expressions.Simple.ReferenceExpression]","Reference":{"$type":"[SST:References.FieldReference]","Reference":{"$type":"[SST:References.VariableReference]","Identifier":"this"},"FieldName":"0F:[i:ACAT.Lib.Core.ActuatorManagement.IActuator, Core] [ACAT.Lib.Core.ActuatorManagement.ActuatorEx, Core].SourceActuator"}}},{"$type":"[SST:Statements.Assignment]","Reference":{"$type":"[SST:References.PropertyReference]","Reference":{"$type":"[SST:References.VariableReference]","Identifier":"errorForm"},"PropertyName":"0P:set get [p:string] [ACAT.Lib.Core.ActuatorManagement.ActuatorErrorForm, Core].Prompt()"},"Expression":{"$type":"[SST:Expressions.Simple.ReferenceExpression]","Reference":{"$type":"[SST:References.VariableReference]","Identifier":"message"}}},{"$type":"[SST:Statements.ExpressionStatement]","Expression":{"$type":"[SST:Expressions.Assignable.InvocationExpression]","Reference":{"$type":"[SST:References.VariableReference]","Identifier":"errorForm"},"MethodName":"0M:[e:System.Windows.Forms.DialogResult, System.Windows.Forms, 4.0.0.0] [System.Windows.Forms.Form, System.Windows.Forms, 4.0.0.0].ShowDialog()","Parameters":[]}}]},{"$type":"[SST:Declarations.MethodDeclaration]","Name":"0M:[p:void] [ACAT.Lib.Core.ActuatorManagement.ActuatorEx, Core].OnInitDone(opt [p:bool] success)","IsEntryPoint":true,"Body":[{"$type":"[SST:Statements.Assignment]","Reference":{"$type":"[SST:References.PropertyReference]","Reference":{"$type":"[SST:References.VariableReference]","Identifier":"this"},"PropertyName":"0P:set get [p:bool] [ACAT.Lib.Core.ActuatorManagement.ActuatorEx, Core].InitError()"},"Expression":{"$type":"[SST:Expressions.Assignable.UnaryExpression]","Operator":1,"Operand":{"$type":"[SST:Expressions.Simple.ReferenceExpression]","Reference":{"$type":"[SST:References.VariableReference]","Identifier":"success"}}}},{"$type":"[SST:Statements.VariableDeclaration]","Reference":{"$type":"[SST:References.VariableReference]","Identifier":"$0"},"Type":"0T:System.Threading.ManualResetEvent, mscorlib, 4.0.0.0"},{"$type":"[SST:Statements.Assignment]","Reference":{"$type":"[SST:References.VariableReference]","Identifier":"$0"},"Expression":{"$type":"[SST:Expressions.Simple.ReferenceExpression]","Reference":{"$type":"[SST:References.FieldReference]","Reference":{"$type":"[SST:References.VariableReference]","Identifier":"this"},"FieldName":"0F:[System.Threading.ManualResetEvent, mscorlib, 4.0.0.0] [ACAT.Lib.Core.ActuatorManagement.ActuatorEx, Core].initDoneEvent"}}},{"$type":"[SST:Statements.ExpressionStatement]","Expression":{"$type":"[SST:Expressions.Assignable.InvocationExpression]","Reference":{"$type":"[SST:References.VariableReference]","Identifier":"$0"},"MethodName":"0M:[p:bool] [System.Threading.EventWaitHandle, mscorlib, 4.0.0.0].Set()","Parameters":[]}}]},{"$type":"[SST:Declarations.MethodDeclaration]","Name":"0M:[p:void] [ACAT.Lib.Core.ActuatorManagement.ActuatorEx, Core].RequestCalibration()","IsEntryPoint":true,"Body":[{"$type":"[SST:Statements.VariableDeclaration]","Reference":{"$type":"[SST:References.VariableReference]","Identifier":"$0"},"Type":"0T:System.Threading.ManualResetEvent, mscorlib, 4.0.0.0"},{"$type":"[SST:Statements.Assignment]","Reference":{"$type":"[SST:References.VariableReference]","Identifier":"$0"},"Expression":{"$type":"[SST:Expressions.Simple.ReferenceExpression]","Reference":{"$type":"[SST:References.FieldReference]","Reference":{"$type":"[SST:References.VariableReference]","Identifier":"this"},"FieldName":"0F:[System.Threading.ManualResetEvent, mscorlib, 4.0.0.0] [ACAT.Lib.Core.ActuatorManagement.ActuatorEx, Core]._calibrationDoneEvent"}}},{"$type":"[SST:Statements.ExpressionStatement]","Expression":{"$type":"[SST:Expressions.Assignable.InvocationExpression]","Reference":{"$type":"[SST:References.VariableReference]","Identifier":"$0"},"MethodName":"0M:[p:bool] [System.Threading.EventWaitHandle, mscorlib, 4.0.0.0].Reset()","Parameters":[]}}]},{"$type":"[SST:Declarations.MethodDeclaration]","Name":"0M:[p:void] [ACAT.Lib.Core.ActuatorManagement.ActuatorEx, Core].StartCalibration()","IsEntryPoint":true,"Body":[{"$type":"[SST:Statements.VariableDeclaration]","Reference":{"$type":"[SST:References.VariableReference]","Identifier":"$0"},"Type":"0T:i:ACAT.Lib.Core.ActuatorManagement.IActuator, Core"},{"$type":"[SST:Statements.Assignment]","Reference":{"$type":"[SST:References.VariableReference]","Identifier":"$0"},"Expression":{"$type":"[SST:Expressions.Simple.ReferenceExpression]","Reference":{"$type":"[SST:References.FieldReference]","Reference":{"$type":"[SST:References.VariableReference]","Identifier":"this"},"FieldName":"0F:[i:ACAT.Lib.Core.ActuatorManagement.IActuator, Core] [ACAT.Lib.Core.ActuatorManagement.ActuatorEx, Core].SourceActuator"}}},{"$type":"[SST:Statements.ExpressionStatement]","Expression":{"$type":"[SST:Expressions.Assignable.InvocationExpression]","Reference":{"$type":"[SST:References.VariableReference]","Identifier":"$0"},"MethodName":"0M:[p:void] [i:ACAT.Lib.Core.ActuatorManagement.IActuator, Core].StartCalibration()","Parameters":[]}}]},{"$type":"[SST:Declarations.MethodDeclaration]","Name":"0M:[p:void] [ACAT.Lib.Core.ActuatorManagement.ActuatorEx, Core].UpdateCalibrationStatus([e:ACAT.Lib.Core.Utility.Windows+WindowPosition, Core] position, [p:string] caption, [p:string] prompt, [p:int] timeout, [p:bool] enableConfigure)","IsEntryPoint":true,"Body":[{"$type":"[SST:Statements.VariableDeclaration]","Reference":{"$type":"[SST:References.VariableReference]","Identifier":"$0"},"Type":"0T:p:bool"},{"$type":"[SST:Statements.Assignment]","Reference":{"$type":"[SST:References.VariableReference]","Identifier":"$0"},"Expression":{"$type":"[SST:Expressions.Assignable.BinaryExpression]","LeftOperand":{"$type":"[SST:Expressions.Simple.ReferenceExpression]","Reference":{"$type":"[SST:References.FieldReference]","Reference":{"$type":"[SST:References.VariableReference]","Identifier":"this"},"FieldName":"0F:[ACAT.Lib.Core.ActuatorManagement.CalibrationForm, Core] [ACAT.Lib.Core.ActuatorManagement.ActuatorEx, Core].calibrationForm"}},"Operator":3,"RightOperand":{"$type":"[SST:Expressions.Simple.ConstantValueExpression]","Value":"null"}}},{"$type":"[SST:Blocks.IfElseBlock]","Condition":{"$type":"[SST:Expressions.Simple.ReferenceExpression]","Reference":{"$type":"[SST:References.VariableReference]","Identifier":"$0"}},"Then":[{"$type":"[SST:Statements.ExpressionStatement]","Expression":{"$type":"[SST:Expressions.Assignable.InvocationExpression]","Reference":{"$type":"[SST:References.VariableReference]","Identifier":"this"},"MethodName":"0M:[p:void] [ACAT.Lib.Core.ActuatorManagement.ActuatorEx, Core].showCalibrationForm([e:ACAT.Lib.Core.Utility.Windows+WindowPosition, Core] position, [p:string] caption, [p:string] prompt, [p:int] timeout, [p:bool] enableConfigure)","Parameters":[{"$type":"[SST:Expressions.Simple.ReferenceExpression]","Reference":{"$type":"[SST:References.VariableReference]","Identifier":"position"}},{"$type":"[SST:Expressions.Simple.ReferenceExpression]","Reference":{"$type":"[SST:References.VariableReference]","Identifier":"caption"}},{"$type":"[SST:Expressions.Simple.ReferenceExpression]","Reference":{"$type":"[SST:References.VariableReference]","Identifier":"prompt"}},{"$type":"[SST:Expressions.Simple.ReferenceExpression]","Reference":{"$type":"[SST:References.VariableReference]","Identifier":"timeout"}},{"$type":"[SST:Expressions.Simple.ReferenceExpression]","Reference":{"$type":"[SST:References.VariableReference]","Identifier":"enableConfigure"}}]}}],"Else":[{"$type":"[SST:Statements.VariableDeclaration]","Reference":{"$type":"[SST:References.VariableReference]","Identifier":"$1"},"Type":"0T:ACAT.Lib.Core.ActuatorManagement.CalibrationForm, Core"},{"$type":"[SST:Statements.Assignment]","Reference":{"$type":"[SST:References.VariableReference]","Identifier":"$1"},"Expression":{"$type":"[SST:Expressions.Simple.ReferenceExpression]","Reference":{"$type":"[SST:References.FieldReference]","Reference":{"$type":"[SST:References.VariableReference]","Identifier":"this"},"FieldName":"0F:[ACAT.Lib.Core.ActuatorManagement.CalibrationForm, Core] [ACAT.Lib.Core.ActuatorManagement.ActuatorEx, Core].calibrationForm"}}},{"$type":"[SST:Blocks.IfElseBlock]","Condition":{"$type":"[SST:Expressions.Simple.ReferenceExpression]","Reference":{"$type":"[SST:References.PropertyReference]","Reference":{"$type":"[SST:References.VariableReference]","Identifier":"$1"},"PropertyName":"0P:set get [p:bool] [System.Windows.Forms.Control, System.Windows.Forms, 4.0.0.0].Visible()"}},"Then":[{"$type":"[SST:Statements.VariableDeclaration]","Reference":{"$type":"[SST:References.VariableReference]","Identifier":"$2"},"Type":"0T:ACAT.Lib.Core.ActuatorManagement.CalibrationForm, Core"},{"$type":"[SST:Statements.Assignment]","Reference":{"$type":"[SST:References.VariableReference]","Identifier":"$2"},"Expression":{"$type":"[SST:Expressions.Simple.ReferenceExpression]","Reference":{"$type":"[SST:References.FieldReference]","Reference":{"$type":"[SST:References.VariableReference]","Identifier":"this"},"FieldName":"0F:[ACAT.Lib.Core.ActuatorManagement.CalibrationForm, Core] [ACAT.Lib.Core.ActuatorManagement.ActuatorEx, Core].calibrationForm"}}},{"$type":"[SST:Statements.ExpressionStatement]","Expression":{"$type":"[SST:Expressions.Assignable.InvocationExpression]","Reference":{"$type":"[SST:References.VariableReference]","Identifier":"$2"},"MethodName":"0M:[p:void] [ACAT.Lib.Core.ActuatorManagement.CalibrationForm, Core].Update([p:string] caption, [p:string] prompt)","Parameters":[{"$type":"[SST:Expressions.Simple.ReferenceExpression]","Reference":{"$type":"[SST:References.VariableReference]","Identifier":"caption"}},{"$type":"[SST:Expressions.Simple.ReferenceExpression]","Reference":{"$type":"[SST:References.VariableReference]","Identifier":"prompt"}}]}}],"Else":[]}]}]},{"$type":"[SST:Declarations.MethodDeclaration]","Name":"0M:[p:void] [ACAT.Lib.Core.ActuatorManagement.ActuatorEx, Core].WaitForCalibration()","IsEntryPoint":true,"Body":[{"$type":"[SST:Statements.ExpressionStatement]","Expression":{"$type":"[SST:Expressions.Assignable.InvocationExpression]","Reference":{"$type":"[SST:References.VariableReference]","Identifier":""},"MethodName":"0M:static [p:void] [ACAT.Lib.Core.Utility.Log, Core].Debug([p:string] message)","Parameters":[{"$type":"[SST:Expressions.Simple.ConstantValueExpression]"}]}},{"$type":"[SST:Statements.VariableDeclaration]","Reference":{"$type":"[SST:References.VariableReference]","Identifier":"$0"},"Type":"0T:System.Threading.ManualResetEvent, mscorlib, 4.0.0.0"},{"$type":"[SST:Statements.Assignment]","Reference":{"$type":"[SST:References.VariableReference]","Identifier":"$0"},"Expression":{"$type":"[SST:Expressions.Simple.ReferenceExpression]","Reference":{"$type":"[SST:References.FieldReference]","Reference":{"$type":"[SST:References.VariableReference]","Identifier":"this"},"FieldName":"0F:[System.Threading.ManualResetEvent, mscorlib, 4.0.0.0] [ACAT.Lib.Core.ActuatorManagement.ActuatorEx, Core]._calibrationDoneEvent"}}},{"$type":"[SST:Statements.ExpressionStatement]","Expression":{"$type":"[SST:Expressions.Assignable.InvocationExpression]","Reference":{"$type":"[SST:References.VariableReference]","Identifier":"$0"},"MethodName":"0M:[p:bool] [System.Threading.WaitHandle, mscorlib, 4.0.0.0].WaitOne()","Parameters":[]}},{"$type":"[SST:Statements.ExpressionStatement]","Expression":{"$type":"[SST:Expressions.Assignable.InvocationExpression]","Reference":{"$type":"[SST:References.VariableReference]","Identifier":""},"MethodName":"0M:static [p:void] [ACAT.Lib.Core.Utility.Log, Core].Debug([p:string] message)","Parameters":[{"$type":"[SST:Expressions.Simple.ConstantValueExpression]"}]}},{"$type":"[SST:Statements.ExpressionStatement]","Expression":{"$type":"[SST:Expressions.Assignable.InvocationExpression]","Reference":{"$type":"[SST:References.VariableReference]","Identifier":""},"MethodName":"0M:static [p:void] [ACAT.Lib.Core.Utility.Log, Core].Debug([p:string] message)","Parameters":[{"$type":"[SST:Expressions.Simple.ConstantValueExpression]"}]}},{"$type":"[SST:Statements.VariableDeclaration]","Reference":{"$type":"[SST:References.VariableReference]","Identifier":"$1"},"Type":"0T:System.Threading.ManualResetEvent, mscorlib, 4.0.0.0"},{"$type":"[SST:Statements.Assignment]","Reference":{"$type":"[SST:References.VariableReference]","Identifier":"$1"},"Expression":{"$type":"[SST:Expressions.Simple.ReferenceExpression]","Reference":{"$type":"[SST:References.FieldReference]","Reference":{"$type":"[SST:References.VariableReference]","Identifier":"this"},"FieldName":"0F:[System.Threading.ManualResetEvent, mscorlib, 4.0.0.0] [ACAT.Lib.Core.ActuatorManagement.ActuatorEx, Core]._bgTaskDoneEvent"}}},{"$type":"[SST:Statements.ExpressionStatement]","Expression":{"$type":"[SST:Expressions.Assignable.InvocationExpression]","Reference":{"$type":"[SST:References.VariableReference]","Identifier":"$1"},"MethodName":"0M:[p:bool] [System.Threading.WaitHandle, mscorlib, 4.0.0.0].WaitOne()","Parameters":[]}},{"$type":"[SST:Statements.ExpressionStatement]","Expression":{"$type":"[SST:Expressions.Assignable.InvocationExpression]","Reference":{"$type":"[SST:References.VariableReference]","Identifier":""},"MethodName":"0M:static [p:void] [ACAT.Lib.Core.Utility.Log, Core].Debug([p:string] message)","Parameters":[{"$type":"[SST:Expressions.Simple.ConstantValueExpression]"}]}}]},{"$type":"[SST:Declarations.MethodDeclaration]","Name":"0M:[p:void] [ACAT.Lib.Core.ActuatorManagement.ActuatorEx, Core].WaitForInit()","IsEntryPoint":false,"Body":[{"$type":"[SST:Statements.ExpressionStatement]","Expression":{"$type":"[SST:Expressions.Assignable.InvocationExpression]","Reference":{"$type":"[SST:References.VariableReference]","Identifier":""},"MethodName":"0M:static [p:void] [ACAT.Lib.Core.Utility.Log, Core].Debug([p:string] message)","Parameters":[{"$type":"[SST:Expressions.Simple.ConstantValueExpression]"}]}},{"$type":"[SST:Statements.VariableDeclaration]","Reference":{"$type":"[SST:References.VariableReference]","Identifier":"$0"},"Type":"0T:System.Threading.ManualResetEvent, mscorlib, 4.0.0.0"},{"$type":"[SST:Statements.Assignment]","Reference":{"$type":"[SST:References.VariableReference]","Identifier":"$0"},"Expression":{"$type":"[SST:Expressions.Simple.ReferenceExpression]","Reference":{"$type":"[SST:References.FieldReference]","Reference":{"$type":"[SST:References.VariableReference]","Identifier":"this"},"FieldName":"0F:[System.Threading.ManualResetEvent, mscorlib, 4.0.0.0] [ACAT.Lib.Core.ActuatorManagement.ActuatorEx, Core].initDoneEvent"}}},{"$type":"[SST:Statements.ExpressionStatement]","Expression":{"$type":"[SST:Expressions.Assignable.InvocationExpression]","Reference":{"$type":"[SST:References.VariableReference]","Identifier":"$0"},"MethodName":"0M:[p:bool] [System.Threading.WaitHandle, mscorlib, 4.0.0.0].WaitOne()","Parameters":[]}},{"$type":"[SST:Statements.ExpressionStatement]","Expression":{"$type":"[SST:Expressions.Assignable.InvocationExpression]","Reference":{"$type":"[SST:References.VariableReference]","Identifier":""},"MethodName":"0M:static [p:void] [ACAT.Lib.Core.Utility.Log, Core].Debug([p:string] message)","Parameters":[{"$type":"[SST:Expressions.Simple.ConstantValueExpression]"}]}}]},{"$type":"[SST:Declarations.MethodDeclaration]","Name":"0M:[p:void] [ACAT.Lib.Core.ActuatorManagement.ActuatorEx, Core].bgWorker_DoWork([p:object] sender, [System.ComponentModel.DoWorkEventArgs, System, 4.0.0.0] e)","IsEntryPoint":false,"Body":[{"$type":"[SST:Statements.VariableDeclaration]","Reference":{"$type":"[SST:References.VariableReference]","Identifier":"worker"},"Type":"0T:ACAT.Lib.Core.ActuatorManagement.ActuatorEx+Worker, Core"},{"$type":"[SST:Statements.Assignment]","Reference":{"$type":"[SST:References.VariableReference]","Identifier":"worker"},"Expression":{"$type":"[SST:Expressions.Assignable.CastExpression]","TargetType":"0T:ACAT.Lib.Core.ActuatorManagement.ActuatorEx+Worker, Core","Operator":0,"Reference":{"$type":"[SST:References.VariableReference]","Identifier":"sender"}}},{"$type":"[SST:Statements.Assignment]","Reference":{"$type":"[SST:References.VariableReference]","Identifier":"calibrationForm"},"Expression":{"$type":"[SST:Expressions.Assignable.InvocationExpression]","Reference":{"$type":"[SST:References.VariableReference]","Identifier":""},"MethodName":"0M:[p:void] [ACAT.Lib.Core.ActuatorManagement.CalibrationForm, Core]..ctor()","Parameters":[]}},{"$type":"[SST:Statements.Assignment]","Reference":{"$type":"[SST:References.PropertyReference]","Reference":{"$type":"[SST:References.VariableReference]","Identifier":"calibrationForm"},"PropertyName":"0P:set get [p:string] [ACAT.Lib.Core.ActuatorManagement.CalibrationForm, Core].Caption()"},"Expression":{"$type":"[SST:Expressions.Simple.ReferenceExpression]","Reference":{"$type":"[SST:References.PropertyReference]","Reference":{"$type":"[SST:References.VariableReference]","Identifier":"worker"},"PropertyName":"0P:set get [p:string] [ACAT.Lib.Core.ActuatorManagement.ActuatorEx+Worker, Core].Caption()"}}},{"$type":"[SST:Statements.Assignment]","Reference":{"$type":"[SST:References.PropertyReference]","Reference":{"$type":"[SST:References.VariableReference]","Identifier":"calibrationForm"},"PropertyName":"0P:set get [p:string] [ACAT.Lib.Core.ActuatorManagement.CalibrationForm, Core].Prompt()"},"Expression":{"$type":"[SST:Expressions.Simple.ReferenceExpression]","Reference":{"$type":"[SST:References.PropertyReference]","Reference":{"$type":"[SST:References.VariableReference]","Identifier":"worker"},"PropertyName":"0P:set get [p:string] [ACAT.Lib.Core.ActuatorManagement.ActuatorEx+Worker, Core].Prompt()"}}},{"$type":"[SST:Statements.Assignment]","Reference":{"$type":"[SST:References.PropertyReference]","Reference":{"$type":"[SST:References.VariableReference]","Identifier":"calibrationForm"},"PropertyName":"0P:set get [i:ACAT.Lib.Core.ActuatorManagement.IActuator, Core] [ACAT.Lib.Core.ActuatorManagement.CalibrationForm, Core].SourceActuator()"},"Expression":{"$type":"[SST:Expressions.Simple.ReferenceExpression]","Reference":{"$type":"[SST:References.FieldReference]","Reference":{"$type":"[SST:References.VariableReference]","Identifier":"this"},"FieldName":"0F:[i:ACAT.Lib.Core.ActuatorManagement.IActuator, Core] [ACAT.Lib.Core.ActuatorManagement.ActuatorEx, Core].SourceActuator"}}},{"$type":"[SST:Statements.Assignment]","Reference":{"$type":"[SST:References.PropertyReference]","Reference":{"$type":"[SST:References.VariableReference]","Identifier":"calibrationForm"},"PropertyName":"0P:set get [p:int] [ACAT.Lib.Core.ActuatorManagement.CalibrationForm, Core].Timeout()"},"Expression":{"$type":"[SST:Expressions.Simple.ReferenceExpression]","Reference":{"$type":"[SST:References.PropertyReference]","Reference":{"$type":"[SST:References.VariableReference]","Identifier":"worker"},"PropertyName":"0P:set get [p:int] [ACAT.Lib.Core.ActuatorManagement.ActuatorEx+Worker, Core].Timeout()"}}},{"$type":"[SST:Statements.Assignment]","Reference":{"$type":"[SST:References.PropertyReference]","Reference":{"$type":"[SST:References.VariableReference]","Identifier":"calibrationForm"},"PropertyName":"0P:set get [p:bool] [ACAT.Lib.Core.ActuatorManagement.CalibrationForm, Core].EnableConfigure()"},"Expression":{"$type":"[SST:Expressions.Simple.ReferenceExpression]","Reference":{"$type":"[SST:References.PropertyReference]","Reference":{"$type":"[SST:References.VariableReference]","Identifier":"worker"},"PropertyName":"0P:set get [p:bool] [ACAT.Lib.Core.ActuatorManagement.ActuatorEx+Worker, Core].EnableConfigure()"}}},{"$type":"[SST:Statements.Assignment]","Reference":{"$type":"[SST:References.FieldReference]","Reference":{"$type":"[SST:References.VariableReference]","Identifier":"this"},"FieldName":"0F:[ACAT.Lib.Core.ActuatorManagement.CalibrationForm, Core] [ACAT.Lib.Core.ActuatorManagement.ActuatorEx, Core].calibrationForm"},"Expression":{"$type":"[SST:Expressions.Simple.ReferenceExpression]","Reference":{"$type":"[SST:References.VariableReference]","Identifier":"calibrationForm"}}},{"$type":"[SST:Statements.ExpressionStatement]","Expression":{"$type":"[SST:Expressions.Assignable.InvocationExpression]","Reference":{"$type":"[SST:References.VariableReference]","Identifier":""},"MethodName":"0M:static [p:void] [ACAT.Lib.Core.Utility.Windows, Core].SetWindowPosition([System.Windows.Forms.Form, System.Windows.Forms, 4.0.0.0] form, [e:ACAT.Lib.Core.Utility.Windows+WindowPosition, Core] position)","Parameters":[{"$type":"[SST:Expressions.Simple.ReferenceExpression]","Reference":{"$type":"[SST:References.FieldReference]","Reference":{"$type":"[SST:References.VariableReference]","Identifier":"this"},"FieldName":"0F:[ACAT.Lib.Core.ActuatorManagement.CalibrationForm, Core] [ACAT.Lib.Core.ActuatorManagement.ActuatorEx, Core].calibrationForm"}},{"$type":"[SST:Expressions.Simple.ReferenceExpression]","Reference":{"$type":"[SST:References.PropertyReference]","Reference":{"$type":"[SST:References.VariableReference]","Identifier":"worker"},"PropertyName":"0P:set get [e:ACAT.Lib.Core.Utility.Windows+WindowPosition, Core] [ACAT.Lib.Core.ActuatorManagement.ActuatorEx+Worker, Core].Position()"}}]}},{"$type":"[SST:Statements.VariableDeclaration]","Reference":{"$type":"[SST:References.VariableReference]","Identifier":"$0"},"Type":"0T:System.Threading.ManualResetEvent, mscorlib, 4.0.0.0"},{"$type":"[SST:Statements.Assignment]","Reference":{"$type":"[SST:References.VariableReference]","Identifier":"$0"},"Expression":{"$type":"[SST:Expressions.Simple.ReferenceExpression]","Reference":{"$type":"[SST:References.FieldReference]","Reference":{"$type":"[SST:References.VariableReference]","Identifier":"this"},"FieldName":"0F:[System.Threading.ManualResetEvent, mscorlib, 4.0.0.0] [ACAT.Lib.Core.ActuatorManagement.ActuatorEx, Core]._formCreatedEvent"}}},{"$type":"[SST:Statements.ExpressionStatement]","Expression":{"$type":"[SST:Expressions.Assignable.InvocationExpression]","Reference":{"$type":"[SST:References.VariableReference]","Identifier":"$0"},"MethodName":"0M:[p:bool] [System.Threading.EventWaitHandle, mscorlib, 4.0.0.0].Set()","Parameters":[]}},{"$type":"[SST:Statements.VariableDeclaration]","Reference":{"$type":"[SST:References.VariableReference]","Identifier":"$1"},"Type":"0T:ACAT.Lib.Core.ActuatorManagement.CalibrationForm, Core"},{"$type":"[SST:Statements.Assignment]","Reference":{"$type":"[SST:References.VariableReference]","Identifier":"$1"},"Expression":{"$type":"[SST:Expressions.Simple.ReferenceExpression]","Reference":{"$type":"[SST:References.FieldReference]","Reference":{"$type":"[SST:References.VariableReference]","Identifier":"this"},"FieldName":"0F:[ACAT.Lib.Core.ActuatorManagement.CalibrationForm, Core] [ACAT.Lib.Core.ActuatorManagement.ActuatorEx, Core].calibrationForm"}}},{"$type":"[SST:Statements.ExpressionStatement]","Expression":{"$type":"[SST:Expressions.Assignable.InvocationExpression]","Reference":{"$type":"[SST:References.VariableReference]","Identifier":"$1"},"MethodName":"0M:[e:System.Windows.Forms.DialogResult, System.Windows.Forms, 4.0.0.0] [System.Windows.Forms.Form, System.Windows.Forms, 4.0.0.0].ShowDialog()","Parameters":[]}},{"$type":"[SST:Statements.VariableDeclaration]","Reference":{"$type":"[SST:References.VariableReference]","Identifier":"$2"},"Type":"0T:ACAT.Lib.Core.ActuatorManagement.CalibrationForm, Core"},{"$type":"[SST:Statements.Assignment]","Reference":{"$type":"[SST:References.VariableReference]","Identifier":"$2"},"Expression":{"$type":"[SST:Expressions.Simple.ReferenceExpression]","Reference":{"$type":"[SST:References.FieldReference]","Reference":{"$type":"[SST:References.VariableReference]","Identifier":"this"},"FieldName":"0F:[ACAT.Lib.Core.ActuatorManagement.CalibrationForm, Core] [ACAT.Lib.Core.ActuatorManagement.ActuatorEx, Core].calibrationForm"}}},{"$type":"[SST:Statements.ExpressionStatement]","Expression":{"$type":"[SST:Expressions.Assignable.InvocationExpression]","Reference":{"$type":"[SST:References.VariableReference]","Identifier":"$2"},"MethodName":"0M:[p:void] [System.ComponentModel.Component, System, 4.0.0.0].Dispose()","Parameters":[]}}]},{"$type":"[SST:Declarations.MethodDeclaration]","Name":"0M:[p:void] [ACAT.Lib.Core.ActuatorManagement.ActuatorEx, Core].bgWorker_RunCompleted([p:object] sender, [System.ComponentModel.RunWorkerCompletedEventArgs, System, 4.0.0.0] e)","IsEntryPoint":false,"Body":[{"$type":"[SST:Statements.ExpressionStatement]","Expression":{"$type":"[SST:Expressions.Assignable.InvocationExpression]","Reference":{"$type":"[SST:References.VariableReference]","Identifier":""},"MethodName":"0M:static [p:void] [ACAT.Lib.Core.Utility.Log, Core].Debug([p:string] message)","Parameters":[{"$type":"[SST:Expressions.Simple.ConstantValueExpression]"}]}},{"$type":"[SST:Statements.VariableDeclaration]","Reference":{"$type":"[SST:References.VariableReference]","Identifier":"$0"},"Type":"0T:System.Threading.ManualResetEvent, mscorlib, 4.0.0.0"},{"$type":"[SST:Statements.Assignment]","Reference":{"$type":"[SST:References.VariableReference]","Identifier":"$0"},"Expression":{"$type":"[SST:Expressions.Simple.ReferenceExpression]","Reference":{"$type":"[SST:References.FieldReference]","Reference":{"$type":"[SST:References.VariableReference]","Identifier":"this"},"FieldName":"0F:[System.Threading.ManualResetEvent, mscorlib, 4.0.0.0] [ACAT.Lib.Core.ActuatorManagement.ActuatorEx, Core]._bgTaskDoneEvent"}}},{"$type":"[SST:Statements.ExpressionStatement]","Expression":{"$type":"[SST:Expressions.Assignable.InvocationExpression]","Reference":{"$type":"[SST:References.VariableReference]","Identifier":"$0"},"MethodName":"0M:[p:bool] [System.Threading.EventWaitHandle, mscorlib, 4.0.0.0].Set()","Parameters":[]}}]},{"$type":"[SST:Declarations.MethodDeclaration]","Name":"0M:[p:void] [ACAT.Lib.Core.ActuatorManagement.ActuatorEx, Core].closeCalibrationForm()","IsEntryPoint":false,"Body":[{"$type":"[SST:Blocks.TryBlock]","Body":[{"$type":"[SST:Statements.VariableDeclaration]","Reference":{"$type":"[SST:References.VariableReference]","Identifier":"$0"},"Type":"0T:p:bool"},{"$type":"[SST:Statements.Assignment]","Reference":{"$type":"[SST:References.VariableReference]","Identifier":"$0"},"Expression":{"$type":"[SST:Expressions.Assignable.BinaryExpression]","LeftOperand":{"$type":"[SST:Expressions.Simple.ReferenceExpression]","Reference":{"$type":"[SST:References.FieldReference]","Reference":{"$type":"[SST:References.VariableReference]","Identifier":"this"},"FieldName":"0F:[ACAT.Lib.Core.ActuatorManagement.CalibrationForm, Core] [ACAT.Lib.Core.ActuatorManagement.ActuatorEx, Core].calibrationForm"}},"Operator":6,"RightOperand":{"$type":"[SST:Expressions.Simple.ConstantValueExpression]","Value":"null"}}},{"$type":"[SST:Blocks.IfElseBlock]","Condition":{"$type":"[SST:Expressions.Simple.ReferenceExpression]","Reference":{"$type":"[SST:References.VariableReference]","Identifier":"$0"}},"Then":[{"$type":"[SST:Statements.VariableDeclaration]","Reference":{"$type":"[SST:References.VariableReference]","Identifier":"$1"},"Type":"0T:ACAT.Lib.Core.ActuatorManagement.CalibrationForm, Core"},{"$type":"[SST:Statements.Assignment]","Reference":{"$type":"[SST:References.VariableReference]","Identifier":"$1"},"Expression":{"$type":"[SST:Expressions.Simple.ReferenceExpression]","Reference":{"$type":"[SST:References.FieldReference]","Reference":{"$type":"[SST:References.VariableReference]","Identifier":"this"},"FieldName":"0F:[ACAT.Lib.Core.ActuatorManagement.CalibrationForm, Core] [ACAT.Lib.Core.ActuatorManagement.ActuatorEx, Core].calibrationForm"}}},{"$type":"[SST:Statements.ExpressionStatement]","Expression":{"$type":"[SST:Expressions.Assignable.InvocationExpression]","Reference":{"$type":"[SST:References.VariableReference]","Identifier":"$1"},"MethodName":"0M:[p:void] [ACAT.Lib.Core.ActuatorManagement.CalibrationForm, Core].Dismiss()","Parameters":[]}},{"$type":"[SST:Statements.Assignment]","Reference":{"$type":"[SST:References.FieldReference]","Reference":{"$type":"[SST:References.VariableReference]","Identifier":"this"},"FieldName":"0F:[ACAT.Lib.Core.ActuatorManagement.CalibrationForm, Core] [ACAT.Lib.Core.ActuatorManagement.ActuatorEx, Core].calibrationForm"},"Expression":{"$type":"[SST:Expressions.Simple.ConstantValueExpression]","Value":"null"}}],"Else":[]},{"$type":"[SST:Statements.VariableDeclaration]","Reference":{"$type":"[SST:References.VariableReference]","Identifier":"$2"},"Type":"0T:p:bool"},{"$type":"[SST:Statements.Assignment]","Reference":{"$type":"[SST:References.VariableReference]","Identifier":"$2"},"Expression":{"$type":"[SST:Expressions.Assignable.BinaryExpression]","LeftOperand":{"$type":"[SST:Expressions.Simple.ReferenceExpression]","Reference":{"$type":"[SST:References.FieldReference]","Reference":{"$type":"[SST:References.VariableReference]","Identifier":"this"},"FieldName":"0F:[ACAT.Lib.Core.ActuatorManagement.ActuatorEx+Worker, Core] [ACAT.Lib.Core.ActuatorManagement.ActuatorEx, Core]._bgWorker"}},"Operator":6,"RightOperand":{"$type":"[SST:Expressions.Simple.ConstantValueExpression]","Value":"null"}}},{"$type":"[SST:Blocks.IfElseBlock]","Condition":{"$type":"[SST:Expressions.Simple.ReferenceExpression]","Reference":{"$type":"[SST:References.VariableReference]","Identifier":"$2"}},"Then":[{"$type":"[SST:Statements.VariableDeclaration]","Reference":{"$type":"[SST:References.VariableReference]","Identifier":"$3"},"Type":"0T:ACAT.Lib.Core.ActuatorManagement.ActuatorEx+Worker, Core"},{"$type":"[SST:Statements.Assignment]","Reference":{"$type":"[SST:References.VariableReference]","Identifier":"$3"},"Expression":{"$type":"[SST:Expressions.Simple.ReferenceExpression]","Reference":{"$type":"[SST:References.FieldReference]","Reference":{"$type":"[SST:References.VariableReference]","Identifier":"this"},"FieldName":"0F:[ACAT.Lib.Core.ActuatorManagement.ActuatorEx+Worker, Core] [ACAT.Lib.Core.ActuatorManagement.ActuatorEx, Core]._bgWorker"}}},{"$type":"[SST:Statements.ExpressionStatement]","Expression":{"$type":"[SST:Expressions.Assignable.InvocationExpression]","Reference":{"$type":"[SST:References.VariableReference]","Identifier":"$3"},"MethodName":"0M:[p:void] [System.ComponentModel.BackgroundWorker, System, 4.0.0.0].CancelAsync()","Parameters":[]}},{"$type":"[SST:Statements.VariableDeclaration]","Reference":{"$type":"[SST:References.VariableReference]","Identifier":"$4"},"Type":"0T:ACAT.Lib.Core.ActuatorManagement.ActuatorEx+Worker, Core"},{"$type":"[SST:Statements.Assignment]","Reference":{"$type":"[SST:References.VariableReference]","Identifier":"$4"},"Expression":{"$type":"[SST:Expressions.Simple.ReferenceExpression]","Reference":{"$type":"[SST:References.FieldReference]","Reference":{"$type":"[SST:References.VariableReference]","Identifier":"this"},"FieldName":"0F:[ACAT.Lib.Core.ActuatorManagement.ActuatorEx+Worker, Core] [ACAT.Lib.Core.ActuatorManagement.ActuatorEx, Core]._bgWorker"}}},{"$type":"[SST:Statements.ExpressionStatement]","Expression":{"$type":"[SST:Expressions.Assignable.InvocationExpression]","Reference":{"$type":"[SST:References.VariableReference]","Identifier":"$4"},"MethodName":"0M:[p:void] [System.ComponentModel.Component, System, 4.0.0.0].Dispose()","Parameters":[]}},{"$type":"[SST:Statements.Assignment]","Reference":{"$type":"[SST:References.FieldReference]","Reference":{"$type":"[SST:References.VariableReference]","Identifier":"this"},"FieldName":"0F:[ACAT.Lib.Core.ActuatorManagement.ActuatorEx+Worker, Core] [ACAT.Lib.Core.ActuatorManagement.ActuatorEx, Core]._bgWorker"},"Expression":{"$type":"[SST:Expressions.Simple.ConstantValueExpression]","Value":"null"}}],"Else":[]}],"CatchBlocks":[{"$type":"[SST:Blocks.CatchBlock]","Kind":2,"Parameter":"0Param:[?] ???","Body":[]}],"Finally":[]}]},{"$type":"[SST:Declarations.MethodDeclaration]","Name":"0M:[p:void] [ACAT.Lib.Core.ActuatorManagement.ActuatorEx, Core].hideCalibrationForm()","IsEntryPoint":false,"Body":[{"$type":"[SST:Statements.VariableDeclaration]","Reference":{"$type":"[SST:References.VariableReference]","Identifier":"$0"},"Type":"0T:p:bool"},{"$type":"[SST:Statements.Assignment]","Reference":{"$type":"[SST:References.VariableReference]","Identifier":"$0"},"Expression":{"$type":"[SST:Expressions.Assignable.BinaryExpression]","LeftOperand":{"$type":"[SST:Expressions.Simple.ReferenceExpression]","Reference":{"$type":"[SST:References.FieldReference]","Reference":{"$type":"[SST:References.VariableReference]","Identifier":"this"},"FieldName":"0F:[ACAT.Lib.Core.ActuatorManagement.CalibrationForm, Core] [ACAT.Lib.Core.ActuatorManagement.ActuatorEx, Core].calibrationForm"}},"Operator":6,"RightOperand":{"$type":"[SST:Expressions.Simple.ConstantValueExpression]","Value":"null"}}},{"$type":"[SST:Blocks.IfElseBlock]","Condition":{"$type":"[SST:Expressions.Simple.ReferenceExpression]","Reference":{"$type":"[SST:References.VariableReference]","Identifier":"$0"}},"Then":[{"$type":"[SST:Statements.VariableDeclaration]","Reference":{"$type":"[SST:References.VariableReference]","Identifier":"$1"},"Type":"0T:ACAT.Lib.Core.ActuatorManagement.CalibrationForm, Core"},{"$type":"[SST:Statements.Assignment]","Reference":{"$type":"[SST:References.VariableReference]","Identifier":"$1"},"Expression":{"$type":"[SST:Expressions.Simple.ReferenceExpression]","Reference":{"$type":"[SST:References.FieldReference]","Reference":{"$type":"[SST:References.VariableReference]","Identifier":"this"},"FieldName":"0F:[ACAT.Lib.Core.ActuatorManagement.CalibrationForm, Core] [ACAT.Lib.Core.ActuatorManagement.ActuatorEx, Core].calibrationForm"}}},{"$type":"[SST:Statements.ExpressionStatement]","Expression":{"$type":"[SST:Expressions.Assignable.InvocationExpression]","Reference":{"$type":"[SST:References.VariableReference]","Identifier":"$1"},"MethodName":"0M:[p:void] [System.Windows.Forms.Control, System.Windows.Forms, 4.0.0.0].Hide()","Parameters":[]}}],"Else":[]}]},{"$type":"[SST:Declarations.MethodDeclaration]","Name":"0M:[p:void] [ACAT.Lib.Core.ActuatorManagement.ActuatorEx, Core].showCalibrationForm([e:ACAT.Lib.Core.Utility.Windows+WindowPosition, Core] position, [p:string] caption, [p:string] prompt, [p:int] timeout, [p:bool] enableConfigure)","IsEntryPoint":false,"Body":[{"$type":"[SST:Statements.VariableDeclaration]","Reference":{"$type":"[SST:References.VariableReference]","Identifier":"$0"},"Type":"0T:System.Threading.ManualResetEvent, mscorlib, 4.0.0.0"},{"$type":"[SST:Statements.Assignment]","Reference":{"$type":"[SST:References.VariableReference]","Identifier":"$0"},"Expression":{"$type":"[SST:Expressions.Simple.ReferenceExpression]","Reference":{"$type":"[SST:References.FieldReference]","Reference":{"$type":"[SST:References.VariableReference]","Identifier":"this"},"FieldName":"0F:[System.Threading.ManualResetEvent, mscorlib, 4.0.0.0] [ACAT.Lib.Core.ActuatorManagement.ActuatorEx, Core]._bgTaskDoneEvent"}}},{"$type":"[SST:Statements.ExpressionStatement]","Expression":{"$type":"[SST:Expressions.Assignable.InvocationExpression]","Reference":{"$type":"[SST:References.VariableReference]","Identifier":"$0"},"MethodName":"0M:[p:bool] [System.Threading.EventWaitHandle, mscorlib, 4.0.0.0].Reset()","Parameters":[]}},{"$type":"[SST:Statements.Assignment]","Reference":{"$type":"[SST:References.VariableReference]","Identifier":"_bgWorker"},"Expression":{"$type":"[SST:Expressions.Assignable.InvocationExpression]","Reference":{"$type":"[SST:References.VariableReference]","Identifier":""},"MethodName":"0M:[p:void] [ACAT.Lib.Core.ActuatorManagement.ActuatorEx+Worker, Core]..ctor()","Parameters":[]}},{"$type":"[SST:Statements.Assignment]","Reference":{"$type":"[SST:References.PropertyReference]","Reference":{"$type":"[SST:References.VariableReference]","Identifier":"_bgWorker"},"PropertyName":"0P:set get [p:string] [ACAT.Lib.Core.ActuatorManagement.ActuatorEx+Worker, Core].Prompt()"},"Expression":{"$type":"[SST:Expressions.Simple.ReferenceExpression]","Reference":{"$type":"[SST:References.VariableReference]","Identifier":"prompt"}}},{"$type":"[SST:Statements.Assignment]","Reference":{"$type":"[SST:References.PropertyReference]","Reference":{"$type":"[SST:References.VariableReference]","Identifier":"_bgWorker"},"PropertyName":"0P:set get [p:int] [ACAT.Lib.Core.ActuatorManagement.ActuatorEx+Worker, Core].Timeout()"},"Expression":{"$type":"[SST:Expressions.Simple.ReferenceExpression]","Reference":{"$type":"[SST:References.VariableReference]","Identifier":"timeout"}}},{"$type":"[SST:Statements.Assignment]","Reference":{"$type":"[SST:References.PropertyReference]","Reference":{"$type":"[SST:References.VariableReference]","Identifier":"_bgWorker"},"PropertyName":"0P:set get [p:string] [ACAT.Lib.Core.ActuatorManagement.ActuatorEx+Worker, Core].Caption()"},"Expression":{"$type":"[SST:Expressions.Simple.ReferenceExpression]","Reference":{"$type":"[SST:References.VariableReference]","Identifier":"caption"}}},{"$type":"[SST:Statements.Assignment]","Reference":{"$type":"[SST:References.PropertyReference]","Reference":{"$type":"[SST:References.VariableReference]","Identifier":"_bgWorker"},"PropertyName":"0P:set get [p:bool] [ACAT.Lib.Core.ActuatorManagement.ActuatorEx+Worker, Core].EnableConfigure()"},"Expression":{"$type":"[SST:Expressions.Simple.ReferenceExpression]","Reference":{"$type":"[SST:References.VariableReference]","Identifier":"enableConfigure"}}},{"$type":"[SST:Statements.Assignment]","Reference":{"$type":"[SST:References.PropertyReference]","Reference":{"$type":"[SST:References.VariableReference]","Identifier":"_bgWorker"},"PropertyName":"0P:set get [p:bool] [System.ComponentModel.BackgroundWorker, System, 4.0.0.0].WorkerSupportsCancellation()"},"Expression":{"$type":"[SST:Expressions.Simple.ConstantValueExpression]","Value":"true"}},{"$type":"[SST:Statements.Assignment]","Reference":{"$type":"[SST:References.PropertyReference]","Reference":{"$type":"[SST:References.VariableReference]","Identifier":"_bgWorker"},"PropertyName":"0P:set get [p:bool] [System.ComponentModel.BackgroundWorker, System, 4.0.0.0].WorkerReportsProgress()"},"Expression":{"$type":"[SST:Expressions.Simple.ConstantValueExpression]","Value":"false"}},{"$type":"[SST:Statements.Assignment]","Reference":{"$type":"[SST:References.PropertyReference]","Reference":{"$type":"[SST:References.VariableReference]","Identifier":"_bgWorker"},"PropertyName":"0P:set get [e:ACAT.Lib.Core.Utility.Windows+WindowPosition, Core] [ACAT.Lib.Core.ActuatorManagement.ActuatorEx+Worker, Core].Position()"},"Expression":{"$type":"[SST:Expressions.Simple.ReferenceExpression]","Reference":{"$type":"[SST:References.VariableReference]","Identifier":"position"}}},{"$type":"[SST:Statements.Assignment]","Reference":{"$type":"[SST:References.FieldReference]","Reference":{"$type":"[SST:References.VariableReference]","Identifier":"this"},"FieldName":"0F:[ACAT.Lib.Core.ActuatorManagement.ActuatorEx+Worker, Core] [ACAT.Lib.Core.ActuatorManagement.ActuatorEx, Core]._bgWorker"},"Expression":{"$type":"[SST:Expressions.Simple.ReferenceExpression]","Reference":{"$type":"[SST:References.VariableReference]","Identifier":"_bgWorker"}}},{"$type":"[SST:Statements.VariableDeclaration]","Reference":{"$type":"[SST:References.VariableReference]","Identifier":"$1"},"Type":"0T:ACAT.Lib.Core.ActuatorManagement.ActuatorEx+Worker, Core"},{"$type":"[SST:Statements.Assignment]","Reference":{"$type":"[SST:References.VariableReference]","Identifier":"$1"},"Expression":{"$type":"[SST:Expressions.Simple.ReferenceExpression]","Reference":{"$type":"[SST:References.FieldReference]","Reference":{"$type":"[SST:References.VariableReference]","Identifier":"this"},"FieldName":"0F:[ACAT.Lib.Core.ActuatorManagement.ActuatorEx+Worker, Core] [ACAT.Lib.Core.ActuatorManagement.ActuatorEx, Core]._bgWorker"}}},{"$type":"[SST:Statements.EventSubscriptionStatement]","Reference":{"$type":"[SST:References.EventReference]","Reference":{"$type":"[SST:References.VariableReference]","Identifier":"$1"},"EventName":"0E:[d:[p:void] [System.ComponentModel.RunWorkerCompletedEventHandler, System, 4.0.0.0].([p:object] sender, [System.ComponentModel.RunWorkerCompletedEventArgs, System, 4.0.0.0] e)] [System.ComponentModel.BackgroundWorker, System, 4.0.0.0].RunWorkerCompleted"},"Operation":0,"Expression":{"$type":"[SST:Expressions.Simple.ReferenceExpression]","Reference":{"$type":"[SST:References.MethodReference]","Reference":{"$type":"[SST:References.VariableReference]","Identifier":"this"},"MethodName":"0M:[p:void] [ACAT.Lib.Core.ActuatorManagement.ActuatorEx, Core].bgWorker_RunCompleted([p:object] sender, [System.ComponentModel.RunWorkerCompletedEventArgs, System, 4.0.0.0] e)"}}},{"$type":"[SST:Statements.VariableDeclaration]","Reference":{"$type":"[SST:References.VariableReference]","Identifier":"$2"},"Type":"0T:ACAT.Lib.Core.ActuatorManagement.ActuatorEx+Worker, Core"},{"$type":"[SST:Statements.Assignment]","Reference":{"$type":"[SST:References.VariableReference]","Identifier":"$2"},"Expression":{"$type":"[SST:Expressions.Simple.ReferenceExpression]","Reference":{"$type":"[SST:References.FieldReference]","Reference":{"$type":"[SST:References.VariableReference]","Identifier":"this"},"FieldName":"0F:[ACAT.Lib.Core.ActuatorManagement.ActuatorEx+Worker, Core] [ACAT.Lib.Core.ActuatorManagement.ActuatorEx, Core]._bgWorker"}}},{"$type":"[SST:Statements.EventSubscriptionStatement]","Reference":{"$type":"[SST:References.EventReference]","Reference":{"$type":"[SST:References.VariableReference]","Identifier":"$2"},"EventName":"0E:[d:[p:void] [System.ComponentModel.DoWorkEventHandler, System, 4.0.0.0].([p:object] sender, [System.ComponentModel.DoWorkEventArgs, System, 4.0.0.0] e)] [System.ComponentModel.BackgroundWorker, System, 4.0.0.0].DoWork"},"Operation":0,"Expression":{"$type":"[SST:Expressions.Simple.ReferenceExpression]","Reference":{"$type":"[SST:References.MethodReference]","Reference":{"$type":"[SST:References.VariableReference]","Identifier":"this"},"MethodName":"0M:[p:void] [ACAT.Lib.Core.ActuatorManagement.ActuatorEx, Core].bgWorker_DoWork([p:object] sender, [System.ComponentModel.DoWorkEventArgs, System, 4.0.0.0] e)"}}},{"$type":"[SST:Statements.VariableDeclaration]","Reference":{"$type":"[SST:References.VariableReference]","Identifier":"$3"},"Type":"0T:System.Threading.ManualResetEvent, mscorlib, 4.0.0.0"},{"$type":"[SST:Statements.Assignment]","Reference":{"$type":"[SST:References.VariableReference]","Identifier":"$3"},"Expression":{"$type":"[SST:Expressions.Simple.ReferenceExpression]","Reference":{"$type":"[SST:References.FieldReference]","Reference":{"$type":"[SST:References.VariableReference]","Identifier":"this"},"FieldName":"0F:[System.Threading.ManualResetEvent, mscorlib, 4.0.0.0] [ACAT.Lib.Core.ActuatorManagement.ActuatorEx, Core]._formCreatedEvent"}}},{"$type":"[SST:Statements.ExpressionStatement]","Expression":{"$type":"[SST:Expressions.Assignable.InvocationExpression]","Reference":{"$type":"[SST:References.VariableReference]","Identifier":"$3"},"MethodName":"0M:[p:bool] [System.Threading.EventWaitHandle, mscorlib, 4.0.0.0].Reset()","Parameters":[]}},{"$type":"[SST:Statements.VariableDeclaration]","Reference":{"$type":"[SST:References.VariableReference]","Identifier":"$4"},"Type":"0T:ACAT.Lib.Core.ActuatorManagement.ActuatorEx+Worker, Core"},{"$type":"[SST:Statements.Assignment]","Reference":{"$type":"[SST:References.VariableReference]","Identifier":"$4"},"Expression":{"$type":"[SST:Expressions.Simple.ReferenceExpression]","Reference":{"$type":"[SST:References.FieldReference]","Reference":{"$type":"[SST:References.VariableReference]","Identifier":"this"},"FieldName":"0F:[ACAT.Lib.Core.ActuatorManagement.ActuatorEx+Worker, Core] [ACAT.Lib.Core.ActuatorManagement.ActuatorEx, Core]._bgWorker"}}},{"$type":"[SST:Statements.ExpressionStatement]","Expression":{"$type":"[SST:Expressions.Assignable.InvocationExpression]","Reference":{"$type":"[SST:References.VariableReference]","Identifier":"$4"},"MethodName":"0M:[p:void] [System.ComponentModel.BackgroundWorker, System, 4.0.0.0].RunWorkerAsync()","Parameters":[]}},{"$type":"[SST:Statements.VariableDeclaration]","Reference":{"$type":"[SST:References.VariableReference]","Identifier":"$5"},"Type":"0T:System.Threading.ManualResetEvent, mscorlib, 4.0.0.0"},{"$type":"[SST:Statements.Assignment]","Reference":{"$type":"[SST:References.VariableReference]","Identifier":"$5"},"Expression":{"$type":"[SST:Expressions.Simple.ReferenceExpression]","Reference":{"$type":"[SST:References.FieldReference]","Reference":{"$type":"[SST:References.VariableReference]","Identifier":"this"},"FieldName":"0F:[System.Threading.ManualResetEvent, mscorlib, 4.0.0.0] [ACAT.Lib.Core.ActuatorManagement.ActuatorEx, Core]._formCreatedEvent"}}},{"$type":"[SST:Statements.ExpressionStatement]","Expression":{"$type":"[SST:Expressions.Assignable.InvocationExpression]","Reference":{"$type":"[SST:References.VariableReference]","Identifier":"$5"},"MethodName":"0M:[p:bool] [System.Threading.WaitHandle, mscorlib, 4.0.0.0].WaitOne()","Parameters":[]}}]}],"Events":[],"Delegates":[]}}