{"$type":"KaVE.Commons.Model.Events.CompletionEvents.Context, KaVE.Commons","TypeShape":{"$type":"KaVE.Commons.Model.TypeShapes.TypeShape, KaVE.Commons","TypeHierarchy":{"$type":"KaVE.Commons.Model.TypeShapes.TypeHierarchy, KaVE.Commons","Element":"0T:ACAT.Lib.Core.InputActuators.WinsockServerActuatorBase, Core","Extends":{"$type":"KaVE.Commons.Model.TypeShapes.TypeHierarchy, KaVE.Commons","Element":"0T:ACAT.Lib.Core.ActuatorManagement.ActuatorBase, Core","Implements":[{"$type":"KaVE.Commons.Model.TypeShapes.TypeHierarchy, KaVE.Commons","Element":"0T:i:ACAT.Lib.Core.ActuatorManagement.IActuator, Core","Implements":[{"$type":"KaVE.Commons.Model.TypeShapes.TypeHierarchy, KaVE.Commons","Element":"0T:i:System.IDisposable, mscorlib, 4.0.0.0","Implements":[]}]}]},"Implements":[]},"NestedTypes":[],"Delegates":[],"EventHierarchies":[],"Fields":["0F:[p:bool] [ACAT.Lib.Core.InputActuators.WinsockServerActuatorBase, Core]._disposed","0F:[ACAT.Lib.Core.InputActuators.SocketServer, Core] [ACAT.Lib.Core.InputActuators.WinsockServerActuatorBase, Core]._socketServer"],"MethodHierarchies":[{"$type":"KaVE.Commons.Model.TypeShapes.MethodHierarchy, KaVE.Commons","Element":"0M:[p:void] [ACAT.Lib.Core.InputActuators.WinsockServerActuatorBase, Core]..ctor()"},{"$type":"KaVE.Commons.Model.TypeShapes.MethodHierarchy, KaVE.Commons","Element":"0M:[i:ACAT.Lib.Core.ActuatorManagement.IActuatorSwitch, Core] [ACAT.Lib.Core.InputActuators.WinsockServerActuatorBase, Core].CreateSwitch()","Super":"0M:[i:ACAT.Lib.Core.ActuatorManagement.IActuatorSwitch, Core] [ACAT.Lib.Core.ActuatorManagement.ActuatorBase, Core].CreateSwitch()","First":"0M:[i:ACAT.Lib.Core.ActuatorManagement.IActuatorSwitch, Core] [i:ACAT.Lib.Core.ActuatorManagement.IActuator, Core].CreateSwitch()"},{"$type":"KaVE.Commons.Model.TypeShapes.MethodHierarchy, KaVE.Commons","Element":"0M:[i:ACAT.Lib.Core.ActuatorManagement.IActuatorSwitch, Core] [ACAT.Lib.Core.InputActuators.WinsockServerActuatorBase, Core].CreateSwitch([i:ACAT.Lib.Core.ActuatorManagement.IActuatorSwitch, Core] sourceSwitch)"},{"$type":"KaVE.Commons.Model.TypeShapes.MethodHierarchy, KaVE.Commons","Element":"0M:[p:bool] [ACAT.Lib.Core.InputActuators.WinsockServerActuatorBase, Core].Init()","Super":"0M:[p:bool] [ACAT.Lib.Core.ActuatorManagement.ActuatorBase, Core].Init()","First":"0M:[p:bool] [i:ACAT.Lib.Core.ActuatorManagement.IActuator, Core].Init()"},{"$type":"KaVE.Commons.Model.TypeShapes.MethodHierarchy, KaVE.Commons","Element":"0M:[p:void] [ACAT.Lib.Core.InputActuators.WinsockServerActuatorBase, Core].Pause()","Super":"0M:[p:void] [ACAT.Lib.Core.ActuatorManagement.ActuatorBase, Core].Pause()","First":"0M:[p:void] [i:ACAT.Lib.Core.ActuatorManagement.IActuator, Core].Pause()"},{"$type":"KaVE.Commons.Model.TypeShapes.MethodHierarchy, KaVE.Commons","Element":"0M:[p:void] [ACAT.Lib.Core.InputActuators.WinsockServerActuatorBase, Core].Resume()","Super":"0M:[p:void] [ACAT.Lib.Core.ActuatorManagement.ActuatorBase, Core].Resume()","First":"0M:[p:void] [i:ACAT.Lib.Core.ActuatorManagement.IActuator, Core].Resume()"},{"$type":"KaVE.Commons.Model.TypeShapes.MethodHierarchy, KaVE.Commons","Element":"0M:[p:void] [ACAT.Lib.Core.InputActuators.WinsockServerActuatorBase, Core].Dispose([p:bool] disposing)","Super":"0M:[p:void] [ACAT.Lib.Core.ActuatorManagement.ActuatorBase, Core].Dispose([p:bool] disposing)"},{"$type":"KaVE.Commons.Model.TypeShapes.MethodHierarchy, KaVE.Commons","Element":"0M:[p:void] [ACAT.Lib.Core.InputActuators.WinsockServerActuatorBase, Core].onClientConnected([ACAT.Lib.Core.InputActuators.WinsockClientConnectEventArgs, Core] e)"},{"$type":"KaVE.Commons.Model.TypeShapes.MethodHierarchy, KaVE.Commons","Element":"0M:[p:void] [ACAT.Lib.Core.InputActuators.WinsockServerActuatorBase, Core].onClientDisconnected([ACAT.Lib.Core.InputActuators.WinsockClientConnectEventArgs, Core] e)"},{"$type":"KaVE.Commons.Model.TypeShapes.MethodHierarchy, KaVE.Commons","Element":"0M:[p:void] [ACAT.Lib.Core.InputActuators.WinsockServerActuatorBase, Core].onDataReceived([p:byte[]] packet)"},{"$type":"KaVE.Commons.Model.TypeShapes.MethodHierarchy, KaVE.Commons","Element":"0M:[p:void] [ACAT.Lib.Core.InputActuators.WinsockServerActuatorBase, Core].triggerEvent([i:ACAT.Lib.Core.ActuatorManagement.IActuatorSwitch, Core] switchObj)"},{"$type":"KaVE.Commons.Model.TypeShapes.MethodHierarchy, KaVE.Commons","Element":"0M:[p:void] [ACAT.Lib.Core.InputActuators.WinsockServerActuatorBase, Core]._socketServer_OnClientConnected([p:object] sender, [ACAT.Lib.Core.InputActuators.WinsockClientConnectEventArgs, Core] e)"},{"$type":"KaVE.Commons.Model.TypeShapes.MethodHierarchy, KaVE.Commons","Element":"0M:[p:void] [ACAT.Lib.Core.InputActuators.WinsockServerActuatorBase, Core]._socketServer_OnClientDisconnected([p:object] sender, [ACAT.Lib.Core.InputActuators.WinsockClientConnectEventArgs, Core] e)"},{"$type":"KaVE.Commons.Model.TypeShapes.MethodHierarchy, KaVE.Commons","Element":"0M:[p:void] [ACAT.Lib.Core.InputActuators.WinsockServerActuatorBase, Core]._socketServer_OnPacketReceived([p:byte[]] packet)"},{"$type":"KaVE.Commons.Model.TypeShapes.MethodHierarchy, KaVE.Commons","Element":"0M:[p:void] [ACAT.Lib.Core.InputActuators.WinsockServerActuatorBase, Core].initSocketInterface()"},{"$type":"KaVE.Commons.Model.TypeShapes.MethodHierarchy, KaVE.Commons","Element":"0M:[p:void] [ACAT.Lib.Core.InputActuators.WinsockServerActuatorBase, Core].unInit()"}],"PropertyHierarchies":[{"$type":"KaVE.Commons.Model.TypeShapes.PropertyHierarchy, KaVE.Commons","Element":"0P:set get [p:int] [ACAT.Lib.Core.InputActuators.WinsockServerActuatorBase, Core].ServerListenPort()"}]},"SST":{"$type":"[SST:SST]","EnclosingType":"0T:ACAT.Lib.Core.InputActuators.WinsockServerActuatorBase, Core","Fields":[{"$type":"[SST:Declarations.FieldDeclaration]","Name":"0F:[p:bool] [ACAT.Lib.Core.InputActuators.WinsockServerActuatorBase, Core]._disposed"},{"$type":"[SST:Declarations.FieldDeclaration]","Name":"0F:[ACAT.Lib.Core.InputActuators.SocketServer, Core] [ACAT.Lib.Core.InputActuators.WinsockServerActuatorBase, Core]._socketServer"}],"Properties":[{"$type":"[SST:Declarations.PropertyDeclaration]","Name":"0P:set get [p:int] [ACAT.Lib.Core.InputActuators.WinsockServerActuatorBase, Core].ServerListenPort()","Get":[],"Set":[]}],"Methods":[{"$type":"[SST:Declarations.MethodDeclaration]","Name":"0M:[p:void] [ACAT.Lib.Core.InputActuators.WinsockServerActuatorBase, Core]..ctor()","IsEntryPoint":true,"Body":[{"$type":"[SST:Statements.Assignment]","Reference":{"$type":"[SST:References.FieldReference]","Reference":{"$type":"[SST:References.VariableReference]","Identifier":"this"},"FieldName":"0F:[ACAT.Lib.Core.InputActuators.SocketServer, Core] [ACAT.Lib.Core.InputActuators.WinsockServerActuatorBase, Core]._socketServer"},"Expression":{"$type":"[SST:Expressions.Simple.ConstantValueExpression]","Value":"null"}}]},{"$type":"[SST:Declarations.MethodDeclaration]","Name":"0M:[i:ACAT.Lib.Core.ActuatorManagement.IActuatorSwitch, Core] [ACAT.Lib.Core.InputActuators.WinsockServerActuatorBase, Core].CreateSwitch()","IsEntryPoint":true,"Body":[{"$type":"[SST:Statements.VariableDeclaration]","Reference":{"$type":"[SST:References.VariableReference]","Identifier":"$0"},"Type":"0T:ACAT.Lib.Core.InputActuators.WinsockSwitch, Core"},{"$type":"[SST:Statements.Assignment]","Reference":{"$type":"[SST:References.VariableReference]","Identifier":"$0"},"Expression":{"$type":"[SST:Expressions.Assignable.InvocationExpression]","Reference":{"$type":"[SST:References.VariableReference]","Identifier":""},"MethodName":"0M:[p:void] [ACAT.Lib.Core.InputActuators.WinsockSwitch, Core]..ctor()","Parameters":[]}},{"$type":"[SST:Statements.ReturnStatement]","Expression":{"$type":"[SST:Expressions.Simple.ReferenceExpression]","Reference":{"$type":"[SST:References.VariableReference]","Identifier":"$0"}},"IsVoid":false}]},{"$type":"[SST:Declarations.MethodDeclaration]","Name":"0M:[i:ACAT.Lib.Core.ActuatorManagement.IActuatorSwitch, Core] [ACAT.Lib.Core.InputActuators.WinsockServerActuatorBase, Core].CreateSwitch([i:ACAT.Lib.Core.ActuatorManagement.IActuatorSwitch, Core] sourceSwitch)","IsEntryPoint":true,"Body":[{"$type":"[SST:Statements.VariableDeclaration]","Reference":{"$type":"[SST:References.VariableReference]","Identifier":"$0"},"Type":"0T:ACAT.Lib.Core.InputActuators.WinsockSwitch, Core"},{"$type":"[SST:Statements.Assignment]","Reference":{"$type":"[SST:References.VariableReference]","Identifier":"$0"},"Expression":{"$type":"[SST:Expressions.Assignable.InvocationExpression]","Reference":{"$type":"[SST:References.VariableReference]","Identifier":""},"MethodName":"0M:[p:void] [ACAT.Lib.Core.InputActuators.WinsockSwitch, Core]..ctor([i:ACAT.Lib.Core.ActuatorManagement.IActuatorSwitch, Core] switchObj)","Parameters":[{"$type":"[SST:Expressions.Simple.ReferenceExpression]","Reference":{"$type":"[SST:References.VariableReference]","Identifier":"sourceSwitch"}}]}},{"$type":"[SST:Statements.ReturnStatement]","Expression":{"$type":"[SST:Expressions.Simple.ReferenceExpression]","Reference":{"$type":"[SST:References.VariableReference]","Identifier":"$0"}},"IsVoid":false}]},{"$type":"[SST:Declarations.MethodDeclaration]","Name":"0M:[p:bool] [ACAT.Lib.Core.InputActuators.WinsockServerActuatorBase, Core].Init()","IsEntryPoint":true,"Body":[{"$type":"[SST:Statements.ExpressionStatement]","Expression":{"$type":"[SST:Expressions.Assignable.InvocationExpression]","Reference":{"$type":"[SST:References.VariableReference]","Identifier":"this"},"MethodName":"0M:[p:void] [ACAT.Lib.Core.InputActuators.WinsockServerActuatorBase, Core].initSocketInterface()","Parameters":[]}},{"$type":"[SST:Statements.ReturnStatement]","Expression":{"$type":"[SST:Expressions.Simple.ConstantValueExpression]","Value":"true"},"IsVoid":false}]},{"$type":"[SST:Declarations.MethodDeclaration]","Name":"0M:[p:void] [ACAT.Lib.Core.InputActuators.WinsockServerActuatorBase, Core].Pause()","IsEntryPoint":true,"Body":[{"$type":"[SST:Statements.Assignment]","Reference":{"$type":"[SST:References.PropertyReference]","Reference":{"$type":"[SST:References.VariableReference]","Identifier":"this"},"PropertyName":"0P:set get [e:ACAT.Lib.Core.ActuatorManagement.State, Core] [ACAT.Lib.Core.ActuatorManagement.ActuatorBase, Core].actuatorState()"},"Expression":{"$type":"[SST:Expressions.Simple.ReferenceExpression]","Reference":{"$type":"[SST:References.FieldReference]","Reference":{"$type":"[SST:References.VariableReference]","Identifier":""},"FieldName":"0F:static [e:ACAT.Lib.Core.ActuatorManagement.State, Core] [e:ACAT.Lib.Core.ActuatorManagement.State, Core].Paused"}}}]},{"$type":"[SST:Declarations.MethodDeclaration]","Name":"0M:[p:void] [ACAT.Lib.Core.InputActuators.WinsockServerActuatorBase, Core].Resume()","IsEntryPoint":true,"Body":[{"$type":"[SST:Statements.Assignment]","Reference":{"$type":"[SST:References.PropertyReference]","Reference":{"$type":"[SST:References.VariableReference]","Identifier":"this"},"PropertyName":"0P:set get [e:ACAT.Lib.Core.ActuatorManagement.State, Core] [ACAT.Lib.Core.ActuatorManagement.ActuatorBase, Core].actuatorState()"},"Expression":{"$type":"[SST:Expressions.Simple.ReferenceExpression]","Reference":{"$type":"[SST:References.FieldReference]","Reference":{"$type":"[SST:References.VariableReference]","Identifier":""},"FieldName":"0F:static [e:ACAT.Lib.Core.ActuatorManagement.State, Core] [e:ACAT.Lib.Core.ActuatorManagement.State, Core].Running"}}}]},{"$type":"[SST:Declarations.MethodDeclaration]","Name":"0M:[p:void] [ACAT.Lib.Core.InputActuators.WinsockServerActuatorBase, Core].Dispose([p:bool] disposing)","IsEntryPoint":true,"Body":[{"$type":"[SST:Statements.VariableDeclaration]","Reference":{"$type":"[SST:References.VariableReference]","Identifier":"$0"},"Type":"0T:p:bool"},{"$type":"[SST:Statements.Assignment]","Reference":{"$type":"[SST:References.VariableReference]","Identifier":"$0"},"Expression":{"$type":"[SST:Expressions.Assignable.UnaryExpression]","Operator":1,"Operand":{"$type":"[SST:Expressions.Simple.ReferenceExpression]","Reference":{"$type":"[SST:References.FieldReference]","Reference":{"$type":"[SST:References.VariableReference]","Identifier":"this"},"FieldName":"0F:[p:bool] [ACAT.Lib.Core.InputActuators.WinsockServerActuatorBase, Core]._disposed"}}}},{"$type":"[SST:Blocks.IfElseBlock]","Condition":{"$type":"[SST:Expressions.Simple.ReferenceExpression]","Reference":{"$type":"[SST:References.VariableReference]","Identifier":"$0"}},"Then":[{"$type":"[SST:Blocks.TryBlock]","Body":[{"$type":"[SST:Statements.ExpressionStatement]","Expression":{"$type":"[SST:Expressions.Assignable.InvocationExpression]","Reference":{"$type":"[SST:References.VariableReference]","Identifier":""},"MethodName":"0M:static [p:void] [ACAT.Lib.Core.Utility.Log, Core].Debug()","Parameters":[]}},{"$type":"[SST:Blocks.IfElseBlock]","Condition":{"$type":"[SST:Expressions.Simple.ReferenceExpression]","Reference":{"$type":"[SST:References.VariableReference]","Identifier":"disposing"}},"Then":[{"$type":"[SST:Statements.ExpressionStatement]","Expression":{"$type":"[SST:Expressions.Assignable.InvocationExpression]","Reference":{"$type":"[SST:References.VariableReference]","Identifier":"this"},"MethodName":"0M:[p:void] [ACAT.Lib.Core.InputActuators.WinsockServerActuatorBase, Core].unInit()","Parameters":[]}}],"Else":[]},{"$type":"[SST:Statements.Assignment]","Reference":{"$type":"[SST:References.FieldReference]","Reference":{"$type":"[SST:References.VariableReference]","Identifier":"this"},"FieldName":"0F:[p:bool] [ACAT.Lib.Core.InputActuators.WinsockServerActuatorBase, Core]._disposed"},"Expression":{"$type":"[SST:Expressions.Simple.ConstantValueExpression]","Value":"true"}}],"CatchBlocks":[],"Finally":[{"$type":"[SST:Statements.ExpressionStatement]","Expression":{"$type":"[SST:Expressions.Assignable.InvocationExpression]","Reference":{"$type":"[SST:References.VariableReference]","Identifier":"base"},"MethodName":"0M:[p:void] [ACAT.Lib.Core.ActuatorManagement.ActuatorBase, Core].Dispose([p:bool] disposing)","Parameters":[{"$type":"[SST:Expressions.Simple.ReferenceExpression]","Reference":{"$type":"[SST:References.VariableReference]","Identifier":"disposing"}}]}}]}],"Else":[]}]},{"$type":"[SST:Declarations.MethodDeclaration]","Name":"0M:[p:void] [ACAT.Lib.Core.InputActuators.WinsockServerActuatorBase, Core].onClientConnected([ACAT.Lib.Core.InputActuators.WinsockClientConnectEventArgs, Core] e)","IsEntryPoint":true,"Body":[]},{"$type":"[SST:Declarations.MethodDeclaration]","Name":"0M:[p:void] [ACAT.Lib.Core.InputActuators.WinsockServerActuatorBase, Core].onClientDisconnected([ACAT.Lib.Core.InputActuators.WinsockClientConnectEventArgs, Core] e)","IsEntryPoint":true,"Body":[]},{"$type":"[SST:Declarations.MethodDeclaration]","Name":"0M:[p:void] [ACAT.Lib.Core.InputActuators.WinsockServerActuatorBase, Core].onDataReceived([p:byte[]] packet)","IsEntryPoint":true,"Body":[{"$type":"[SST:Statements.VariableDeclaration]","Reference":{"$type":"[SST:References.VariableReference]","Identifier":"strData"},"Type":"0T:p:string"},{"$type":"[SST:Statements.VariableDeclaration]","Reference":{"$type":"[SST:References.VariableReference]","Identifier":"$0"},"Type":"0T:System.Text.Encoding, mscorlib, 4.0.0.0"},{"$type":"[SST:Statements.Assignment]","Reference":{"$type":"[SST:References.VariableReference]","Identifier":"$0"},"Expression":{"$type":"[SST:Expressions.Simple.ReferenceExpression]","Reference":{"$type":"[SST:References.PropertyReference]","Reference":{"$type":"[SST:References.VariableReference]","Identifier":""},"PropertyName":"0P:get static [System.Text.Encoding, mscorlib, 4.0.0.0] [System.Text.Encoding, mscorlib, 4.0.0.0].ASCII()"}}},{"$type":"[SST:Statements.Assignment]","Reference":{"$type":"[SST:References.VariableReference]","Identifier":"strData"},"Expression":{"$type":"[SST:Expressions.Assignable.InvocationExpression]","Reference":{"$type":"[SST:References.VariableReference]","Identifier":"$0"},"MethodName":"0M:[p:string] [System.Text.Encoding, mscorlib, 4.0.0.0].GetString([p:byte[]] bytes, [p:int] index, [p:int] count)","Parameters":[{"$type":"[SST:Expressions.Simple.ReferenceExpression]","Reference":{"$type":"[SST:References.VariableReference]","Identifier":"packet"}},{"$type":"[SST:Expressions.Simple.ConstantValueExpression]","Value":"0"},{"$type":"[SST:Expressions.Simple.ReferenceExpression]","Reference":{"$type":"[SST:References.PropertyReference]","Reference":{"$type":"[SST:References.VariableReference]","Identifier":"packet"},"PropertyName":"0P:get [p:int] [System.Array, mscorlib, 4.0.0.0].Length()"}}]}},{"$type":"[SST:Statements.VariableDeclaration]","Reference":{"$type":"[SST:References.VariableReference]","Identifier":"$1"},"Type":"0T:p:string"},{"$type":"[SST:Statements.Assignment]","Reference":{"$type":"[SST:References.VariableReference]","Identifier":"$1"},"Expression":{"$type":"[SST:Expressions.Assignable.BinaryExpression]","LeftOperand":{"$type":"[SST:Expressions.Simple.ConstantValueExpression]"},"Operator":9,"RightOperand":{"$type":"[SST:Expressions.Simple.ReferenceExpression]","Reference":{"$type":"[SST:References.VariableReference]","Identifier":"strData"}}}},{"$type":"[SST:Statements.ExpressionStatement]","Expression":{"$type":"[SST:Expressions.Assignable.InvocationExpression]","Reference":{"$type":"[SST:References.VariableReference]","Identifier":""},"MethodName":"0M:static [p:void] [ACAT.Lib.Core.Utility.Log, Core].Debug([p:string] message)","Parameters":[{"$type":"[SST:Expressions.Simple.ReferenceExpression]","Reference":{"$type":"[SST:References.VariableReference]","Identifier":"$1"}}]}},{"$type":"[SST:Statements.VariableDeclaration]","Reference":{"$type":"[SST:References.VariableReference]","Identifier":"switchObj"},"Type":"0T:i:ACAT.Lib.Core.ActuatorManagement.IActuatorSwitch, Core"},{"$type":"[SST:Statements.Assignment]","Reference":{"$type":"[SST:References.VariableReference]","Identifier":"switchObj"},"Expression":{"$type":"[SST:Expressions.Assignable.InvocationExpression]","Reference":{"$type":"[SST:References.VariableReference]","Identifier":""},"MethodName":"0M:static [i:ACAT.Lib.Core.ActuatorManagement.IActuatorSwitch, Core] [ACAT.Lib.Core.InputActuators.WinsockCommon, Core].parseAndGetSwitch([p:string] strData, [i:System.Collections.Generic.ICollection`1[[T -> i:ACAT.Lib.Core.ActuatorManagement.IActuatorSwitch, Core]], mscorlib, 4.0.0.0] switches, [d:[i:ACAT.Lib.Core.ActuatorManagement.IActuatorSwitch, Core] [ACAT.Lib.Core.InputActuators.WinsockCommon+CreateSwitchDelegate, Core].([i:ACAT.Lib.Core.ActuatorManagement.IActuatorSwitch, Core] s)] createSwitchDel)","Parameters":[{"$type":"[SST:Expressions.Simple.ReferenceExpression]","Reference":{"$type":"[SST:References.VariableReference]","Identifier":"strData"}},{"$type":"[SST:Expressions.Simple.ReferenceExpression]","Reference":{"$type":"[SST:References.PropertyReference]","Reference":{"$type":"[SST:References.VariableReference]","Identifier":"this"},"PropertyName":"0P:get [i:System.Collections.Generic.ICollection`1[[T -> i:ACAT.Lib.Core.ActuatorManagement.IActuatorSwitch, Core]], mscorlib, 4.0.0.0] [ACAT.Lib.Core.ActuatorManagement.ActuatorBase, Core].Switches()"}},{"$type":"[SST:Expressions.Simple.ReferenceExpression]","Reference":{"$type":"[SST:References.MethodReference]","Reference":{"$type":"[SST:References.VariableReference]","Identifier":"this"},"MethodName":"0M:[i:ACAT.Lib.Core.ActuatorManagement.IActuatorSwitch, Core] [ACAT.Lib.Core.InputActuators.WinsockServerActuatorBase, Core].CreateSwitch([i:ACAT.Lib.Core.ActuatorManagement.IActuatorSwitch, Core] sourceSwitch)"}}]}},{"$type":"[SST:Statements.VariableDeclaration]","Reference":{"$type":"[SST:References.VariableReference]","Identifier":"$2"},"Type":"0T:p:bool"},{"$type":"[SST:Statements.Assignment]","Reference":{"$type":"[SST:References.VariableReference]","Identifier":"$2"},"Expression":{"$type":"[SST:Expressions.Assignable.BinaryExpression]","LeftOperand":{"$type":"[SST:Expressions.Simple.ReferenceExpression]","Reference":{"$type":"[SST:References.VariableReference]","Identifier":"switchObj"}},"Operator":6,"RightOperand":{"$type":"[SST:Expressions.Simple.ConstantValueExpression]","Value":"null"}}},{"$type":"[SST:Blocks.IfElseBlock]","Condition":{"$type":"[SST:Expressions.Simple.ReferenceExpression]","Reference":{"$type":"[SST:References.VariableReference]","Identifier":"$2"}},"Then":[{"$type":"[SST:Statements.ExpressionStatement]","Expression":{"$type":"[SST:Expressions.Assignable.InvocationExpression]","Reference":{"$type":"[SST:References.VariableReference]","Identifier":"this"},"MethodName":"0M:[p:void] [ACAT.Lib.Core.InputActuators.WinsockServerActuatorBase, Core].triggerEvent([i:ACAT.Lib.Core.ActuatorManagement.IActuatorSwitch, Core] switchObj)","Parameters":[{"$type":"[SST:Expressions.Simple.ReferenceExpression]","Reference":{"$type":"[SST:References.VariableReference]","Identifier":"switchObj"}}]}}],"Else":[]}]},{"$type":"[SST:Declarations.MethodDeclaration]","Name":"0M:[p:void] [ACAT.Lib.Core.InputActuators.WinsockServerActuatorBase, Core].triggerEvent([i:ACAT.Lib.Core.ActuatorManagement.IActuatorSwitch, Core] switchObj)","IsEntryPoint":false,"Body":[{"$type":"[SST:Statements.VariableDeclaration]","Reference":{"$type":"[SST:References.VariableReference]","Identifier":"$0"},"Type":"0T:e:ACAT.Lib.Core.ActuatorManagement.SwitchAction, Core"},{"$type":"[SST:Statements.Assignment]","Reference":{"$type":"[SST:References.VariableReference]","Identifier":"$0"},"Expression":{"$type":"[SST:Expressions.Simple.ReferenceExpression]","Reference":{"$type":"[SST:References.PropertyReference]","Reference":{"$type":"[SST:References.VariableReference]","Identifier":"switchObj"},"PropertyName":"0P:set get [e:ACAT.Lib.Core.ActuatorManagement.SwitchAction, Core] [i:ACAT.Lib.Core.ActuatorManagement.IActuatorSwitch, Core].Action()"}}},{"$type":"[SST:Blocks.SwitchBlock]","Reference":{"$type":"[SST:References.VariableReference]","Identifier":"$0"},"Sections":[{"$type":"[SST:Blocks.CaseBlock]","Label":{"$type":"[SST:Expressions.Simple.ReferenceExpression]","Reference":{"$type":"[SST:References.FieldReference]","Reference":{"$type":"[SST:References.VariableReference]","Identifier":""},"FieldName":"0F:static [e:ACAT.Lib.Core.ActuatorManagement.SwitchAction, Core] [e:ACAT.Lib.Core.ActuatorManagement.SwitchAction, Core].Down"}},"Body":[{"$type":"[SST:Statements.ExpressionStatement]","Expression":{"$type":"[SST:Expressions.Assignable.InvocationExpression]","Reference":{"$type":"[SST:References.VariableReference]","Identifier":"this"},"MethodName":"0M:[p:void] [ACAT.Lib.Core.ActuatorManagement.ActuatorBase, Core].OnSwitchActivated([i:ACAT.Lib.Core.ActuatorManagement.IActuatorSwitch, Core] switchObj)","Parameters":[{"$type":"[SST:Expressions.Simple.ReferenceExpression]","Reference":{"$type":"[SST:References.VariableReference]","Identifier":"switchObj"}}]}},{"$type":"[SST:Statements.BreakStatement]"}]},{"$type":"[SST:Blocks.CaseBlock]","Label":{"$type":"[SST:Expressions.Simple.ReferenceExpression]","Reference":{"$type":"[SST:References.FieldReference]","Reference":{"$type":"[SST:References.VariableReference]","Identifier":""},"FieldName":"0F:static [e:ACAT.Lib.Core.ActuatorManagement.SwitchAction, Core] [e:ACAT.Lib.Core.ActuatorManagement.SwitchAction, Core].Up"}},"Body":[{"$type":"[SST:Statements.ExpressionStatement]","Expression":{"$type":"[SST:Expressions.Assignable.InvocationExpression]","Reference":{"$type":"[SST:References.VariableReference]","Identifier":"this"},"MethodName":"0M:[p:void] [ACAT.Lib.Core.ActuatorManagement.ActuatorBase, Core].OnSwitchDeactivated([i:ACAT.Lib.Core.ActuatorManagement.IActuatorSwitch, Core] switchObj)","Parameters":[{"$type":"[SST:Expressions.Simple.ReferenceExpression]","Reference":{"$type":"[SST:References.VariableReference]","Identifier":"switchObj"}}]}},{"$type":"[SST:Statements.BreakStatement]"}]},{"$type":"[SST:Blocks.CaseBlock]","Label":{"$type":"[SST:Expressions.Simple.ReferenceExpression]","Reference":{"$type":"[SST:References.FieldReference]","Reference":{"$type":"[SST:References.VariableReference]","Identifier":""},"FieldName":"0F:static [e:ACAT.Lib.Core.ActuatorManagement.SwitchAction, Core] [e:ACAT.Lib.Core.ActuatorManagement.SwitchAction, Core].Trigger"}},"Body":[{"$type":"[SST:Statements.ExpressionStatement]","Expression":{"$type":"[SST:Expressions.Assignable.InvocationExpression]","Reference":{"$type":"[SST:References.VariableReference]","Identifier":"this"},"MethodName":"0M:[p:void] [ACAT.Lib.Core.ActuatorManagement.ActuatorBase, Core].OnSwitchTriggered([i:ACAT.Lib.Core.ActuatorManagement.IActuatorSwitch, Core] switchObj)","Parameters":[{"$type":"[SST:Expressions.Simple.ReferenceExpression]","Reference":{"$type":"[SST:References.VariableReference]","Identifier":"switchObj"}}]}},{"$type":"[SST:Statements.BreakStatement]"}]}],"DefaultSection":[]}]},{"$type":"[SST:Declarations.MethodDeclaration]","Name":"0M:[p:void] [ACAT.Lib.Core.InputActuators.WinsockServerActuatorBase, Core]._socketServer_OnClientConnected([p:object] sender, [ACAT.Lib.Core.InputActuators.WinsockClientConnectEventArgs, Core] e)","IsEntryPoint":false,"Body":[{"$type":"[SST:Statements.VariableDeclaration]","Reference":{"$type":"[SST:References.VariableReference]","Identifier":"$0"},"Type":"0T:p:string"},{"$type":"[SST:Statements.Assignment]","Reference":{"$type":"[SST:References.VariableReference]","Identifier":"$0"},"Expression":{"$type":"[SST:Expressions.Assignable.BinaryExpression]","LeftOperand":{"$type":"[SST:Expressions.Simple.ConstantValueExpression]"},"Operator":9,"RightOperand":{"$type":"[SST:Expressions.Simple.ReferenceExpression]","Reference":{"$type":"[SST:References.PropertyReference]","Reference":{"$type":"[SST:References.VariableReference]","Identifier":"e"},"PropertyName":"0P:set get [p:string] [ACAT.Lib.Core.InputActuators.WinsockClientConnectEventArgs, Core].IPAddress()"}}}},{"$type":"[SST:Statements.ExpressionStatement]","Expression":{"$type":"[SST:Expressions.Assignable.InvocationExpression]","Reference":{"$type":"[SST:References.VariableReference]","Identifier":""},"MethodName":"0M:static [p:void] [ACAT.Lib.Core.Utility.Log, Core].Debug([p:string] message)","Parameters":[{"$type":"[SST:Expressions.Simple.ReferenceExpression]","Reference":{"$type":"[SST:References.VariableReference]","Identifier":"$0"}}]}},{"$type":"[SST:Statements.ExpressionStatement]","Expression":{"$type":"[SST:Expressions.Assignable.InvocationExpression]","Reference":{"$type":"[SST:References.VariableReference]","Identifier":"this"},"MethodName":"0M:[p:void] [ACAT.Lib.Core.InputActuators.WinsockServerActuatorBase, Core].onClientConnected([ACAT.Lib.Core.InputActuators.WinsockClientConnectEventArgs, Core] e)","Parameters":[{"$type":"[SST:Expressions.Simple.ReferenceExpression]","Reference":{"$type":"[SST:References.VariableReference]","Identifier":"e"}}]}}]},{"$type":"[SST:Declarations.MethodDeclaration]","Name":"0M:[p:void] [ACAT.Lib.Core.InputActuators.WinsockServerActuatorBase, Core]._socketServer_OnClientDisconnected([p:object] sender, [ACAT.Lib.Core.InputActuators.WinsockClientConnectEventArgs, Core] e)","IsEntryPoint":false,"Body":[{"$type":"[SST:Statements.VariableDeclaration]","Reference":{"$type":"[SST:References.VariableReference]","Identifier":"$0"},"Type":"0T:p:string"},{"$type":"[SST:Statements.Assignment]","Reference":{"$type":"[SST:References.VariableReference]","Identifier":"$0"},"Expression":{"$type":"[SST:Expressions.Assignable.BinaryExpression]","LeftOperand":{"$type":"[SST:Expressions.Simple.ConstantValueExpression]"},"Operator":9,"RightOperand":{"$type":"[SST:Expressions.Simple.ReferenceExpression]","Reference":{"$type":"[SST:References.PropertyReference]","Reference":{"$type":"[SST:References.VariableReference]","Identifier":"e"},"PropertyName":"0P:set get [p:string] [ACAT.Lib.Core.InputActuators.WinsockClientConnectEventArgs, Core].IPAddress()"}}}},{"$type":"[SST:Statements.ExpressionStatement]","Expression":{"$type":"[SST:Expressions.Assignable.InvocationExpression]","Reference":{"$type":"[SST:References.VariableReference]","Identifier":""},"MethodName":"0M:static [p:void] [ACAT.Lib.Core.Utility.Log, Core].Debug([p:string] message)","Parameters":[{"$type":"[SST:Expressions.Simple.ReferenceExpression]","Reference":{"$type":"[SST:References.VariableReference]","Identifier":"$0"}}]}},{"$type":"[SST:Statements.ExpressionStatement]","Expression":{"$type":"[SST:Expressions.Assignable.InvocationExpression]","Reference":{"$type":"[SST:References.VariableReference]","Identifier":"this"},"MethodName":"0M:[p:void] [ACAT.Lib.Core.InputActuators.WinsockServerActuatorBase, Core].onClientDisconnected([ACAT.Lib.Core.InputActuators.WinsockClientConnectEventArgs, Core] e)","Parameters":[{"$type":"[SST:Expressions.Simple.ReferenceExpression]","Reference":{"$type":"[SST:References.VariableReference]","Identifier":"e"}}]}}]},{"$type":"[SST:Declarations.MethodDeclaration]","Name":"0M:[p:void] [ACAT.Lib.Core.InputActuators.WinsockServerActuatorBase, Core]._socketServer_OnPacketReceived([p:byte[]] packet)","IsEntryPoint":false,"Body":[{"$type":"[SST:Statements.ExpressionStatement]","Expression":{"$type":"[SST:Expressions.Assignable.InvocationExpression]","Reference":{"$type":"[SST:References.VariableReference]","Identifier":"this"},"MethodName":"0M:[p:void] [ACAT.Lib.Core.InputActuators.WinsockServerActuatorBase, Core].onDataReceived([p:byte[]] packet)","Parameters":[{"$type":"[SST:Expressions.Simple.ReferenceExpression]","Reference":{"$type":"[SST:References.VariableReference]","Identifier":"packet"}}]}}]},{"$type":"[SST:Declarations.MethodDeclaration]","Name":"0M:[p:void] [ACAT.Lib.Core.InputActuators.WinsockServerActuatorBase, Core].initSocketInterface()","IsEntryPoint":false,"Body":[{"$type":"[SST:Statements.VariableDeclaration]","Reference":{"$type":"[SST:References.VariableReference]","Identifier":"$0"},"Type":"0T:p:bool"},{"$type":"[SST:Statements.Assignment]","Reference":{"$type":"[SST:References.VariableReference]","Identifier":"$0"},"Expression":{"$type":"[SST:Expressions.Assignable.BinaryExpression]","LeftOperand":{"$type":"[SST:Expressions.Simple.ReferenceExpression]","Reference":{"$type":"[SST:References.PropertyReference]","Reference":{"$type":"[SST:References.VariableReference]","Identifier":"this"},"PropertyName":"0P:set get [p:int] [ACAT.Lib.Core.InputActuators.WinsockServerActuatorBase, Core].ServerListenPort()"}},"Operator":5,"RightOperand":{"$type":"[SST:Expressions.Simple.ConstantValueExpression]","Value":"0"}}},{"$type":"[SST:Blocks.IfElseBlock]","Condition":{"$type":"[SST:Expressions.Simple.ReferenceExpression]","Reference":{"$type":"[SST:References.VariableReference]","Identifier":"$0"}},"Then":[{"$type":"[SST:Statements.Assignment]","Reference":{"$type":"[SST:References.FieldReference]","Reference":{"$type":"[SST:References.VariableReference]","Identifier":"this"},"FieldName":"0F:[ACAT.Lib.Core.InputActuators.SocketServer, Core] [ACAT.Lib.Core.InputActuators.WinsockServerActuatorBase, Core]._socketServer"},"Expression":{"$type":"[SST:Expressions.Assignable.InvocationExpression]","Reference":{"$type":"[SST:References.VariableReference]","Identifier":""},"MethodName":"0M:[p:void] [ACAT.Lib.Core.InputActuators.SocketServer, Core]..ctor([p:int] listenPort)","Parameters":[{"$type":"[SST:Expressions.Simple.ReferenceExpression]","Reference":{"$type":"[SST:References.PropertyReference]","Reference":{"$type":"[SST:References.VariableReference]","Identifier":"this"},"PropertyName":"0P:set get [p:int] [ACAT.Lib.Core.InputActuators.WinsockServerActuatorBase, Core].ServerListenPort()"}}]}},{"$type":"[SST:Statements.VariableDeclaration]","Reference":{"$type":"[SST:References.VariableReference]","Identifier":"$1"},"Type":"0T:ACAT.Lib.Core.InputActuators.SocketServer, Core"},{"$type":"[SST:Statements.Assignment]","Reference":{"$type":"[SST:References.VariableReference]","Identifier":"$1"},"Expression":{"$type":"[SST:Expressions.Simple.ReferenceExpression]","Reference":{"$type":"[SST:References.FieldReference]","Reference":{"$type":"[SST:References.VariableReference]","Identifier":"this"},"FieldName":"0F:[ACAT.Lib.Core.InputActuators.SocketServer, Core] [ACAT.Lib.Core.InputActuators.WinsockServerActuatorBase, Core]._socketServer"}}},{"$type":"[SST:Statements.EventSubscriptionStatement]","Reference":{"$type":"[SST:References.EventReference]","Reference":{"$type":"[SST:References.VariableReference]","Identifier":"$1"},"EventName":"0E:[d:[p:void] [ACAT.Lib.Core.InputActuators.SocketServer+OnPacketReceivedDelegate, Core].([p:byte[]] packet)] [ACAT.Lib.Core.InputActuators.SocketServer, Core].OnPacketReceived"},"Operation":0,"Expression":{"$type":"[SST:Expressions.Simple.ReferenceExpression]","Reference":{"$type":"[SST:References.MethodReference]","Reference":{"$type":"[SST:References.VariableReference]","Identifier":"this"},"MethodName":"0M:[p:void] [ACAT.Lib.Core.InputActuators.WinsockServerActuatorBase, Core]._socketServer_OnPacketReceived([p:byte[]] packet)"}}},{"$type":"[SST:Statements.VariableDeclaration]","Reference":{"$type":"[SST:References.VariableReference]","Identifier":"$2"},"Type":"0T:ACAT.Lib.Core.InputActuators.SocketServer, Core"},{"$type":"[SST:Statements.Assignment]","Reference":{"$type":"[SST:References.VariableReference]","Identifier":"$2"},"Expression":{"$type":"[SST:Expressions.Simple.ReferenceExpression]","Reference":{"$type":"[SST:References.FieldReference]","Reference":{"$type":"[SST:References.VariableReference]","Identifier":"this"},"FieldName":"0F:[ACAT.Lib.Core.InputActuators.SocketServer, Core] [ACAT.Lib.Core.InputActuators.WinsockServerActuatorBase, Core]._socketServer"}}},{"$type":"[SST:Statements.EventSubscriptionStatement]","Reference":{"$type":"[SST:References.EventReference]","Reference":{"$type":"[SST:References.VariableReference]","Identifier":"$2"},"EventName":"0E:[d:[p:void] [ACAT.Lib.Core.InputActuators.SocketServer+OnClientConnectedDelegate, Core].([p:object] sender, [ACAT.Lib.Core.InputActuators.WinsockClientConnectEventArgs, Core] e)] [ACAT.Lib.Core.InputActuators.SocketServer, Core].OnClientConnected"},"Operation":0,"Expression":{"$type":"[SST:Expressions.Simple.ReferenceExpression]","Reference":{"$type":"[SST:References.MethodReference]","Reference":{"$type":"[SST:References.VariableReference]","Identifier":"this"},"MethodName":"0M:[p:void] [ACAT.Lib.Core.InputActuators.WinsockServerActuatorBase, Core]._socketServer_OnClientConnected([p:object] sender, [ACAT.Lib.Core.InputActuators.WinsockClientConnectEventArgs, Core] e)"}}},{"$type":"[SST:Statements.VariableDeclaration]","Reference":{"$type":"[SST:References.VariableReference]","Identifier":"$3"},"Type":"0T:ACAT.Lib.Core.InputActuators.SocketServer, Core"},{"$type":"[SST:Statements.Assignment]","Reference":{"$type":"[SST:References.VariableReference]","Identifier":"$3"},"Expression":{"$type":"[SST:Expressions.Simple.ReferenceExpression]","Reference":{"$type":"[SST:References.FieldReference]","Reference":{"$type":"[SST:References.VariableReference]","Identifier":"this"},"FieldName":"0F:[ACAT.Lib.Core.InputActuators.SocketServer, Core] [ACAT.Lib.Core.InputActuators.WinsockServerActuatorBase, Core]._socketServer"}}},{"$type":"[SST:Statements.EventSubscriptionStatement]","Reference":{"$type":"[SST:References.EventReference]","Reference":{"$type":"[SST:References.VariableReference]","Identifier":"$3"},"EventName":"0E:[d:[p:void] [ACAT.Lib.Core.InputActuators.SocketServer+OnClientDisconnectedDelegate, Core].([p:object] sender, [ACAT.Lib.Core.InputActuators.WinsockClientConnectEventArgs, Core] e)] [ACAT.Lib.Core.InputActuators.SocketServer, Core].OnClientDisconnected"},"Operation":0,"Expression":{"$type":"[SST:Expressions.Simple.ReferenceExpression]","Reference":{"$type":"[SST:References.MethodReference]","Reference":{"$type":"[SST:References.VariableReference]","Identifier":"this"},"MethodName":"0M:[p:void] [ACAT.Lib.Core.InputActuators.WinsockServerActuatorBase, Core]._socketServer_OnClientDisconnected([p:object] sender, [ACAT.Lib.Core.InputActuators.WinsockClientConnectEventArgs, Core] e)"}}},{"$type":"[SST:Statements.VariableDeclaration]","Reference":{"$type":"[SST:References.VariableReference]","Identifier":"$4"},"Type":"0T:ACAT.Lib.Core.InputActuators.SocketServer, Core"},{"$type":"[SST:Statements.Assignment]","Reference":{"$type":"[SST:References.VariableReference]","Identifier":"$4"},"Expression":{"$type":"[SST:Expressions.Simple.ReferenceExpression]","Reference":{"$type":"[SST:References.FieldReference]","Reference":{"$type":"[SST:References.VariableReference]","Identifier":"this"},"FieldName":"0F:[ACAT.Lib.Core.InputActuators.SocketServer, Core] [ACAT.Lib.Core.InputActuators.WinsockServerActuatorBase, Core]._socketServer"}}},{"$type":"[SST:Statements.ExpressionStatement]","Expression":{"$type":"[SST:Expressions.Assignable.InvocationExpression]","Reference":{"$type":"[SST:References.VariableReference]","Identifier":"$4"},"MethodName":"0M:[System.Threading.Thread, mscorlib, 4.0.0.0] [ACAT.Lib.Core.InputActuators.SocketServer, Core].Start()","Parameters":[]}}],"Else":[{"$type":"[SST:Statements.ExpressionStatement]","Expression":{"$type":"[SST:Expressions.Assignable.InvocationExpression]","Reference":{"$type":"[SST:References.VariableReference]","Identifier":""},"MethodName":"0M:static [p:void] [ACAT.Lib.Core.Utility.Log, Core].Debug([p:string] message)","Parameters":[{"$type":"[SST:Expressions.Simple.ConstantValueExpression]"}]}}]}]},{"$type":"[SST:Declarations.MethodDeclaration]","Name":"0M:[p:void] [ACAT.Lib.Core.InputActuators.WinsockServerActuatorBase, Core].unInit()","IsEntryPoint":false,"Body":[{"$type":"[SST:Statements.VariableDeclaration]","Reference":{"$type":"[SST:References.VariableReference]","Identifier":"$0"},"Type":"0T:p:bool"},{"$type":"[SST:Statements.Assignment]","Reference":{"$type":"[SST:References.VariableReference]","Identifier":"$0"},"Expression":{"$type":"[SST:Expressions.Assignable.BinaryExpression]","LeftOperand":{"$type":"[SST:Expressions.Simple.ReferenceExpression]","Reference":{"$type":"[SST:References.FieldReference]","Reference":{"$type":"[SST:References.VariableReference]","Identifier":"this"},"FieldName":"0F:[ACAT.Lib.Core.InputActuators.SocketServer, Core] [ACAT.Lib.Core.InputActuators.WinsockServerActuatorBase, Core]._socketServer"}},"Operator":6,"RightOperand":{"$type":"[SST:Expressions.Simple.ConstantValueExpression]","Value":"null"}}},{"$type":"[SST:Blocks.IfElseBlock]","Condition":{"$type":"[SST:Expressions.Simple.ReferenceExpression]","Reference":{"$type":"[SST:References.VariableReference]","Identifier":"$0"}},"Then":[{"$type":"[SST:Statements.VariableDeclaration]","Reference":{"$type":"[SST:References.VariableReference]","Identifier":"$1"},"Type":"0T:ACAT.Lib.Core.InputActuators.SocketServer, Core"},{"$type":"[SST:Statements.Assignment]","Reference":{"$type":"[SST:References.VariableReference]","Identifier":"$1"},"Expression":{"$type":"[SST:Expressions.Simple.ReferenceExpression]","Reference":{"$type":"[SST:References.FieldReference]","Reference":{"$type":"[SST:References.VariableReference]","Identifier":"this"},"FieldName":"0F:[ACAT.Lib.Core.InputActuators.SocketServer, Core] [ACAT.Lib.Core.InputActuators.WinsockServerActuatorBase, Core]._socketServer"}}},{"$type":"[SST:Statements.ExpressionStatement]","Expression":{"$type":"[SST:Expressions.Assignable.InvocationExpression]","Reference":{"$type":"[SST:References.VariableReference]","Identifier":"$1"},"MethodName":"0M:[p:void] [ACAT.Lib.Core.InputActuators.SocketServer, Core].Stop()","Parameters":[]}},{"$type":"[SST:Statements.Assignment]","Reference":{"$type":"[SST:References.FieldReference]","Reference":{"$type":"[SST:References.VariableReference]","Identifier":"this"},"FieldName":"0F:[ACAT.Lib.Core.InputActuators.SocketServer, Core] [ACAT.Lib.Core.InputActuators.WinsockServerActuatorBase, Core]._socketServer"},"Expression":{"$type":"[SST:Expressions.Simple.ConstantValueExpression]","Value":"null"}}],"Else":[]}]}],"Events":[],"Delegates":[]}}