{"$type":"KaVE.Commons.Model.Events.CompletionEvents.Context, KaVE.Commons","TypeShape":{"$type":"KaVE.Commons.Model.TypeShapes.TypeShape, KaVE.Commons","TypeHierarchy":{"$type":"KaVE.Commons.Model.TypeShapes.TypeHierarchy, KaVE.Commons","Element":"0T:ACAT.Lib.Core.AgentManagement.AgentCloseEventArgs, Core","Extends":{"$type":"KaVE.Commons.Model.TypeShapes.TypeHierarchy, KaVE.Commons","Element":"0T:System.EventArgs, mscorlib, 4.0.0.0","Implements":[]},"Implements":[]},"NestedTypes":[],"Delegates":[],"EventHierarchies":[],"Fields":[],"MethodHierarchies":[{"$type":"KaVE.Commons.Model.TypeShapes.MethodHierarchy, KaVE.Commons","Element":"0M:[p:void] [ACAT.Lib.Core.AgentManagement.AgentCloseEventArgs, Core]..ctor([p:bool] result)"}],"PropertyHierarchies":[{"$type":"KaVE.Commons.Model.TypeShapes.PropertyHierarchy, KaVE.Commons","Element":"0P:set get [p:bool] [ACAT.Lib.Core.AgentManagement.AgentCloseEventArgs, Core].Result()"}]},"SST":{"$type":"[SST:SST]","EnclosingType":"0T:ACAT.Lib.Core.AgentManagement.AgentCloseEventArgs, Core","Fields":[],"Properties":[{"$type":"[SST:Declarations.PropertyDeclaration]","Name":"0P:set get [p:bool] [ACAT.Lib.Core.AgentManagement.AgentCloseEventArgs, Core].Result()","Get":[],"Set":[]}],"Methods":[{"$type":"[SST:Declarations.MethodDeclaration]","Name":"0M:[p:void] [ACAT.Lib.Core.AgentManagement.AgentCloseEventArgs, Core]..ctor([p:bool] result)","IsEntryPoint":true,"Body":[{"$type":"[SST:Statements.Assignment]","Reference":{"$type":"[SST:References.PropertyReference]","Reference":{"$type":"[SST:References.VariableReference]","Identifier":"this"},"PropertyName":"0P:set get [p:bool] [ACAT.Lib.Core.AgentManagement.AgentCloseEventArgs, Core].Result()"},"Expression":{"$type":"[SST:Expressions.Simple.ReferenceExpression]","Reference":{"$type":"[SST:References.VariableReference]","Identifier":"result"}}}]}],"Events":[],"Delegates":[]}}