{"$type":"KaVE.Commons.Model.Events.CompletionEvents.Context, KaVE.Commons","TypeShape":{"$type":"KaVE.Commons.Model.TypeShapes.TypeShape, KaVE.Commons","TypeHierarchy":{"$type":"KaVE.Commons.Model.TypeShapes.TypeHierarchy, KaVE.Commons","Element":"0T:e:ACAT.Lib.Core.AgentManagement.CompletionCode, Core","Implements":[]},"NestedTypes":[],"Delegates":[],"EventHierarchies":[],"Fields":["0F:[e:ACAT.Lib.Core.AgentManagement.CompletionCode, Core] [e:ACAT.Lib.Core.AgentManagement.CompletionCode, Core].None","0F:[e:ACAT.Lib.Core.AgentManagement.CompletionCode, Core] [e:ACAT.Lib.Core.AgentManagement.CompletionCode, Core].ContextSwitch"],"MethodHierarchies":[],"PropertyHierarchies":[]},"SST":{"$type":"[SST:SST]","EnclosingType":"0T:e:ACAT.Lib.Core.AgentManagement.CompletionCode, Core","Fields":[{"$type":"[SST:Declarations.FieldDeclaration]","Name":"0F:[e:ACAT.Lib.Core.AgentManagement.CompletionCode, Core] [e:ACAT.Lib.Core.AgentManagement.CompletionCode, Core].None"},{"$type":"[SST:Declarations.FieldDeclaration]","Name":"0F:[e:ACAT.Lib.Core.AgentManagement.CompletionCode, Core] [e:ACAT.Lib.Core.AgentManagement.CompletionCode, Core].ContextSwitch"}],"Properties":[],"Methods":[],"Events":[],"Delegates":[]}}