{"$type":"KaVE.Commons.Model.Events.CompletionEvents.Context, KaVE.Commons","TypeShape":{"$type":"KaVE.Commons.Model.TypeShapes.TypeShape, KaVE.Commons","TypeHierarchy":{"$type":"KaVE.Commons.Model.TypeShapes.TypeHierarchy, KaVE.Commons","Element":"0T:e:ACAT.Lib.Core.AgentManagement.EditingMode, Core","Implements":[]},"NestedTypes":[],"Delegates":[],"EventHierarchies":[],"Fields":["0F:[e:ACAT.Lib.Core.AgentManagement.EditingMode, Core] [e:ACAT.Lib.Core.AgentManagement.EditingMode, Core].Unknown","0F:[e:ACAT.Lib.Core.AgentManagement.EditingMode, Core] [e:ACAT.Lib.Core.AgentManagement.EditingMode, Core].TextEntry","0F:[e:ACAT.Lib.Core.AgentManagement.EditingMode, Core] [e:ACAT.Lib.Core.AgentManagement.EditingMode, Core].Edit"],"MethodHierarchies":[],"PropertyHierarchies":[]},"SST":{"$type":"[SST:SST]","EnclosingType":"0T:e:ACAT.Lib.Core.AgentManagement.EditingMode, Core","Fields":[{"$type":"[SST:Declarations.FieldDeclaration]","Name":"0F:[e:ACAT.Lib.Core.AgentManagement.EditingMode, Core] [e:ACAT.Lib.Core.AgentManagement.EditingMode, Core].Unknown"},{"$type":"[SST:Declarations.FieldDeclaration]","Name":"0F:[e:ACAT.Lib.Core.AgentManagement.EditingMode, Core] [e:ACAT.Lib.Core.AgentManagement.EditingMode, Core].TextEntry"},{"$type":"[SST:Declarations.FieldDeclaration]","Name":"0F:[e:ACAT.Lib.Core.AgentManagement.EditingMode, Core] [e:ACAT.Lib.Core.AgentManagement.EditingMode, Core].Edit"}],"Properties":[],"Methods":[],"Events":[],"Delegates":[]}}