{"$type":"KaVE.Commons.Model.Events.CompletionEvents.Context, KaVE.Commons","TypeShape":{"$type":"KaVE.Commons.Model.TypeShapes.TypeShape, KaVE.Commons","TypeHierarchy":{"$type":"KaVE.Commons.Model.TypeShapes.TypeHierarchy, KaVE.Commons","Element":"0T:ACAT.Lib.Core.AgentManagement.GenericAppAgentBase, Core","Extends":{"$type":"KaVE.Commons.Model.TypeShapes.TypeHierarchy, KaVE.Commons","Element":"0T:ACAT.Lib.Core.AgentManagement.AgentBase, Core","Implements":[{"$type":"KaVE.Commons.Model.TypeShapes.TypeHierarchy, KaVE.Commons","Element":"0T:i:ACAT.Lib.Core.AgentManagement.IApplicationAgent, Core","Implements":[{"$type":"KaVE.Commons.Model.TypeShapes.TypeHierarchy, KaVE.Commons","Element":"0T:i:System.IDisposable, mscorlib, 4.0.0.0","Implements":[]},{"$type":"KaVE.Commons.Model.TypeShapes.TypeHierarchy, KaVE.Commons","Element":"0T:i:ACAT.Lib.Core.Extensions.IExtension, Core","Implements":[]}]}]},"Implements":[]},"NestedTypes":[],"Delegates":[],"EventHierarchies":[],"Fields":[],"MethodHierarchies":[{"$type":"KaVE.Commons.Model.TypeShapes.MethodHierarchy, KaVE.Commons","Element":"0M:[p:void] [ACAT.Lib.Core.AgentManagement.GenericAppAgentBase, Core].OnContextMenuRequest([ACAT.Lib.Core.Utility.WindowActivityMonitorInfo, Core] monitorInfo)","Super":"0M:[p:void] [ACAT.Lib.Core.AgentManagement.AgentBase, Core].OnContextMenuRequest([ACAT.Lib.Core.Utility.WindowActivityMonitorInfo, Core] monitorInfo)","First":"0M:[p:void] [i:ACAT.Lib.Core.AgentManagement.IApplicationAgent, Core].OnContextMenuRequest([ACAT.Lib.Core.Utility.WindowActivityMonitorInfo, Core] monitorInfo)"},{"$type":"KaVE.Commons.Model.TypeShapes.MethodHierarchy, KaVE.Commons","Element":"0M:[p:void] [ACAT.Lib.Core.AgentManagement.GenericAppAgentBase, Core].OnFocusChanged([ACAT.Lib.Core.Utility.WindowActivityMonitorInfo, Core] monitorInfo, ref [p:bool] handled)","Super":"0M:[p:void] [ACAT.Lib.Core.AgentManagement.AgentBase, Core].OnFocusChanged([ACAT.Lib.Core.Utility.WindowActivityMonitorInfo, Core] monitorInfo, ref [p:bool] handled)","First":"0M:[p:void] [i:ACAT.Lib.Core.AgentManagement.IApplicationAgent, Core].OnFocusChanged([ACAT.Lib.Core.Utility.WindowActivityMonitorInfo, Core] monitorInfo, ref [p:bool] handled)"},{"$type":"KaVE.Commons.Model.TypeShapes.MethodHierarchy, KaVE.Commons","Element":"0M:[p:void] [ACAT.Lib.Core.AgentManagement.GenericAppAgentBase, Core].OnFocusLost()","Super":"0M:[p:void] [ACAT.Lib.Core.AgentManagement.AgentBase, Core].OnFocusLost()","First":"0M:[p:void] [i:ACAT.Lib.Core.AgentManagement.IApplicationAgent, Core].OnFocusLost()"},{"$type":"KaVE.Commons.Model.TypeShapes.MethodHierarchy, KaVE.Commons","Element":"0M:[ACAT.Lib.Core.AgentManagement.TextInterface.TextControlAgentBase, Core] [ACAT.Lib.Core.AgentManagement.GenericAppAgentBase, Core].createEditControlTextInterface([s:System.IntPtr, mscorlib, 4.0.0.0] handleMain, [System.Windows.Automation.AutomationElement, UIAutomationClient, 4.0.0.0] focusedElement, ref [p:bool] handled)"},{"$type":"KaVE.Commons.Model.TypeShapes.MethodHierarchy, KaVE.Commons","Element":"0M:[ACAT.Lib.Core.AgentManagement.TextInterface.TextControlAgentBase, Core] [ACAT.Lib.Core.AgentManagement.GenericAppAgentBase, Core].createKeyLoggerTextInterface([s:System.IntPtr, mscorlib, 4.0.0.0] handleMain, [System.Windows.Automation.AutomationElement, UIAutomationClient, 4.0.0.0] editTextElement)"},{"$type":"KaVE.Commons.Model.TypeShapes.MethodHierarchy, KaVE.Commons","Element":"0M:[p:void] [ACAT.Lib.Core.AgentManagement.GenericAppAgentBase, Core].OnDispose()","Super":"0M:[p:void] [ACAT.Lib.Core.AgentManagement.AgentBase, Core].OnDispose()"},{"$type":"KaVE.Commons.Model.TypeShapes.MethodHierarchy, KaVE.Commons","Element":"0M:[p:void] [ACAT.Lib.Core.AgentManagement.GenericAppAgentBase, Core]._textInterface_EvtTextChanged([p:object] sender, [ACAT.Lib.Core.AgentManagement.TextInterface.TextChangedEventArgs, Core] e)"},{"$type":"KaVE.Commons.Model.TypeShapes.MethodHierarchy, KaVE.Commons","Element":"0M:[ACAT.Lib.Core.AgentManagement.TextInterface.TextControlAgentBase, Core] [ACAT.Lib.Core.AgentManagement.GenericAppAgentBase, Core].createEditControlTextInterface([s:System.IntPtr, mscorlib, 4.0.0.0] handleMain, [System.Windows.Automation.AutomationElement, UIAutomationClient, 4.0.0.0] focusedElement)"},{"$type":"KaVE.Commons.Model.TypeShapes.MethodHierarchy, KaVE.Commons","Element":"0M:[p:void] [ACAT.Lib.Core.AgentManagement.GenericAppAgentBase, Core].disposeAndCreateTextInterface([ACAT.Lib.Core.Utility.WindowActivityMonitorInfo, Core] monitorInfo)"},{"$type":"KaVE.Commons.Model.TypeShapes.MethodHierarchy, KaVE.Commons","Element":"0M:[p:void] [ACAT.Lib.Core.AgentManagement.GenericAppAgentBase, Core].disposeTextInterface()"}],"PropertyHierarchies":[{"$type":"KaVE.Commons.Model.TypeShapes.PropertyHierarchy, KaVE.Commons","Element":"0P:set get [ACAT.Lib.Core.AgentManagement.TextInterface.TextControlAgentBase, Core] [ACAT.Lib.Core.AgentManagement.GenericAppAgentBase, Core].appTextInterface()"}]},"SST":{"$type":"[SST:SST]","EnclosingType":"0T:ACAT.Lib.Core.AgentManagement.GenericAppAgentBase, Core","Fields":[],"Properties":[{"$type":"[SST:Declarations.PropertyDeclaration]","Name":"0P:set get [ACAT.Lib.Core.AgentManagement.TextInterface.TextControlAgentBase, Core] [ACAT.Lib.Core.AgentManagement.GenericAppAgentBase, Core].appTextInterface()","Get":[],"Set":[]}],"Methods":[{"$type":"[SST:Declarations.MethodDeclaration]","Name":"0M:[p:void] [ACAT.Lib.Core.AgentManagement.GenericAppAgentBase, Core].OnContextMenuRequest([ACAT.Lib.Core.Utility.WindowActivityMonitorInfo, Core] monitorInfo)","IsEntryPoint":false,"Body":[]},{"$type":"[SST:Declarations.MethodDeclaration]","Name":"0M:[p:void] [ACAT.Lib.Core.AgentManagement.GenericAppAgentBase, Core].OnFocusChanged([ACAT.Lib.Core.Utility.WindowActivityMonitorInfo, Core] monitorInfo, ref [p:bool] handled)","IsEntryPoint":true,"Body":[{"$type":"[SST:Statements.ExpressionStatement]","Expression":{"$type":"[SST:Expressions.Assignable.InvocationExpression]","Reference":{"$type":"[SST:References.VariableReference]","Identifier":""},"MethodName":"0M:static [p:void] [ACAT.Lib.Core.Utility.Log, Core].Debug()","Parameters":[]}},{"$type":"[SST:Statements.ExpressionStatement]","Expression":{"$type":"[SST:Expressions.Assignable.InvocationExpression]","Reference":{"$type":"[SST:References.VariableReference]","Identifier":"this"},"MethodName":"0M:[p:void] [ACAT.Lib.Core.AgentManagement.GenericAppAgentBase, Core].disposeAndCreateTextInterface([ACAT.Lib.Core.Utility.WindowActivityMonitorInfo, Core] monitorInfo)","Parameters":[{"$type":"[SST:Expressions.Simple.ReferenceExpression]","Reference":{"$type":"[SST:References.VariableReference]","Identifier":"monitorInfo"}}]}},{"$type":"[SST:Statements.ExpressionStatement]","Expression":{"$type":"[SST:Expressions.Assignable.InvocationExpression]","Reference":{"$type":"[SST:References.VariableReference]","Identifier":"this"},"MethodName":"0M:[p:void] [ACAT.Lib.Core.AgentManagement.AgentBase, Core].triggerTextChanged([i:ACAT.Lib.Core.AgentManagement.TextInterface.ITextControlAgent, Core] textInterface)","Parameters":[{"$type":"[SST:Expressions.Simple.ReferenceExpression]","Reference":{"$type":"[SST:References.PropertyReference]","Reference":{"$type":"[SST:References.VariableReference]","Identifier":"this"},"PropertyName":"0P:set get [ACAT.Lib.Core.AgentManagement.TextInterface.TextControlAgentBase, Core] [ACAT.Lib.Core.AgentManagement.GenericAppAgentBase, Core].appTextInterface()"}}]}},{"$type":"[SST:Statements.Assignment]","Reference":{"$type":"[SST:References.VariableReference]","Identifier":"handled"},"Expression":{"$type":"[SST:Expressions.Simple.ConstantValueExpression]","Value":"true"}}]},{"$type":"[SST:Declarations.MethodDeclaration]","Name":"0M:[p:void] [ACAT.Lib.Core.AgentManagement.GenericAppAgentBase, Core].OnFocusLost()","IsEntryPoint":true,"Body":[{"$type":"[SST:Statements.ExpressionStatement]","Expression":{"$type":"[SST:Expressions.Assignable.InvocationExpression]","Reference":{"$type":"[SST:References.VariableReference]","Identifier":"this"},"MethodName":"0M:[p:void] [ACAT.Lib.Core.AgentManagement.GenericAppAgentBase, Core].disposeTextInterface()","Parameters":[]}}]},{"$type":"[SST:Declarations.MethodDeclaration]","Name":"0M:[ACAT.Lib.Core.AgentManagement.TextInterface.TextControlAgentBase, Core] [ACAT.Lib.Core.AgentManagement.GenericAppAgentBase, Core].createEditControlTextInterface([s:System.IntPtr, mscorlib, 4.0.0.0] handleMain, [System.Windows.Automation.AutomationElement, UIAutomationClient, 4.0.0.0] focusedElement, ref [p:bool] handled)","IsEntryPoint":false,"Body":[{"$type":"[SST:Statements.ExpressionStatement]","Expression":{"$type":"[SST:Expressions.Assignable.InvocationExpression]","Reference":{"$type":"[SST:References.VariableReference]","Identifier":""},"MethodName":"0M:static [p:void] [ACAT.Lib.Core.Utility.Log, Core].Debug()","Parameters":[]}},{"$type":"[SST:Statements.VariableDeclaration]","Reference":{"$type":"[SST:References.VariableReference]","Identifier":"$0"},"Type":"0T:ACAT.Lib.Core.AgentManagement.TextInterface.EditTextControlAgent, Core"},{"$type":"[SST:Statements.Assignment]","Reference":{"$type":"[SST:References.VariableReference]","Identifier":"$0"},"Expression":{"$type":"[SST:Expressions.Assignable.InvocationExpression]","Reference":{"$type":"[SST:References.VariableReference]","Identifier":""},"MethodName":"0M:[p:void] [ACAT.Lib.Core.AgentManagement.TextInterface.EditTextControlAgent, Core]..ctor([s:System.IntPtr, mscorlib, 4.0.0.0] handle, [System.Windows.Automation.AutomationElement, UIAutomationClient, 4.0.0.0] editControlElement, ref [p:bool] handled)","Parameters":[{"$type":"[SST:Expressions.Simple.ReferenceExpression]","Reference":{"$type":"[SST:References.VariableReference]","Identifier":"handleMain"}},{"$type":"[SST:Expressions.Simple.ReferenceExpression]","Reference":{"$type":"[SST:References.VariableReference]","Identifier":"focusedElement"}},{"$type":"[SST:Expressions.Simple.ReferenceExpression]","Reference":{"$type":"[SST:References.VariableReference]","Identifier":"handled"}}]}},{"$type":"[SST:Statements.ReturnStatement]","Expression":{"$type":"[SST:Expressions.Simple.ReferenceExpression]","Reference":{"$type":"[SST:References.VariableReference]","Identifier":"$0"}},"IsVoid":false}]},{"$type":"[SST:Declarations.MethodDeclaration]","Name":"0M:[ACAT.Lib.Core.AgentManagement.TextInterface.TextControlAgentBase, Core] [ACAT.Lib.Core.AgentManagement.GenericAppAgentBase, Core].createKeyLoggerTextInterface([s:System.IntPtr, mscorlib, 4.0.0.0] handleMain, [System.Windows.Automation.AutomationElement, UIAutomationClient, 4.0.0.0] editTextElement)","IsEntryPoint":false,"Body":[{"$type":"[SST:Statements.VariableDeclaration]","Reference":{"$type":"[SST:References.VariableReference]","Identifier":"$0"},"Type":"0T:ACAT.Lib.Core.AgentManagement.TextInterface.KeyLogTextControlAgent, Core"},{"$type":"[SST:Statements.Assignment]","Reference":{"$type":"[SST:References.VariableReference]","Identifier":"$0"},"Expression":{"$type":"[SST:Expressions.Assignable.InvocationExpression]","Reference":{"$type":"[SST:References.VariableReference]","Identifier":""},"MethodName":"0M:[p:void] [ACAT.Lib.Core.AgentManagement.TextInterface.KeyLogTextControlAgent, Core]..ctor()","Parameters":[]}},{"$type":"[SST:Statements.ReturnStatement]","Expression":{"$type":"[SST:Expressions.Simple.ReferenceExpression]","Reference":{"$type":"[SST:References.VariableReference]","Identifier":"$0"}},"IsVoid":false}]},{"$type":"[SST:Declarations.MethodDeclaration]","Name":"0M:[p:void] [ACAT.Lib.Core.AgentManagement.GenericAppAgentBase, Core].OnDispose()","IsEntryPoint":true,"Body":[{"$type":"[SST:Statements.ExpressionStatement]","Expression":{"$type":"[SST:Expressions.Assignable.InvocationExpression]","Reference":{"$type":"[SST:References.VariableReference]","Identifier":"this"},"MethodName":"0M:[p:void] [ACAT.Lib.Core.AgentManagement.GenericAppAgentBase, Core].disposeTextInterface()","Parameters":[]}}]},{"$type":"[SST:Declarations.MethodDeclaration]","Name":"0M:[p:void] [ACAT.Lib.Core.AgentManagement.GenericAppAgentBase, Core]._textInterface_EvtTextChanged([p:object] sender, [ACAT.Lib.Core.AgentManagement.TextInterface.TextChangedEventArgs, Core] e)","IsEntryPoint":false,"Body":[{"$type":"[SST:Statements.ExpressionStatement]","Expression":{"$type":"[SST:Expressions.Assignable.InvocationExpression]","Reference":{"$type":"[SST:References.VariableReference]","Identifier":""},"MethodName":"0M:static [p:void] [ACAT.Lib.Core.Utility.Log, Core].Debug()","Parameters":[]}},{"$type":"[SST:Statements.VariableDeclaration]","Reference":{"$type":"[SST:References.VariableReference]","Identifier":"$0"},"Type":"0T:p:bool"},{"$type":"[SST:Statements.Assignment]","Reference":{"$type":"[SST:References.VariableReference]","Identifier":"$0"},"Expression":{"$type":"[SST:Expressions.Assignable.BinaryExpression]","LeftOperand":{"$type":"[SST:Expressions.Simple.ReferenceExpression]","Reference":{"$type":"[SST:References.PropertyReference]","Reference":{"$type":"[SST:References.VariableReference]","Identifier":"e"},"PropertyName":"0P:set get [i:ACAT.Lib.Core.AgentManagement.TextInterface.ITextControlAgent, Core] [ACAT.Lib.Core.AgentManagement.TextInterface.TextChangedEventArgs, Core].TextInterface()"}},"Operator":6,"RightOperand":{"$type":"[SST:Expressions.Simple.ConstantValueExpression]","Value":"null"}}},{"$type":"[SST:Blocks.IfElseBlock]","Condition":{"$type":"[SST:Expressions.Simple.ReferenceExpression]","Reference":{"$type":"[SST:References.VariableReference]","Identifier":"$0"}},"Then":[{"$type":"[SST:Statements.ExpressionStatement]","Expression":{"$type":"[SST:Expressions.Assignable.InvocationExpression]","Reference":{"$type":"[SST:References.VariableReference]","Identifier":""},"MethodName":"0M:static [p:void] [ACAT.Lib.Core.Utility.Log, Core].Debug([p:string] message)","Parameters":[{"$type":"[SST:Expressions.Simple.ConstantValueExpression]"}]}},{"$type":"[SST:Statements.ExpressionStatement]","Expression":{"$type":"[SST:Expressions.Assignable.InvocationExpression]","Reference":{"$type":"[SST:References.VariableReference]","Identifier":"this"},"MethodName":"0M:[p:void] [ACAT.Lib.Core.AgentManagement.AgentBase, Core].triggerTextChanged([i:ACAT.Lib.Core.AgentManagement.TextInterface.ITextControlAgent, Core] textInterface)","Parameters":[{"$type":"[SST:Expressions.Simple.ReferenceExpression]","Reference":{"$type":"[SST:References.PropertyReference]","Reference":{"$type":"[SST:References.VariableReference]","Identifier":"e"},"PropertyName":"0P:set get [i:ACAT.Lib.Core.AgentManagement.TextInterface.ITextControlAgent, Core] [ACAT.Lib.Core.AgentManagement.TextInterface.TextChangedEventArgs, Core].TextInterface()"}}]}}],"Else":[]}]},{"$type":"[SST:Declarations.MethodDeclaration]","Name":"0M:[ACAT.Lib.Core.AgentManagement.TextInterface.TextControlAgentBase, Core] [ACAT.Lib.Core.AgentManagement.GenericAppAgentBase, Core].createEditControlTextInterface([s:System.IntPtr, mscorlib, 4.0.0.0] handleMain, [System.Windows.Automation.AutomationElement, UIAutomationClient, 4.0.0.0] focusedElement)","IsEntryPoint":false,"Body":[{"$type":"[SST:Statements.VariableDeclaration]","Reference":{"$type":"[SST:References.VariableReference]","Identifier":"handled"},"Type":"0T:p:bool"},{"$type":"[SST:Statements.Assignment]","Reference":{"$type":"[SST:References.VariableReference]","Identifier":"handled"},"Expression":{"$type":"[SST:Expressions.Simple.ConstantValueExpression]","Value":"false"}},{"$type":"[SST:Statements.ExpressionStatement]","Expression":{"$type":"[SST:Expressions.Assignable.InvocationExpression]","Reference":{"$type":"[SST:References.VariableReference]","Identifier":""},"MethodName":"0M:static [p:void] [ACAT.Lib.Core.Utility.Log, Core].Debug([p:string] message)","Parameters":[{"$type":"[SST:Expressions.Simple.ConstantValueExpression]"}]}},{"$type":"[SST:Statements.VariableDeclaration]","Reference":{"$type":"[SST:References.VariableReference]","Identifier":"textInterface"},"Type":"0T:ACAT.Lib.Core.AgentManagement.TextInterface.TextControlAgentBase, Core"},{"$type":"[SST:Statements.Assignment]","Reference":{"$type":"[SST:References.VariableReference]","Identifier":"textInterface"},"Expression":{"$type":"[SST:Expressions.Assignable.InvocationExpression]","Reference":{"$type":"[SST:References.VariableReference]","Identifier":"this"},"MethodName":"0M:[ACAT.Lib.Core.AgentManagement.TextInterface.TextControlAgentBase, Core] [ACAT.Lib.Core.AgentManagement.GenericAppAgentBase, Core].createEditControlTextInterface([s:System.IntPtr, mscorlib, 4.0.0.0] handleMain, [System.Windows.Automation.AutomationElement, UIAutomationClient, 4.0.0.0] focusedElement, ref [p:bool] handled)","Parameters":[{"$type":"[SST:Expressions.Simple.ReferenceExpression]","Reference":{"$type":"[SST:References.VariableReference]","Identifier":"handleMain"}},{"$type":"[SST:Expressions.Simple.ReferenceExpression]","Reference":{"$type":"[SST:References.VariableReference]","Identifier":"focusedElement"}},{"$type":"[SST:Expressions.Simple.ReferenceExpression]","Reference":{"$type":"[SST:References.VariableReference]","Identifier":"handled"}}]}},{"$type":"[SST:Blocks.IfElseBlock]","Condition":{"$type":"[SST:Expressions.Simple.ReferenceExpression]","Reference":{"$type":"[SST:References.VariableReference]","Identifier":"handled"}},"Then":[{"$type":"[SST:Statements.ReturnStatement]","Expression":{"$type":"[SST:Expressions.Simple.ReferenceExpression]","Reference":{"$type":"[SST:References.VariableReference]","Identifier":"textInterface"}},"IsVoid":false}],"Else":[]},{"$type":"[SST:Statements.ReturnStatement]","Expression":{"$type":"[SST:Expressions.Simple.ConstantValueExpression]","Value":"null"},"IsVoid":false}]},{"$type":"[SST:Declarations.MethodDeclaration]","Name":"0M:[p:void] [ACAT.Lib.Core.AgentManagement.GenericAppAgentBase, Core].disposeAndCreateTextInterface([ACAT.Lib.Core.Utility.WindowActivityMonitorInfo, Core] monitorInfo)","IsEntryPoint":false,"Body":[{"$type":"[SST:Statements.ExpressionStatement]","Expression":{"$type":"[SST:Expressions.Assignable.InvocationExpression]","Reference":{"$type":"[SST:References.VariableReference]","Identifier":"this"},"MethodName":"0M:[p:void] [ACAT.Lib.Core.AgentManagement.GenericAppAgentBase, Core].disposeTextInterface()","Parameters":[]}},{"$type":"[SST:Statements.ExpressionStatement]","Expression":{"$type":"[SST:Expressions.Assignable.InvocationExpression]","Reference":{"$type":"[SST:References.VariableReference]","Identifier":""},"MethodName":"0M:static [p:void] [ACAT.Lib.Core.Utility.Log, Core].Debug([p:string] message)","Parameters":[{"$type":"[SST:Expressions.Simple.ConstantValueExpression]"}]}},{"$type":"[SST:Statements.VariableDeclaration]","Reference":{"$type":"[SST:References.VariableReference]","Identifier":"textInterface"},"Type":"0T:ACAT.Lib.Core.AgentManagement.TextInterface.TextControlAgentBase, Core"},{"$type":"[SST:Statements.VariableDeclaration]","Reference":{"$type":"[SST:References.VariableReference]","Identifier":"$0"},"Type":"0T:ACAT.Lib.Core.AgentManagement.TextInterface.TextControlAgentBase, Core"},{"$type":"[SST:Statements.Assignment]","Reference":{"$type":"[SST:References.VariableReference]","Identifier":"$0"},"Expression":{"$type":"[SST:Expressions.Assignable.InvocationExpression]","Reference":{"$type":"[SST:References.VariableReference]","Identifier":"this"},"MethodName":"0M:[ACAT.Lib.Core.AgentManagement.TextInterface.TextControlAgentBase, Core] [ACAT.Lib.Core.AgentManagement.GenericAppAgentBase, Core].createEditControlTextInterface([s:System.IntPtr, mscorlib, 4.0.0.0] handleMain, [System.Windows.Automation.AutomationElement, UIAutomationClient, 4.0.0.0] focusedElement)","Parameters":[{"$type":"[SST:Expressions.Simple.ReferenceExpression]","Reference":{"$type":"[SST:References.PropertyReference]","Reference":{"$type":"[SST:References.VariableReference]","Identifier":"monitorInfo"},"PropertyName":"0P:set get [s:System.IntPtr, mscorlib, 4.0.0.0] [ACAT.Lib.Core.Utility.WindowActivityMonitorInfo, Core].FgHwnd()"}},{"$type":"[SST:Expressions.Simple.ReferenceExpression]","Reference":{"$type":"[SST:References.PropertyReference]","Reference":{"$type":"[SST:References.VariableReference]","Identifier":"monitorInfo"},"PropertyName":"0P:set get [System.Windows.Automation.AutomationElement, UIAutomationClient, 4.0.0.0] [ACAT.Lib.Core.Utility.WindowActivityMonitorInfo, Core].FocusedElement()"}}]}},{"$type":"[SST:Statements.VariableDeclaration]","Reference":{"$type":"[SST:References.VariableReference]","Identifier":"$1"},"Type":"0T:p:bool"},{"$type":"[SST:Statements.Assignment]","Reference":{"$type":"[SST:References.VariableReference]","Identifier":"$1"},"Expression":{"$type":"[SST:Expressions.Assignable.ComposedExpression]","References":[{"$type":"[SST:References.VariableReference]","Identifier":"$0"}]}},{"$type":"[SST:Statements.VariableDeclaration]","Reference":{"$type":"[SST:References.VariableReference]","Identifier":"$2"},"Type":"0T:ACAT.Lib.Core.AgentManagement.TextInterface.TextControlAgentBase, Core"},{"$type":"[SST:Statements.Assignment]","Reference":{"$type":"[SST:References.VariableReference]","Identifier":"$2"},"Expression":{"$type":"[SST:Expressions.Assignable.InvocationExpression]","Reference":{"$type":"[SST:References.VariableReference]","Identifier":"this"},"MethodName":"0M:[ACAT.Lib.Core.AgentManagement.TextInterface.TextControlAgentBase, Core] [ACAT.Lib.Core.AgentManagement.GenericAppAgentBase, Core].createKeyLoggerTextInterface([s:System.IntPtr, mscorlib, 4.0.0.0] handleMain, [System.Windows.Automation.AutomationElement, UIAutomationClient, 4.0.0.0] editTextElement)","Parameters":[{"$type":"[SST:Expressions.Simple.ReferenceExpression]","Reference":{"$type":"[SST:References.PropertyReference]","Reference":{"$type":"[SST:References.VariableReference]","Identifier":"monitorInfo"},"PropertyName":"0P:set get [s:System.IntPtr, mscorlib, 4.0.0.0] [ACAT.Lib.Core.Utility.WindowActivityMonitorInfo, Core].FgHwnd()"}},{"$type":"[SST:Expressions.Simple.ReferenceExpression]","Reference":{"$type":"[SST:References.PropertyReference]","Reference":{"$type":"[SST:References.VariableReference]","Identifier":"monitorInfo"},"PropertyName":"0P:set get [System.Windows.Automation.AutomationElement, UIAutomationClient, 4.0.0.0] [ACAT.Lib.Core.Utility.WindowActivityMonitorInfo, Core].FocusedElement()"}}]}},{"$type":"[SST:Statements.Assignment]","Reference":{"$type":"[SST:References.VariableReference]","Identifier":"textInterface"},"Expression":{"$type":"[SST:Expressions.Assignable.IfElseExpression]","Condition":{"$type":"[SST:Expressions.Simple.ReferenceExpression]","Reference":{"$type":"[SST:References.VariableReference]","Identifier":"$1"}},"ThenExpression":{"$type":"[SST:Expressions.Simple.ReferenceExpression]","Reference":{"$type":"[SST:References.VariableReference]","Identifier":"$0"}},"ElseExpression":{"$type":"[SST:Expressions.Simple.ReferenceExpression]","Reference":{"$type":"[SST:References.VariableReference]","Identifier":"$2"}}}},{"$type":"[SST:Statements.Assignment]","Reference":{"$type":"[SST:References.PropertyReference]","Reference":{"$type":"[SST:References.VariableReference]","Identifier":"this"},"PropertyName":"0P:set get [ACAT.Lib.Core.AgentManagement.TextInterface.TextControlAgentBase, Core] [ACAT.Lib.Core.AgentManagement.GenericAppAgentBase, Core].appTextInterface()"},"Expression":{"$type":"[SST:Expressions.Simple.ReferenceExpression]","Reference":{"$type":"[SST:References.VariableReference]","Identifier":"textInterface"}}},{"$type":"[SST:Statements.VariableDeclaration]","Reference":{"$type":"[SST:References.VariableReference]","Identifier":"$3"},"Type":"0T:ACAT.Lib.Core.AgentManagement.TextInterface.TextControlAgentBase, Core"},{"$type":"[SST:Statements.Assignment]","Reference":{"$type":"[SST:References.VariableReference]","Identifier":"$3"},"Expression":{"$type":"[SST:Expressions.Simple.ReferenceExpression]","Reference":{"$type":"[SST:References.PropertyReference]","Reference":{"$type":"[SST:References.VariableReference]","Identifier":"this"},"PropertyName":"0P:set get [ACAT.Lib.Core.AgentManagement.TextInterface.TextControlAgentBase, Core] [ACAT.Lib.Core.AgentManagement.GenericAppAgentBase, Core].appTextInterface()"}}},{"$type":"[SST:Statements.EventSubscriptionStatement]","Reference":{"$type":"[SST:References.EventReference]","Reference":{"$type":"[SST:References.VariableReference]","Identifier":"$3"},"EventName":"0E:[d:[p:void] [ACAT.Lib.Core.AgentManagement.TextChangedDelegate, Core].([p:object] sender, [ACAT.Lib.Core.AgentManagement.TextInterface.TextChangedEventArgs, Core] e)] [ACAT.Lib.Core.AgentManagement.TextInterface.TextControlAgentBase, Core].EvtTextChanged"},"Operation":0,"Expression":{"$type":"[SST:Expressions.Simple.ReferenceExpression]","Reference":{"$type":"[SST:References.MethodReference]","Reference":{"$type":"[SST:References.VariableReference]","Identifier":"this"},"MethodName":"0M:[p:void] [ACAT.Lib.Core.AgentManagement.GenericAppAgentBase, Core]._textInterface_EvtTextChanged([p:object] sender, [ACAT.Lib.Core.AgentManagement.TextInterface.TextChangedEventArgs, Core] e)"}}},{"$type":"[SST:Statements.ExpressionStatement]","Expression":{"$type":"[SST:Expressions.Assignable.InvocationExpression]","Reference":{"$type":"[SST:References.VariableReference]","Identifier":"this"},"MethodName":"0M:[p:void] [ACAT.Lib.Core.AgentManagement.AgentBase, Core].setTextInterface(opt [ACAT.Lib.Core.AgentManagement.TextInterface.TextControlAgentBase, Core] textInterface)","Parameters":[{"$type":"[SST:Expressions.Simple.ReferenceExpression]","Reference":{"$type":"[SST:References.PropertyReference]","Reference":{"$type":"[SST:References.VariableReference]","Identifier":"this"},"PropertyName":"0P:set get [ACAT.Lib.Core.AgentManagement.TextInterface.TextControlAgentBase, Core] [ACAT.Lib.Core.AgentManagement.GenericAppAgentBase, Core].appTextInterface()"}}]}}]},{"$type":"[SST:Declarations.MethodDeclaration]","Name":"0M:[p:void] [ACAT.Lib.Core.AgentManagement.GenericAppAgentBase, Core].disposeTextInterface()","IsEntryPoint":false,"Body":[{"$type":"[SST:Statements.VariableDeclaration]","Reference":{"$type":"[SST:References.VariableReference]","Identifier":"$0"},"Type":"0T:p:bool"},{"$type":"[SST:Statements.Assignment]","Reference":{"$type":"[SST:References.VariableReference]","Identifier":"$0"},"Expression":{"$type":"[SST:Expressions.Assignable.BinaryExpression]","LeftOperand":{"$type":"[SST:Expressions.Simple.ReferenceExpression]","Reference":{"$type":"[SST:References.PropertyReference]","Reference":{"$type":"[SST:References.VariableReference]","Identifier":"this"},"PropertyName":"0P:set get [ACAT.Lib.Core.AgentManagement.TextInterface.TextControlAgentBase, Core] [ACAT.Lib.Core.AgentManagement.GenericAppAgentBase, Core].appTextInterface()"}},"Operator":6,"RightOperand":{"$type":"[SST:Expressions.Simple.ConstantValueExpression]","Value":"null"}}},{"$type":"[SST:Blocks.IfElseBlock]","Condition":{"$type":"[SST:Expressions.Simple.ReferenceExpression]","Reference":{"$type":"[SST:References.VariableReference]","Identifier":"$0"}},"Then":[{"$type":"[SST:Statements.VariableDeclaration]","Reference":{"$type":"[SST:References.VariableReference]","Identifier":"$1"},"Type":"0T:ACAT.Lib.Core.AgentManagement.TextInterface.TextControlAgentBase, Core"},{"$type":"[SST:Statements.Assignment]","Reference":{"$type":"[SST:References.VariableReference]","Identifier":"$1"},"Expression":{"$type":"[SST:Expressions.Simple.ReferenceExpression]","Reference":{"$type":"[SST:References.PropertyReference]","Reference":{"$type":"[SST:References.VariableReference]","Identifier":"this"},"PropertyName":"0P:set get [ACAT.Lib.Core.AgentManagement.TextInterface.TextControlAgentBase, Core] [ACAT.Lib.Core.AgentManagement.GenericAppAgentBase, Core].appTextInterface()"}}},{"$type":"[SST:Statements.EventSubscriptionStatement]","Reference":{"$type":"[SST:References.EventReference]","Reference":{"$type":"[SST:References.VariableReference]","Identifier":"$1"},"EventName":"0E:[d:[p:void] [ACAT.Lib.Core.AgentManagement.TextChangedDelegate, Core].([p:object] sender, [ACAT.Lib.Core.AgentManagement.TextInterface.TextChangedEventArgs, Core] e)] [ACAT.Lib.Core.AgentManagement.TextInterface.TextControlAgentBase, Core].EvtTextChanged"},"Operation":1,"Expression":{"$type":"[SST:Expressions.Simple.ReferenceExpression]","Reference":{"$type":"[SST:References.MethodReference]","Reference":{"$type":"[SST:References.VariableReference]","Identifier":"this"},"MethodName":"0M:[p:void] [ACAT.Lib.Core.AgentManagement.GenericAppAgentBase, Core]._textInterface_EvtTextChanged([p:object] sender, [ACAT.Lib.Core.AgentManagement.TextInterface.TextChangedEventArgs, Core] e)"}}},{"$type":"[SST:Statements.VariableDeclaration]","Reference":{"$type":"[SST:References.VariableReference]","Identifier":"$2"},"Type":"0T:ACAT.Lib.Core.AgentManagement.TextInterface.TextControlAgentBase, Core"},{"$type":"[SST:Statements.Assignment]","Reference":{"$type":"[SST:References.VariableReference]","Identifier":"$2"},"Expression":{"$type":"[SST:Expressions.Simple.ReferenceExpression]","Reference":{"$type":"[SST:References.PropertyReference]","Reference":{"$type":"[SST:References.VariableReference]","Identifier":"this"},"PropertyName":"0P:set get [ACAT.Lib.Core.AgentManagement.TextInterface.TextControlAgentBase, Core] [ACAT.Lib.Core.AgentManagement.GenericAppAgentBase, Core].appTextInterface()"}}},{"$type":"[SST:Statements.ExpressionStatement]","Expression":{"$type":"[SST:Expressions.Assignable.InvocationExpression]","Reference":{"$type":"[SST:References.VariableReference]","Identifier":"$2"},"MethodName":"0M:[p:void] [ACAT.Lib.Core.AgentManagement.TextInterface.TextControlAgentBase, Core].Dispose()","Parameters":[]}},{"$type":"[SST:Statements.Assignment]","Reference":{"$type":"[SST:References.PropertyReference]","Reference":{"$type":"[SST:References.VariableReference]","Identifier":"this"},"PropertyName":"0P:set get [ACAT.Lib.Core.AgentManagement.TextInterface.TextControlAgentBase, Core] [ACAT.Lib.Core.AgentManagement.GenericAppAgentBase, Core].appTextInterface()"},"Expression":{"$type":"[SST:Expressions.Simple.ConstantValueExpression]","Value":"null"}},{"$type":"[SST:Statements.ExpressionStatement]","Expression":{"$type":"[SST:Expressions.Assignable.InvocationExpression]","Reference":{"$type":"[SST:References.VariableReference]","Identifier":"this"},"MethodName":"0M:[p:void] [ACAT.Lib.Core.AgentManagement.AgentBase, Core].setTextInterface(opt [ACAT.Lib.Core.AgentManagement.TextInterface.TextControlAgentBase, Core] textInterface)","Parameters":[]}}],"Else":[]}]}],"Events":[],"Delegates":[]}}