{"$type":"KaVE.Commons.Model.Events.VersionControlEvents.VersionControlEvent, KaVE.Commons","Actions":[{"$type":"KaVE.Commons.Model.Events.VersionControlEvents.VersionControlAction, KaVE.Commons","ExecutedAt":"2015-03-25T22:57:40+01:00","ActionType":4}],"Solution":"0Sln:ConsoleApplicationCSharp","IDESessionUUID":"09b80f37-6fc5-4027-a968-d7e2b594d304","KaVEVersion":"0.1001-Default","TriggeredAt":"2015-03-25T22:57:40+01:00","TriggeredBy":0,"Duration":"00:00:00","ActiveWindow":"0Win:vsWindowTypeSolutionExplorer Solution Explorer"}