{"$type":"KaVE.Commons.Model.Events.VersionControlEvents.VersionControlEvent, KaVE.Commons","Actions":[{"$type":"KaVE.Commons.Model.Events.VersionControlEvents.VersionControlAction, KaVE.Commons","ExecutedAt":"2015-07-01T18:26:23+02:00","ActionType":2}],"Solution":"0Sln:KaVE.Feedback","IDESessionUUID":"fb8dac62-9c78-4f44-b53f-906002017d1a","KaVEVersion":"0.1004-Default","TriggeredAt":"2015-07-01T18:26:23+02:00","TriggeredBy":0,"Duration":"00:00:00","ActiveWindow":"0Win:vsWindowTypeSolutionExplorer Solution Explorer"}