{"$type":"KaVE.Commons.Model.Events.VersionControlEvents.VersionControlEvent, KaVE.Commons","Actions":[{"$type":"KaVE.Commons.Model.Events.VersionControlEvents.VersionControlAction, KaVE.Commons","ExecutedAt":"2015-03-18T21:51:09+01:00","ActionType":6}],"Solution":"0Sln:ConsoleApplicationCSharp","IDESessionUUID":"334739fc-af20-43f1-bfb0-6c5784148655","KaVEVersion":"0.1004-Default","TriggeredAt":"2015-03-18T21:51:09+01:00","TriggeredBy":0,"Duration":"00:00:00","ActiveWindow":"0Win:vsWindowTypeDocument IfBlockInsertion.cs","ActiveDocument":"0Doc:CSharp \\IfBlockInsertion.cs"}