{"$type":"KaVE.Commons.Model.Events.VersionControlEvents.VersionControlEvent, KaVE.Commons","Actions":[{"$type":"KaVE.Commons.Model.Events.VersionControlEvents.VersionControlAction, KaVE.Commons","ExecutedAt":"2015-03-25T22:58:47+01:00","ActionType":4}],"Solution":"0Sln:ConsoleApplicationCSharp","IDESessionUUID":"02b48e31-16a6-4430-8d34-66973b81f37f","KaVEVersion":"0.1001-Default","TriggeredAt":"2015-03-25T22:58:47+01:00","TriggeredBy":0,"Duration":"00:00:00","ActiveWindow":"0Win:vsWindowTypeDocument Program.cs","ActiveDocument":"0Doc:CSharp \\Program.cs"}