{"$type":"KaVE.Commons.Model.Events.VersionControlEvents.VersionControlEvent, KaVE.Commons","Actions":[{"$type":"KaVE.Commons.Model.Events.VersionControlEvents.VersionControlAction, KaVE.Commons","ExecutedAt":"2015-07-24T18:05:44+02:00","ActionType":4}],"Solution":"0Sln:KaVE.Feedback","IDESessionUUID":"dc68ba52-16d4-4e19-b74b-1f12a8be8859","KaVEVersion":"0.1004-Default","TriggeredAt":"2015-07-24T18:05:44+02:00","TriggeredBy":0,"Duration":"00:00:00","ActiveWindow":"0Win:vsWindowTypeDocument SSTPrintingVisitor.cs","ActiveDocument":"0Doc:CSharp \\KaVE.Commons\\Utils\\SSTPrinter\\SSTPrintingVisitor.cs"}