{"$type":"KaVE.Commons.Model.Events.VersionControlEvents.VersionControlEvent, KaVE.Commons","Actions":[{"$type":"KaVE.Commons.Model.Events.VersionControlEvents.VersionControlAction, KaVE.Commons","ExecutedAt":"2015-03-25T22:58:56+01:00","ActionType":4}],"Solution":"0Sln:ConsoleApplicationCSharp","IDESessionUUID":"1dff492d-44bc-4707-936e-9e65aa82cd9e","KaVEVersion":"0.1004-Default","TriggeredAt":"2015-03-25T22:58:56+01:00","TriggeredBy":0,"Duration":"00:00:00","ActiveWindow":"0Win:vsWindowTypeSolutionExplorer Solution Explorer"}