{"$type":"KaVE.Commons.Model.Events.VersionControlEvents.VersionControlEvent, KaVE.Commons","Actions":[{"$type":"KaVE.Commons.Model.Events.VersionControlEvents.VersionControlAction, KaVE.Commons","ExecutedAt":"2015-09-30T15:20:40+02:00","ActionType":4}],"Solution":"0Sln:ThesisSSTDiff","IDESessionUUID":"334739fc-af20-43f1-bfb0-6c5784148655","KaVEVersion":"0.1004-Default","TriggeredAt":"2015-09-30T15:20:40+02:00","TriggeredBy":0,"Duration":"00:00:00","ActiveWindow":"0Win:vsWindowTypeSolutionExplorer Solution Explorer"}