{"$type":"KaVE.Commons.Model.Events.VersionControlEvents.VersionControlEvent, KaVE.Commons","Actions":[{"$type":"KaVE.Commons.Model.Events.VersionControlEvents.VersionControlAction, KaVE.Commons","ExecutedAt":"2015-10-27T21:24:11+01:00","ActionType":8}],"Solution":"0Sln:ThesisSSTDiff","IDESessionUUID":"fb8dac62-9c78-4f44-b53f-906002017d1a","KaVEVersion":"0.1004-Default","TriggeredAt":"2015-10-27T21:24:11+01:00","TriggeredBy":0,"Duration":"00:00:00","ActiveWindow":"0Win:vsWindowTypeDocument RealCasesViewer.xaml","ActiveDocument":"0Doc:XML \\DiffDisplay\\UI\\RealCasesViewer.xaml"}