{"$type":"KaVE.Commons.Model.Events.VersionControlEvents.VersionControlEvent, KaVE.Commons","Actions":[{"$type":"KaVE.Commons.Model.Events.VersionControlEvents.VersionControlAction, KaVE.Commons","ExecutedAt":"2015-11-03T19:22:07+01:00","ActionType":8}],"Solution":"0Sln:ThesisSSTDiff","IDESessionUUID":"62580599-2654-46ca-88a7-0f54686a7d5b","KaVEVersion":"0.1004-Default","TriggeredAt":"2015-11-03T19:22:07+01:00","TriggeredBy":0,"Duration":"00:00:00","ActiveWindow":"0Win:vsWindowTypeSolutionExplorer Solution Explorer"}