{"$type":"KaVE.Commons.Model.Events.VersionControlEvents.VersionControlEvent, KaVE.Commons","Actions":[{"$type":"KaVE.Commons.Model.Events.VersionControlEvents.VersionControlAction, KaVE.Commons","ExecutedAt":"2015-11-05T21:19:11+01:00","ActionType":2}],"Solution":"0Sln:ThesisSSTDiff","IDESessionUUID":"1ecf65aa-0d43-4559-af81-4d628edd9dad","KaVEVersion":"0.1004-Default","TriggeredAt":"2015-11-05T21:19:11+01:00","TriggeredBy":0,"Duration":"00:00:00","ActiveWindow":"0Win:vsWindowTypeSolutionExplorer Solution Explorer"}